Indent,Category,Source,report,2000 Corp,2001 Corp,2002 Corp,2003 Corp,2004 Corp,2005 Corp,2006 Corp,2007 Corp,2008 Corp,2009 Corp,2010 Corp,2011 Corp,2012 Corp,2013 Corp,2014 Corp,2015 Corp,2016 Corp,2000 Indv,2001 Indv,2002 Indv,2003 Indv,2004 Indv,2005 Indv,2006 Indv,2007 Indv,2008 Indv,2009 Indv,2010 Indv,2011 Indv,2012 Indv,2013 Indv,2014 Indv,2015 Indv,2016 Indv,Description/Expenditure Name,Notes
,Income security
#,$250 credit against income taxes owed for 2009,,,,,,,,,,,,,,,,,,,,,,,,,,,,,,,,,,,,,"<p>There is no definition available for this tax expenditure in the 2006, 2008, or 2010 Congressional Research Service's <em>Tax Expenditures: Compendium of Background Material on Individual Provisions</em>.</p>",
#+,,JCT,2011,,,,,,,,,,0.00,0.00,0.00,0.00,0.00,,,,,,,,,,,,,200.00,100.00,0.00,0.00,0.00,,,,$250 credit against income taxes owed for 2009,
#,401(k) plans,,,,,,,,,,,,,,,,,,,,,,,,,,,,,,,,,,,,,"Under the baseline tax system, all compensation, including deferred and dedicated payments, should be included in taxable income. In contrast, under current law individual taxpayers can make tax-preferred contributions to certain types of employer-provided 401(k) plans (and 401(k)-type plans like 403(b) plans and the Federal Government's Thrift Savings Plan). In 2009, an employee could exclude up to $16,500 (indexed) of wages from AGI under a qualified arrangement with an employer's 401(k) plan. Employees age 50 or over could exclude up to $22,000 in contributions (indexed). The tax on the investment income earned by 401(k)-type plans is deferred until withdrawn. </p>","Description from <a href=""http://www.gpoaccess.gov/usbudget/fy12/pdf/BUDGET-2012-PER.pdf"">Analytical Perspectives, Budget of the U.S. Government, Fiscal Year 2012.</a>"
#+,112,Treasury,2003,,0.00,0.00,0.00,0.00,0.00,0.00,0.00,,,,,,,,,,,44080.00,52960.00,59510.00,62770.00,65290.00,69230.00,73320.00,,,,,,,,,,401(k) plans,
#+,113,Treasury,2004,,,0.00,0.00,0.00,0.00,0.00,0.00,0.00,,,,,,,,,,,50830.00,52920.00,55290.00,57830.00,61490.00,65060.00,68030.00,,,,,,,,,401(k) plans,
#+,113,Treasury,2005,,,,0.00,0.00,0.00,0.00,0.00,0.00,0.00,,,,,,,,,,,51560.00,56740.00,58910.00,61340.00,65750.00,71080.00,75440.00,,,,,,,,401(k) plans,
#+,122,Treasury,2006,,,,,0.00,0.00,0.00,0.00,0.00,0.00,0.00,,,,,,,,,,,47730.00,45870.00,48140.00,51800.00,56140.00,60930.00,66400.00,,,,,,,401(k) plans,
#+,139,Treasury,2007,,,,,,0.00,0.00,0.00,0.00,0.00,0.00,0.00,,,,,,,,,,,37440.00,37330.00,39800.00,43100.00,48810.00,53870.00,47290.00,,,,,,401(k) plans,
#+,137,Treasury,2008,,,,,,,0.00,0.00,0.00,0.00,0.00,0.00,0.00,,,,,,,,,,,40760.00,42410.00,43970.00,45980.00,48550.00,54230.00,57690.00,,,,,401(k) plans,
#+,138,Treasury,2009,,,,,,,,0.00,0.00,0.00,0.00,0.00,0.00,0.00,,,,,,,,,,,46000.00,49000.00,51000.00,55000.00,68000.00,74000.00,77000.00,,,,401(k) plans,
#+,142,Treasury,2010,,,,,,,,,,,,,,,,,,,,,,,,,,47000.00,50000.00,53000.00,66000.00,72000.00,75000.00,77000.00,,,401(k) plans,
#+,147,Treasury,2011,,,,,,,,,,,,,,,,,,,,,,,,,,,44126.00,53549.00,67061.00,70168.00,72716.00,74712.00,76183.00,,401(k) plans,
#+,149,Treasury,2012,,,,,,,,,,,,,,,,,,,,,,,,,,,,52240.00,62850.00,67590.00,69060.00,71520.00,72880.00,75210.00,401(k) plans,
#,Additional exemption for housing Hurricane Katrina displaced individuals,,,,,,,,,,,,,,,,,,,,,,,,,,,,,,,,,,,,,"The tax rate schedule, including personal exemptions and the standard deduction, are part of the baseline tax system. Additional exemptions to targeted groups are not allowed. In contrast, the Tax Code provides additional exemption to persons displaced by natural disasters such as hurricane Katrina. </p>","Description from <a href=""http://www.gpoaccess.gov/usbudget/fy11/pdf/spec.pdf"">Analytical Perspectives, Budget of the U.S. Government, Fiscal Year 2011.</a>"
#+,152,Treasury,2007,,,,,,0.00,0.00,0.00,0.00,0.00,0.00,0.00,,,,,,,,,,,0.00,110.00,20.00,0.00,0.00,0.00,0.00,,,,,,Additional exemption for housing Hurricane Katrina displaced individuals,
#+,150,Treasury,2008,,,,,,,0.00,0.00,0.00,0.00,0.00,0.00,0.00,,,,,,,,,,,110.00,20.00,0.00,0.00,0.00,0.00,0.00,,,,,Additional exemption for housing Hurricane Katrina displaced individuals,
#+,151,Treasury,2009,,,,,,,,0.00,0.00,0.00,0.00,0.00,0.00,0.00,,,,,,,,,,,20.00,0.00,0.00,0.00,0.00,0.00,0.00,,,,Additional exemption for housing Hurricane Katrina displaced individuals,
#+,155,Treasury,2010,,,,,,,,,,,,,,,,,,,,,,,,,,20.00,10.00,0.00,0.00,0.00,0.00,0.00,,,Additional exemption for housing Hurricane Katrina displaced individuals,"The title for this tax expenditure is listed as ""Additional exemption for housing Hurricane Katrina displaced individuals"" in Table 16-1 (""Estimates of Total Income Tax Expenditures for Fiscal Years 2009-2015"") and as ""Additional exemption for housing disaster related displaced individuals"" in Table 16-2 (""Estimates of Tax Expenditures for the Corporate and Individual Income Taxes for Fiscal Years 2009-2015"").  Subsidyscope uses the titles found in Table 16-1. "
#+,160,Treasury,2011,,,,,,,,,,,,,,,,,,,,,,,,,,,10.00,0.00,0.00,0.00,0.00,0.00,0.00,,Additional exemption for housing Hurricane Katrina displaced individuals,"The title for this tax expenditure is listed as ""Additional exemption for housing Hurricane Katrina displaced individuals"" in Table 19-1 (""Estimates of Total Income Tax Expenditures for Fiscal Years 2008-2014"") and as ""Additional exemption for housing disaster related displaced individuals"" in Table 19-2 (""Estimates of Tax Expenditures for the Corporate and Individual Income Taxes for Fiscal Years 2008-2014"").  Subsidyscope uses the titles found in Table 19-1. "
#,Additional standard deduction for the blind and the elderly,,,,,,,,,,,,,,,,,,,,,,,,,,,,,,,,,,,,,,"Description from <a href=""http://www.gpoaccess.gov/usbudget/fy11/pdf/spec.pdf"">Analytical Perspectives, Budget of the U.S. Government, Fiscal Year 2011.</a>"
#+,,JCT,2001,0.00,0.00,0.00,0.00,,,,,,,,,,,,,,2000.00,2000.00,2100.00,2200.00,,,,,,,,,,,,,,Additional standard deduction for the blind and the elderly,
#+,,JCT,2002,0.00,0.00,0.00,0.00,0.00,,,,,,,,,,,,,2000.00,2100.00,2200.00,2200.00,2300.00,,,,,,,,,,,,,"<p>Additional deduction for the blind.&mdash;The tax rate schedule, including personal exemptions and the standard deduction, are part of the baseline tax system. Additional exemptions to targeted groups are not allowed. In contrast, the Tax Code provides taxpayers who are blind an additional $1,400 standard deduction if single, or $1,100 if married in 2009. </p><p>Additional deduction for the elderly.&mdash;The tax rate schedule, including personal exemptions and the standard deduction, are part of the baseline tax system. Additional exemptions to targeted groups are not allowed. In contrast, the Tax Code provides taxpayers who are 65 years or older an additional $1,400 standard deduction if single, or $1,100 if married in 2009. </p>",
#+,,JCT,2003,,0.00,0.00,0.00,0.00,0.00,,,,,,,,,,,,,2100.00,2200.00,2300.00,2400.00,2500.00,,,,,,,,,,,,Additional standard deduction for the blind and the elderly,
#+,,JCT,2004,,,0.00,0.00,0.00,0.00,0.00,,,,,,,,,,,,,2000.00,2100.00,2200.00,2300.00,2300.00,,,,,,,,,,,Additional standard deduction for the blind and the elderly,
#+,,JCT,2005,,,,0.00,0.00,0.00,0.00,0.00,,,,,,,,,,,,,2000.00,2100.00,2200.00,2300.00,2200.00,,,,,,,,,,Additional standard deduction for the blind and the elderly,
#+,,JCT,2006,,,,,0.00,0.00,0.00,0.00,0.00,0.00,,,,,,,,,,,,2000.00,2100.00,2300.00,2200.00,2200.00,,,,,,,,,Additional standard deduction for the blind and the elderly,
#+,,JCT,2007,,,,,,0.00,0.00,0.00,0.00,0.00,,,,,,,,,,,,,1800.00,1800.00,1700.00,1800.00,1900.00,,,,,,,,Additional standard deduction for the blind and the elderly,
#+,,JCT,2008,,,,,,,0.00,0.00,0.00,0.00,0.00,,,,,,,,,,,,,1600.00,1600.00,1700.00,1700.00,1800.00,,,,,,,Additional standard deduction for the blind and the elderly,
#+,,JCT,2009,,,,,,,,0.00,0.00,0.00,0.00,0.00,,,,,,,,,,,,,1700.00,1600.00,1700.00,1800.00,2200.00,,,,,,Additional standard deduction for the blind and the elderly,
#+,,JCT,2010,,,,,,,,,0.00,0.00,0.00,0.00,0.00,,,,,,,,,,,,,2000.00,1900.00,1800.00,2200.00,2600.00,,,,,Additional standard deduction for the blind and the elderly,
#+,,JCT,2011,,,,,,,,,,0.00,0.00,0.00,0.00,0.00,,,,,,,,,,,,,1700.00,1600.00,1900.00,2300.00,2500.00,,,,Additional standard deduction for the blind and the elderly,
#+,,JCT,2012,,,,,,,,,,,0.00,0.00,0.00,0.00,0.00,,,,,,,,,,,,,1800.00,2200.00,2700.00,2800.00,3000.00,,,Additional standard deduction for the blind and the elderly,
##,Additional deduction for the blind,,,,,,,,,,,,,,,,,,,,,,,,,,,,,,,,,,,,,,"Description from <a href=""http://www.gpoaccess.gov/usbudget/fy12/pdf/BUDGET-2012-PER.pdf"">Analytical Perspectives, Budget of the U.S. Government, Fiscal Year 2012.</a>"
##+,115,Treasury,2000,0.00,0.00,0.00,0.00,0.00,,,,,,,,,,,,,30.00,30.00,35.00,35.00,35.00,,,,,,,,,,,,,Additional deduction for the blind,
##+,116,Treasury,2001,0.00,0.00,0.00,0.00,0.00,0.00,,,,,,,,,,,,30.00,30.00,30.00,35.00,35.00,35.00,,,,,,,,,,,,Additional deduction for the blind,
##+,118,Treasury,2002,0.00,0.00,0.00,0.00,0.00,0.00,0.00,,,,,,,,,,,30.00,30.00,30.00,30.00,40.00,40.00,40.00,,,,,,,,,,,Additional deduction for the blind,
##+,121,Treasury,2003,,0.00,0.00,0.00,0.00,0.00,0.00,0.00,,,,,,,,,,,40.00,40.00,40.00,40.00,40.00,40.00,40.00,,,,,,,,,,Additional deduction for the blind,
##+,122,Treasury,2004,,,0.00,0.00,0.00,0.00,0.00,0.00,0.00,,,,,,,,,,,40.00,40.00,40.00,40.00,40.00,40.00,40.00,,,,,,,,,Additional deduction for the blind,
##+,122,Treasury,2005,,,,0.00,0.00,0.00,0.00,0.00,0.00,0.00,,,,,,,,,,,40.00,30.00,40.00,40.00,40.00,40.00,40.00,,,,,,,,Additional deduction for the blind,
##+,131,Treasury,2006,,,,,0.00,0.00,0.00,0.00,0.00,0.00,0.00,,,,,,,,,,,30.00,40.00,40.00,40.00,40.00,40.00,40.00,,,,,,,Additional deduction for the blind,
##+,147,Treasury,2007,,,,,,0.00,0.00,0.00,0.00,0.00,0.00,0.00,,,,,,,,,,,40.00,30.00,30.00,40.00,40.00,40.00,50.00,,,,,,Additional deduction for the blind,
##+,145,Treasury,2008,,,,,,,0.00,0.00,0.00,0.00,0.00,0.00,0.00,,,,,,,,,,,40.00,40.00,40.00,40.00,40.00,50.00,60.00,,,,,Additional deduction for the blind,
##+,146,Treasury,2009,,,,,,,,0.00,0.00,0.00,0.00,0.00,0.00,0.00,,,,,,,,,,,30.00,30.00,30.00,30.00,40.00,40.00,40.00,,,,Additional deduction for the blind,
##+,150,Treasury,2010,,,,,,,,,,,,,,,,,,,,,,,,,,40.00,30.00,30.00,40.00,50.00,50.00,50.00,,,Additional deduction for the blind,
##+,155,Treasury,2011,,,,,,,,,,,,,,,,,,,,,,,,,,,40.00,30.00,40.00,50.00,50.00,50.00,50.00,,Additional deduction for the blind,
##+,157,Treasury,2012,,,,,,,,,,,,,,,,,,,,,,,,,,,,30.00,40.00,40.00,50.00,50.00,50.00,50.00,Additional deduction for the blind,
##,Additional deduction for the elderly,,,,,,,,,,,,,,,,,,,,,,,,,,,,,,,,,,,,,,"Description from <a href=""http://www.gpoaccess.gov/usbudget/fy12/pdf/BUDGET-2012-PER.pdf"">Analytical Perspectives, Budget of the U.S. Government, Fiscal Year 2012.</a>"
##+,116,Treasury,2000,0.00,0.00,0.00,0.00,0.00,,,,,,,,,,,,,1740.00,1795.00,1880.00,1945.00,2020.00,,,,,,,,,,,,,Additional deduction for the elderly,
##+,117,Treasury,2001,0.00,0.00,0.00,0.00,0.00,0.00,,,,,,,,,,,,1830.00,1890.00,1955.00,1985.00,2030.00,2110.00,,,,,,,,,,,,Additional deduction for the elderly,
##+,119,Treasury,2002,0.00,0.00,0.00,0.00,0.00,0.00,0.00,,,,,,,,,,,1920.00,1990.00,2060.00,2130.00,2210.00,2260.00,2350.00,,,,,,,,,,,Additional deduction for the elderly,
##+,122,Treasury,2003,,0.00,0.00,0.00,0.00,0.00,0.00,0.00,,,,,,,,,,,1970.00,1890.00,1950.00,2060.00,2100.00,2150.00,2050.00,,,,,,,,,,Additional deduction for the elderly,
##+,123,Treasury,2004,,,0.00,0.00,0.00,0.00,0.00,0.00,0.00,,,,,,,,,,,1890.00,1950.00,2050.00,2120.00,2180.00,2110.00,2030.00,,,,,,,,,Additional deduction for the elderly,
##+,123,Treasury,2005,,,,0.00,0.00,0.00,0.00,0.00,0.00,0.00,,,,,,,,,,,1840.00,1710.00,1800.00,1900.00,1960.00,1920.00,1940.00,,,,,,,,Additional deduction for the elderly,
##+,132,Treasury,2006,,,,,0.00,0.00,0.00,0.00,0.00,0.00,0.00,,,,,,,,,,,1700.00,1810.00,1960.00,1940.00,1900.00,1930.00,1950.00,,,,,,,Additional deduction for the elderly,
##+,148,Treasury,2007,,,,,,0.00,0.00,0.00,0.00,0.00,0.00,0.00,,,,,,,,,,,1850.00,1740.00,1740.00,1880.00,1930.00,1980.00,2940.00,,,,,,Additional deduction for the elderly,
##+,146,Treasury,2008,,,,,,,0.00,0.00,0.00,0.00,0.00,0.00,0.00,,,,,,,,,,,1920.00,1830.00,1830.00,1910.00,2010.00,2890.00,3480.00,,,,,Additional deduction for the elderly,
##+,147,Treasury,2009,,,,,,,,0.00,0.00,0.00,0.00,0.00,0.00,0.00,,,,,,,,,,,1590.00,1610.00,1710.00,1850.00,2460.00,2920.00,3070.00,,,,Additional deduction for the elderly,
##+,151,Treasury,2010,,,,,,,,,,,,,,,,,,,,,,,,,,2250.00,1940.00,1940.00,2730.00,3290.00,3470.00,3570.00,,,Additional deduction for the elderly,
##+,156,Treasury,2011,,,,,,,,,,,,,,,,,,,,,,,,,,,2230.00,2030.00,2600.00,3100.00,3300.00,3550.00,3690.00,,Additional deduction for the elderly,
##+,158,Treasury,2012,,,,,,,,,,,,,,,,,,,,,,,,,,,,1890.00,2480.00,2980.00,3170.00,3400.00,3560.00,3590.00,Additional deduction for the elderly,
#,Deductibility of casualty losses,,,,,,,,,,,,,,,,,,,,,,,,,,,,,,,,,,,,,"Under the baseline tax system, neither the purchase of property nor insurance premiums to protect its value are deductible as costs of earning income. Therefore, reimbursement for insured loss of such property is not reportable as a part of gross income and uninsured losses not deductible. In contrast, the Tax Code provides a deduction for uninsured casualty and theft losses of more than $100 each, but only to the extent that total losses during the year exceed 10 percent of AGI. </p>","Description from <a href=""http://www.gpoaccess.gov/usbudget/fy12/pdf/BUDGET-2012-PER.pdf"">Analytical Perspectives, Budget of the U.S. Government, Fiscal Year 2012.</a>"
#+,,JCT,2001,0.00,0.00,0.00,0.00,,,,,,,,,,,,,,300.00,300.00,300.00,400.00,,,,,,,,,,,,,,Deduction for casualty and theft losses,
#+,,JCT,2002,0.00,0.00,0.00,0.00,0.00,,,,,,,,,,,,,200.00,200.00,300.00,300.00,300.00,,,,,,,,,,,,,Deduction for casualty and theft losses,
#+,,JCT,2003,,0.00,0.00,0.00,0.00,0.00,,,,,,,,,,,,,200.00,200.00,200.00,200.00,200.00,,,,,,,,,,,,Deduction for casualty and theft losses,
#+,,JCT,2004,,,0.00,0.00,0.00,0.00,0.00,,,,,,,,,,,,,200.00,200.00,200.00,200.00,200.00,,,,,,,,,,,Deduction for casualty and theft losses,
#+,,JCT,2005,,,,0.00,0.00,0.00,0.00,0.00,,,,,,,,,,,,,200.00,200.00,200.00,200.00,200.00,,,,,,,,,,Deduction for casualty and theft losses,
#+,,JCT,2006,,,,,0.00,0.00,0.00,0.00,0.00,,,,,,,,,,,,,200.00,200.00,200.00,200.00,200.00,,,,,,,,,Deduction for casualty and theft losses,
#+,,JCT,2007,,,,,,0.00,0.00,0.00,0.00,0.00,,,,,,,,,,,,,200.00,200.00,200.00,200.00,200.00,,,,,,,,Deduction for casualty and theft losses,
#+,,JCT,2008,,,,,,,0.00,0.00,0.00,0.00,0.00,,,,,,,,,,,,,700.00,800.00,300.00,300.00,300.00,,,,,,,Deduction for casualty and theft losses,
#+,,JCT,2009,,,,,,,,0.00,0.00,0.00,0.00,0.00,,,,,,,,,,,,,800.00,300.00,300.00,300.00,300.00,,,,,,Deduction for casualty and theft losses,
#+,,JCT,2010,,,,,,,,,0.00,0.00,0.00,0.00,0.00,,,,,,,,,,,,,200.00,200.00,200.00,200.00,300.00,,,,,Deduction for casualty and theft losses,
#+,,JCT,2011,,,,,,,,,,0.00,0.00,0.00,0.00,0.00,,,,,,,,,,,,,200.00,200.00,300.00,300.00,300.00,,,,Deduction for casualty and theft losses,
#+,,JCT,2012,,,,,,,,,,,0.00,0.00,0.00,0.00,0.00,,,,,,,,,,,,,200.00,300.00,300.00,300.00,300.00,,,Deduction for casualty and theft losses,
#+,118,Treasury,2000,0.00,0.00,0.00,0.00,0.00,,,,,,,,,,,,,245.00,255.00,270.00,280.00,290.00,,,,,,,,,,,,,Deductibility of casualty losses,
#+,119,Treasury,2001,0.00,0.00,0.00,0.00,0.00,0.00,,,,,,,,,,,,265.00,275.00,285.00,295.00,310.00,325.00,,,,,,,,,,,,Deductibility of casualty losses,
#+,121,Treasury,2002,0.00,0.00,0.00,0.00,0.00,0.00,0.00,,,,,,,,,,,230.00,250.00,260.00,280.00,290.00,300.00,320.00,,,,,,,,,,,Deductibility of casualty losses,
#+,124,Treasury,2003,,0.00,0.00,0.00,0.00,0.00,0.00,0.00,,,,,,,,,,,210.00,250.00,310.00,360.00,410.00,450.00,490.00,,,,,,,,,,Deductibility of casualty losses,
#+,125,Treasury,2004,,,0.00,0.00,0.00,0.00,0.00,0.00,0.00,,,,,,,,,,,280.00,400.00,420.00,440.00,460.00,500.00,540.00,,,,,,,,,Deductibility of casualty losses,
#+,125,Treasury,2005,,,,0.00,0.00,0.00,0.00,0.00,0.00,0.00,,,,,,,,,,,500.00,690.00,670.00,680.00,640.00,600.00,630.00,,,,,,,,Deductibility of casualty losses,
#+,134,Treasury,2006,,,,,0.00,0.00,0.00,0.00,0.00,0.00,0.00,,,,,,,,,,,550.00,250.00,270.00,280.00,290.00,300.00,320.00,,,,,,,Deductibility of casualty losses,
#+,150,Treasury,2007,,,,,,0.00,0.00,0.00,0.00,0.00,0.00,0.00,,,,,,,,,,,250.00,980.00,640.00,300.00,320.00,330.00,360.00,,,,,,Deductibility of casualty losses,
#+,148,Treasury,2008,,,,,,,0.00,0.00,0.00,0.00,0.00,0.00,0.00,,,,,,,,,,,260.00,280.00,300.00,310.00,320.00,350.00,370.00,,,,,Deductibility of casualty losses,
#+,149,Treasury,2009,,,,,,,,0.00,0.00,0.00,0.00,0.00,0.00,0.00,,,,,,,,,,,560.00,600.00,630.00,670.00,730.00,760.00,790.00,,,,Deductibility of casualty losses,
#+,153,Treasury,2010,,,,,,,,,,,,,,,,,,,,,,,,,,540.00,580.00,620.00,690.00,740.00,780.00,810.00,,,Deductibility of casualty losses,
#+,158,Treasury,2011,,,,,,,,,,,,,,,,,,,,,,,,,,,510.00,560.00,640.00,680.00,720.00,750.00,780.00,,Deductibility of casualty losses,
#+,160,Treasury,2012,,,,,,,,,,,,,,,,,,,,,,,,,,,,260.00,300.00,320.00,330.00,360.00,380.00,410.00,Deductibility of casualty losses,
#,Defined benefit plans,,,,,,,,,,,,,,,,,,,,,,,,,,,,,,,,,,,,,,"Description from <a href=""http://www.gpoaccess.gov/usbudget/fy12/pdf/BUDGET-2012-PER.pdf"">Analytical Perspectives, Budget of the U.S. Government, Fiscal Year 2012.</a>"
#+,,JCT,2010,,,,,,,,,0.00,0.00,0.00,0.00,0.00,,,,,,,,,,,,,42400.00,42800.00,42700.00,42600.00,42400.00,,,,,Defined benefit plans,
#+,,JCT,2011,,,,,,,,,,0.00,0.00,0.00,0.00,0.00,,,,,,,,,,,,,38400.00,37500.00,51500.00,66300.00,82000.00,,,,Defined benefit plans,Pattern differs from tax expenditure calculated in prior pamphlets because of economic conditions in 2008 and 2009. 
#+,,JCT,2012,,,,,,,,,,,0.00,0.00,0.00,0.00,0.00,,,,,,,,,,,,,38900.00,51900.00,62000.00,75800.00,74600.00,,,Defined benefit plans,Pattern differs from tax expenditure calculated in prior pamphlets because of economic conditions in 2008 and 2009. 
#,Defined contribution plans,,,,,,,,,,,,,,,,,,,,,,,,,,,,,,,,,,,,,,"Description from <a href=""http://www.gpoaccess.gov/usbudget/fy12/pdf/BUDGET-2012-PER.pdf"">Analytical Perspectives, Budget of the U.S. Government, Fiscal Year 2012.</a>"
#+,,JCT,2010,,,,,,,,,0.00,0.00,0.00,0.00,0.00,,,,,,,,,,,,,51200.00,55200.00,68100.00,77800.00,89100.00,,,,,Defined contribution plans,
#+,,JCT,2011,,,,,,,,,,0.00,0.00,0.00,0.00,0.00,,,,,,,,,,,,,32600.00,29600.00,32600.00,39800.00,49700.00,,,,Defined contribution plans,Pattern differs from tax expenditure calculated in prior pamphlets because of economic conditions in 2008 and 2009. 
#+,,JCT,2012,,,,,,,,,,,0.00,0.00,0.00,0.00,0.00,,,,,,,,,,,,,32500.00,38200.00,44100.00,49100.00,48300.00,,,Defined contribution plans,Pattern differs from tax expenditure calculated in prior pamphlets because of economic conditions in 2008 and 2009. 
#,Earned income tax credit  ,,,,,,,,,,,,,,,,,,,,,,,,,,,,,,,,,,,,,"The baseline tax system would not allow credits for particular activities or targeted at specific group. In contrast, the Tax Code provides an EITC to low-income workers at a maximum rate of 40 percent of income. For a family with one qualifying child, the credit is 34 percent of the first $8,950 of earned income in 2009. The credit is 40 percent of the first $12,570 of income for a family with two or more qualifying children. The credit is 45 percent of the first $12,570 of income for a family with three or more qualifying children. Low-income workers with no qualifying children are eligible for a 7.65 percent credit on the first $5,970 of earned income. The credit is phased out at income levels and rates which depend upon how many qualifying children are eligible and marital status. Earned income tax credits in excess of tax liabilities owed through the individual income tax system are refundable to individuals. </p>","Description from <a href=""http://www.gpoaccess.gov/usbudget/fy12/pdf/BUDGET-2012-PER.pdf"">Analytical Perspectives, Budget of the U.S. Government, Fiscal Year 2012.</a>"
#+,119,Treasury,2000,0.00,0.00,0.00,0.00,0.00,,,,,,,,,,,,,4971.00,5142.00,5275.00,5471.00,5672.00,,,,,,,,,,,,,Earned income tax credit,"The figures in the table indicate the effect of the earned income tax credit on receipts. The effect on outlays (in millions of dollars) is as follows: 1998 $23,239; 1999 $26,273; 2000 $26,882; 2001 $27,667; 2002 $28,632; 2003 $29,566; and 2004 $30,578."
#+,120,Treasury,2001,0.00,0.00,0.00,0.00,0.00,0.00,,,,,,,,,,,,4700.00,4790.00,4985.00,5205.00,5440.00,5740.00,,,,,,,,,,,,Earned income tax credit,"The figures in the table indicate the effect of the earned income tax credit on receipts. The effect on outlays (in millions of dollars) is as follows: 1999 $25,632; 2000 $25,676; 2001 $25,799; 2002 $26,876; 2003 $27,638; 2004 $28,701; and 2005 $29,722."
#+,122,Treasury,2002,0.00,0.00,0.00,0.00,0.00,0.00,0.00,,,,,,,,,,,4644.00,4692.00,4963.00,5225.00,5436.00,5688.00,5965.00,,,,,,,,,,,Earned income tax credit,"The figures in the table indicate the effect of the earned income tax credit on receipts. The effect of the credit on outlays (in millions of dollars) is as follows: 2000 $26,099; 2001 $25,923; 2002 $26,983; 2003 $27,875; 2004 $28,545; 2005 $29,373; and in 2006 $30,165."
#+,125,Treasury,2003,,0.00,0.00,0.00,0.00,0.00,0.00,0.00,,,,,,,,,,,4940.00,4370.00,4800.00,4930.00,5100.00,5180.00,5390.00,,,,,,,,,,Earned income tax credit,"The figures in the table indicate the effect of the earned income tax credit on receipts. The effect of the credit on outlays (in millions of dollars) is as follows: 2001 $26,120; 2002 $28,280; 2003 $30,630; 2004 $31,080; 2005 $31,720; 2006 $33,130; and 2007 $34,090."
#+,126,Treasury,2004,,,0.00,0.00,0.00,0.00,0.00,0.00,0.00,,,,,,,,,,,4450.00,4930.00,5090.00,5280.00,5410.00,5580.00,5790.00,,,,,,,,,Earned income tax credit,"The figures in the table indicate the effect of the earned income tax credit on receipts. The effect of the credit on outlays (in millions of dollars) is as follows: 2002 $27,830; 2003 $30,610; 2004 $31,380; 2005 $32,090; 2006 $33,450; 2007 $34,480; and 2008 $35,380."
#+,126,Treasury,2005,,,,0.00,0.00,0.00,0.00,0.00,0.00,0.00,,,,,,,,,,,5099.00,4884.00,5006.00,5477.00,5515.00,5603.00,5780.00,,,,,,,,Earned income tax credit,"The figures in the table indicate the effect of the earned income tax credit on receipts. The effect of the credit on outlays (in millions of dollars) is as follows: 2003 $31,961; 2004 $33,551; 2005 $34,148; 2006 $34,488; 2007 $34,338; 2008 $34,359; and 2009 $35,161."
#+,135,Treasury,2006,,,,,0.00,0.00,0.00,0.00,0.00,0.00,0.00,,,,,,,,,,,4893.00,4983.00,5423.00,5168.00,5287.00,5480.00,5597.00,,,,,,,Earned income tax credit,"The figures in the table indicate the effect of the earned income tax credit on receipts. The effect of the credit on outlays (in millions of dollars) is as follows: 2004 $33,134;2005 $33,790; 2006 $34,132; 2007 $34,481; 2008 $34,723; 2009 $35,517; and 2010 $36,099."
#+,151,Treasury,2007,,,,,,0.00,0.00,0.00,0.00,0.00,0.00,0.00,,,,,,,,,,,4925.00,5050.00,5150.00,5445.00,5640.00,5810.00,6070.00,,,,,,Earned income tax credit,"The figures in the table indicate the effect of the earned income tax credit on receipts. The effect of the credit on outlays (in millions of dollars) is as follows: 2005 $34,559;2006 $35,098; 2007 $35,645; 2008 $36,955; 2009 $38,048; 2010 $38,823; and 2011 $40,278."
#+,149,Treasury,2008,,,,,,,0.00,0.00,0.00,0.00,0.00,0.00,0.00,,,,,,,,,,,5050.00,5360.00,5340.00,5490.00,5660.00,5890.00,7900.00,,,,,Earned income tax credit,"The figures in the table indicate the effect of the earned income tax credit on receipts. The effect of the credit on outlays (in millions of dollars) is as follows: 2006 $36,166;2007 $36,461; 2008 $37,573; 2009 $38,237; 2010 $38,994; 2011 $40,289; and 2012 $36,982."
#+,150,Treasury,2009,,,,,,,,0.00,0.00,0.00,0.00,0.00,0.00,0.00,,,,,,,,,,,4990.00,5200.00,5440.00,5720.00,5860.00,7890.00,8170.00,,,,Earned income tax credit,"The figures in the table indicate the effect of the earned income tax credit on receipts. The effect of the credit on outlays (in millions of dollars) is as follows: 2007 $38,270;2008 $39,460; 2009 $41,020; 2010 $42,940; 2011 $43,460; 2012 $39,890; and 2013 $40,850."
#+,154,Treasury,2010,,,,,,,,,,,,,,,,,,,,,,,,,,5380.00,5740.00,6130.00,6390.00,8530.00,8790.00,9140.00,,,Earned income tax credit ,"The figures in the table indicate the effect of the earned income tax credit on receipts. The effect of the credit on outlays (in millions of dollars) is as follows: 2008 $45,280; 2009 $42,270; 2010 $49,730; 2011 $50,950; 2012 $45,840; 2013 $46,670; and 2014 $47,970."
#+,159,Treasury,2011,,,,,,,,,,,,,,,,,,,,,,,,,,,4420.00,6190.00,6200.00,8380.00,8540.00,8790.00,9090.00,,Earned income tax credit  ,"The figures in the table indicate the effect of the earned income tax credit on receipts.  The effect of the credit on outlays (in millions of dollars) is as follows: 2009 $44,370;  2010 $51,500; 2011 $51,450; 2012 $43,980; 2013 $43,860; 2014 $44,130; and 2015 $44,380."
#+,161,Treasury,2012,,,,,,,,,,,,,,,,,,,,,,,,,,,,4910.00,7510.00,8500.00,8730.00,9020.00,9260.00,9550.00,Earned income tax credit  ,
##,Earned income credit ,,,,,,,,,,,,,,,,,,,,,,,,,,,,,,,,,,,,,,"Description from <a href=""http://www.gpoaccess.gov/usbudget/fy12/pdf/BUDGET-2012-PER.pdf"">Analytical Perspectives, Budget of the U.S. Government, Fiscal Year 2012.</a>"
##+,,JCT,2001,0.00,0.00,0.00,0.00,,,,,,,,,,,,,,4300.00,4500.00,4600.00,4700.00,,,,,,,,,,,,,,Earned income credit (EIC),"The figures in the table show the effect of the earned income credit on receipts. The increase in outlays is: $25.6 billion in 1999, $26.2 billion in 2000, $26.8 billion in 2001, $27.3 billion in 2002, and $27.9 billion in 2003. "
##+,,JCT,2002,0.00,0.00,0.00,0.00,0.00,,,,,,,,,,,,,4000.00,4100.00,4100.00,4400.00,4400.00,,,,,,,,,,,,,Earned income credit (EIC) (),"The figures in the table show the effect of the earned income credit on receipts. The increase in outlays is: $25.8 billion in 2000, $26.2 billion in 2001, $27.0 billion in 2002, $27.4 billion in 2003, and $28.1 billion in 2004. "
##+,,JCT,2003,,0.00,0.00,0.00,0.00,0.00,,,,,,,,,,,,,4200.00,4300.00,4300.00,4400.00,4500.00,,,,,,,,,,,,Earned income credit (EIC) ,"The figures in the table show the effect of the earned income credit on receipts. The increase in outlays is: $0.8 billion in 2001, $0.8 billion in 2002, $0.8 billion in 2003, $0.8 billion in 2004, and $0.8 billion in 2005. "
##+,,JCT,2004,,,0.00,0.00,0.00,0.00,0.00,,,,,,,,,,,,,33700.00,35000.00,35700.00,36200.00,37000.00,,,,,,,,,,,Earned income credit (EIC) ,"The amount of refundable child tax credit and earned income tax credit used to offset taxes other than income tax or paid out as refunds is: $38.5 billion in 2002, $39.5 billion in 2003, $40.2 billion in 2004, $40.5 billion in 2005, and $43.4 billion in 2006."
##+,,JCT,2005,,,,0.00,0.00,0.00,0.00,0.00,,,,,,,,,,,,,34100.00,34600.00,35900.00,36800.00,37300.00,,,,,,,,,,Earned income credit (EIC) ,"The amount of refundable child tax credit and earned income tax credit used to offset taxes other than income tax or paid out as refunds is: $38.1 billion in 2003, $37.9 billion in 2004, $38.5 billion in 2005, $ 41.7 billion in 2006, and $42.3 billion 2007."
##+,,JCT,2006,,,,,0.00,0.00,0.00,0.00,0.00,,,,,,,,,,,,,34100.00,35400.00,36100.00,36600.00,37400.00,,,,,,,,,Earned income credit (EIC) ,"The expenditure estimate includes refundable amounts, amounts used to offset income taxes, and amounts used to offset other taxes.The amount of refundable child tax credit and earned income tax cred used to offset taxes other than income tax or paid out as refunds is: $44.3 billion in 2004, $44.8 billion in 2005, $42.6 billion in 2006, $42.7 billion 2007, and $42.9 billion in 2008."
##+,,JCT,2007,,,,,,0.00,0.00,0.00,0.00,0.00,,,,,,,,,,,,,39000.00,39000.00,38800.00,39000.00,39300.00,,,,,,,,Earned income credit (EIC) ,"Tax expenditure estimates includes refundable amounts, amounts used to offset income taxes, and amounts used to offset other taxes. The amount of refundable child tax credit and earned income tax credit used to offset taxes other than income tax or paid out as refunds is: $51.5 billion in 2005, $51.9 billion in 2006, $51.0 billion in 2007, $50.6 billion in 2008, and $50.7 billion in 2009."
##+,,JCT,2008,,,,,,,0.00,0.00,0.00,0.00,0.00,,,,,,,,,,,,,42100.00,42800.00,43500.00,44500.00,45400.00,,,,,,,Earned income credit (EIC),
##+,,JCT,2009,,,,,,,,0.00,0.00,0.00,0.00,0.00,,,,,,,,,,,,,44700.00,46500.00,47900.00,48900.00,46900.00,,,,,,Earned income credit (EIC),
##+,,JCT,2011,,,,,,,,,,0.00,0.00,0.00,0.00,0.00,,,,,,,,,,,,,52800.00,55100.00,51300.00,50600.00,51400.00,,,,Earned income credit ,"Estimate includes refundability associated with the outlay effects found on page 46 of the JCT FY2011 <a href=""http://www.jct.gov/publications.html?func=startdown&id=3642""><em>Estimates of Federal Tax Expenditures</em>.</a> "
##+,,JCT,2012,,,,,,,,,,,0.00,0.00,0.00,0.00,0.00,,,,,,,,,,,,,56200.00,52400.00,52500.00,53600.00,54000.00,,,Earned income credit ,"Estimate includes refundability associated with the outlay effects found on page 52 of the JCT FY2012 <a href="" http://www.jct.gov/publications.html?func=startdown&id=3718""><em>Estimates of Federal Tax Expenditures</em>.</a"
##,Nonrefundable earned income credit ,,,,,,,,,,,,,,,,,,,,,,,,,,,,,,,,,,,,,,"Description from <a href=""http://www.gpoaccess.gov/usbudget/fy12/pdf/BUDGET-2012-PER.pdf"">Analytical Perspectives, Budget of the U.S. Government, Fiscal Year 2012.</a>"
##+,,JCT,2010,,,,,,,,,0.00,0.00,0.00,0.00,0.00,,,,,,,,,,,,,6200.00,6300.00,6400.00,7900.00,8700.00,,,,,Nonrefundable earned income credit ,"The refundable amount associated with this tax expenditure can be found on page 50 in the JCT's FY2010 <a href=""http://www.jct.gov/publications.html?func=startdown&id=3642""><em>Estimates of Federal Tax Expenditures</em>.</a>"
##,Refundable earned income credit,,,,,,,,,,,,,,,,,,,,,,,,,,,,,,,,,,,,,,"Description from <a href=""http://www.gpoaccess.gov/usbudget/fy12/pdf/BUDGET-2012-PER.pdf"">Analytical Perspectives, Budget of the U.S. Government, Fiscal Year 2012.</a>"
##+,,JCT,2010,,,,,,,,,0.00,0.00,0.00,0.00,0.00,,,,,,,,,,,,,42400.00,44300.00,45300.00,41700.00,41000.00,,,,,Refundable earned income credit,"The nonrefundable amount associated with this tax expenditure can be found in Table 2 in the JCTs FY2010 <a href=""http://www.jct.gov/publications.html?func=startdown&id=3642""><em>Estimates of Federal Tax Expenditures</em>.</a>"
#,Employer plans,,,,,,,,,,,,,,,,,,,,,,,,,,,,,,,,,,,,,"Under the baseline tax system, all compensation, including deferred and dedicated payments, should be included in taxable income. In contrast, under current law certain employer contributions to pension plans are excluded from an employee's gross income even though the employer can deduct the contributions. In addition, the tax on the investment income earned by the pension plans is deferred until the money is withdrawn. </p>","Description from <a href=""http://www.gpoaccess.gov/usbudget/fy12/pdf/BUDGET-2012-PER.pdf"">Analytical Perspectives, Budget of the U.S. Government, Fiscal Year 2012.</a>"
#+,,JCT,2001,0.00,0.00,0.00,0.00,,,,,,,,,,,,,,78300.00,78200.00,78100.00,78400.00,,,,,,,,,,,,,,,
#+,,JCT,2002,0.00,0.00,0.00,0.00,0.00,,,,,,,,,,,,,76000.00,80700.00,83600.00,86500.00,89300.00,,,,,,,,,,,,,Employer plans,
#+,,JCT,2003,,0.00,0.00,0.00,0.00,0.00,,,,,,,,,,,,,85000.00,84100.00,82400.00,83900.00,87400.00,,,,,,,,,,,,Employer plans,
#+,,JCT,2004,,,0.00,0.00,0.00,0.00,0.00,,,,,,,,,,,,,87900.00,87700.00,86700.00,89100.00,93500.00,,,,,,,,,,,Employer plans,
#+,,JCT,2005,,,,0.00,0.00,0.00,0.00,0.00,,,,,,,,,,,,,83500.00,94700.00,99700.00,104900.00,110300.00,,,,,,,,,,Employer plans,
#+,,JCT,2006,,,,,0.00,0.00,0.00,0.00,0.00,,,,,,,,,,,,,94600.00,99300.00,104200.00,109400.00,114800.00,,,,,,,,,Employer plans,
#+,,JCT,2007,,,,,,0.00,0.00,0.00,0.00,0.00,,,,,,,,,,,,,102800.00,107900.00,113300.00,118900.00,124800.00,,,,,,,,Employer plans,
#+,,JCT,2008,,,,,,,0.00,0.00,0.00,0.00,0.00,,,,,,,,,,,,,104100.00,110200.00,115200.00,120800.00,126700.00,,,,,,,Employer plans,
#+,,JCT,2009,,,,,,,,0.00,0.00,0.00,0.00,0.00,,,,,,,,,,,,,108600.00,114100.00,120400.00,126700.00,137500.00,,,,,,Employer plans,
#,Employer plans,,,,,,,,,,,,,,,,,,,,,,,,,,,,,,,,,,,,,"Under the baseline tax system, all compensation, including deferred and dedicated payments, should be included in taxable income. In contrast, under current law certain employer contributions to pension plans are excluded from an employee's gross income even though the employer can deduct the contributions. In addition, the tax on the investment income earned by the pension plans is deferred until the money is withdrawn. </p>","Description from <a href=""http://www.gpoaccess.gov/usbudget/fy12/pdf/BUDGET-2012-PER.pdf"">Analytical Perspectives, Budget of the U.S. Government, Fiscal Year 2012.</a>"
#+,108,Treasury,2000,0.00,0.00,0.00,0.00,0.00,,,,,,,,,,,,,84350.00,86670.00,89155.00,91810.00,94455.00,,,,,,,,,,,,,Employer plans,
#+,109,Treasury,2001,0.00,0.00,0.00,0.00,0.00,0.00,,,,,,,,,,,,88830.00,92390.00,97085.00,102575.00,108020.00,113705.00,,,,,,,,,,,,Employer plans,
#+,111,Treasury,2002,0.00,0.00,0.00,0.00,0.00,0.00,0.00,,,,,,,,,,,89120.00,93220.00,97510.00,103010.00,108480.00,114220.00,121990.00,,,,,,,,,,,Employer plans,
#+,111,Treasury,2003,,0.00,0.00,0.00,0.00,0.00,0.00,0.00,,,,,,,,,,,42070.00,48070.00,53080.00,54500.00,55630.00,58980.00,63320.00,,,,,,,,,,Employer plans,
#+,112,Treasury,2004,,,0.00,0.00,0.00,0.00,0.00,0.00,0.00,,,,,,,,,,,51260.00,63480.00,67870.00,70540.00,73200.00,67500.00,61440.00,,,,,,,,,Employer plans,
#+,112,Treasury,2005,,,,0.00,0.00,0.00,0.00,0.00,0.00,0.00,,,,,,,,,,,59480.00,59380.00,61740.00,66340.00,62650.00,58360.00,60440.00,,,,,,,,Employer plans,
#+,121,Treasury,2006,,,,,0.00,0.00,0.00,0.00,0.00,0.00,0.00,,,,,,,,,,,46970.00,50330.00,51050.00,52570.00,47530.00,45310.00,44570.00,,,,,,,Employer plans,
#+,138,Treasury,2007,,,,,,0.00,0.00,0.00,0.00,0.00,0.00,0.00,,,,,,,,,,,50630.00,50360.00,52470.00,48100.00,45760.00,44760.00,36910.00,,,,,,Employer plans,
#+,136,Treasury,2008,,,,,,,0.00,0.00,0.00,0.00,0.00,0.00,0.00,,,,,,,,,,,49040.00,49510.00,48480.00,48030.00,46350.00,43700.00,42790.00,,,,,Employer plans,
#+,137,Treasury,2009,,,,,,,,0.00,0.00,0.00,0.00,0.00,0.00,0.00,,,,,,,,,,,47060.00,46120.00,45670.00,44370.00,42420.00,42230.00,41620.00,,,,Employer plans,
#+,141,Treasury,2010,,,,,,,,,,,,,,,,,,,,,,,,,,46120.00,45670.00,44370.00,42420.00,42230.00,41620.00,43600.00,,,Employer plans,
#+,146,Treasury,2011,,,,,,,,,,,,,,,,,,,,,,,,,,,40670.00,41360.00,44630.00,47870.00,49050.00,51950.00,53980.00,,Employer plans,
#+,148,Treasury,2012,,,,,,,,,,,,,,,,,,,,,,,,,,,,39580.00,42200.00,45230.00,46460.00,49460.00,51620.00,53200.00,Employer plans,
#,Exclusion of cancellation of indebtedness income of Hurricane Katrina victims,,,,,,,,,,,,,,,,,,,,,,,,,,,,,,,,,,,,,"<p>There is no definition available for this tax expenditure in the 2006, 2008, or 2010 Congressional Research Service's <em>Tax Expenditures: Compendium of Background Material on Individual Provisions</em>.</p>","Description from <a href=""http://www.gpoaccess.gov/usbudget/fy12/pdf/BUDGET-2012-PER.pdf"">Analytical Perspectives, Budget of the U.S. Government, Fiscal Year 2012.</a>"
#+,,JCT,2008,,,,,,,0.00,0.00,0.00,0.00,0.00,,,,,,,,,,,,,200.00,100.00,0.00,0.00,0.00,,,,,,,Exclusion of cancellation of indebtedness income of Hurricane Katrina victims,
#,Exclusion of damages on account of personal physical injuries or physical sickness,,,,,,,,,,,,,,,,,,,,,,,,,,,,,,,,,,,,,"<p>Damages paid, through either a court award or a settlement, to compensate for physical injury and sickness are not included in income of the recipient. This exclusion applies to both lump-sum payments and periodic payments. It does not apply to punitive damages  except in certain cases where states only permit punitive damage awards. Nor does the exclusion apply to compensation for discrimination or emotional distress.</p>","Description adapted from <a href=""http://www.gpo.gov/fdsys/pkg/CPRT-111SPRT62799/pdf/CPRT-111SPRT62799.pdff""><em>Tax Expenditures: Compendium of Background Materials on Individual Provisions</em></a>, Congressional Research Service, December 2010, Washington, DC: U.S. Government Printing Office."
#+,,JCT,2004,,,0.00,0.00,0.00,0.00,0.00,,,,,,,,,,,,,1400.00,1400.00,1400.00,1400.00,1400.00,,,,,,,,,,,Exclusion of damages on account of personal physical injuries or physical sickness,
#+,,JCT,2005,,,,0.00,0.00,0.00,0.00,0.00,,,,,,,,,,,,,1400.00,1400.00,1400.00,1400.00,1700.00,,,,,,,,,,Exclusion of damages on account of personal physical injuries or physical sickness,
#+,,JCT,2006,,,,,0.00,0.00,0.00,0.00,0.00,,,,,,,,,,,,,1400.00,1400.00,1400.00,1500.00,1500.00,,,,,,,,,Exclusion of damages on account of personal physical injuries or physical sickness,
#+,,JCT,2007,,,,,,0.00,0.00,0.00,0.00,0.00,,,,,,,,,,,,,1400.00,1400.00,1500.00,1500.00,1500.00,,,,,,,,Exclusion of damages on account of personal physical injuries or physical sickness,
#+,,JCT,2008,,,,,,,0.00,0.00,0.00,0.00,0.00,,,,,,,,,,,,,1400.00,1500.00,1500.00,1500.00,1500.00,,,,,,,Exclusion of damages on account of personal physical injuries or physical sickness,
#+,,JCT,2009,,,,,,,,0.00,0.00,0.00,0.00,0.00,,,,,,,,,,,,,1500.00,1500.00,1500.00,1500.00,1600.00,,,,,,Exclusion of damages on account of personal physical injuries or physical sickness,
#+,,JCT,2010,,,,,,,,,0.00,0.00,0.00,0.00,0.00,,,,,,,,,,,,,1500.00,1500.00,1500.00,1600.00,1600.00,,,,,Exclusion of damages on account of personal physical injuries or physical sickness,
#+,,JCT,2011,,,,,,,,,,0.00,0.00,0.00,0.00,0.00,,,,,,,,,,,,,1500.00,1500.00,1600.00,1600.00,1600.00,,,,Exclusion of damages on account of personal physical injuries or physical sickness,
#+,,JCT,2012,,,,,,,,,,,0.00,0.00,0.00,0.00,0.00,,,,,,,,,,,,,1500.00,1600.00,1600.00,1600.00,1600.00,,,Exclusion of damages on account of personal physical injuries or physical sickness,
#,Exclusion of disaster mitigation payments,,,,,,,,,,,,,,,,,,,,,,,,,,,,,,,,,,,,,"<p>Payments made for disaster mitigation (that is, payments made to mitigate damages for future hazards) under the Robert T. Stafford Disaster Relief and Emergency Insurance Act or the National Flood Insurance Act are excluded from income. Gain from the sale of property is not eligible, but sale under a disaster mitigation program is treated as an involuntary conversion, with deferral of gain pending replacement. The basis of any property is not increased as a result of improvements due to disaster mitigation payments.</p>","Description adapted from <a href=""http://www.gpo.gov/fdsys/pkg/CPRT-111SPRT62799/pdf/CPRT-111SPRT62799.pdff""><em>Tax Expenditures: Compendium of Background Materials on Individual Provisions</em></a>, Congressional Research Service, December 2010, Washington, DC: U.S. Government Printing Office."
#+,,JCT,2009,,,,,,,,<50,<50,<50,<50,<50,,,,,,,,,,,,,<50,<50,<50,<50,<50,,,,,,Exclusion of disaster mitigation payments,
#+,,JCT,2010,,,,,,,,,<50,<50,<50,<50,<50,,,,,,,,,,,,,<50,<50,<50,<50,<50,,,,,Exclusion of disaster mitigation payments,
#+,,JCT,2011,,,,,,,,,,<50,<50,<50,<50,<50,,,,,,,,,,,,,<50,<50,<50,<50,<50,,,,Exclusion of disaster mitigation payments,
#+,,JCT,2012,,,,,,,,,,,<50,<50,<50,<50,<50,,,,,,,,,,,,,<50,<50,<50,<50,<50,,,Exclusion of disaster mitigation payments,
#,Exclusion of military disability pensions,,,,,,,,,,,,,,,,,,,,,,,,,,,,,,,,,,,,,"Under the baseline tax system, all compensation, including dedicated payments and in-kind benefits, should be included in taxable income. In contrast, most of the military pension income received by current disabled retired veterans is excluded from their income subject to tax. </p>","Description from <a href=""http://www.gpoaccess.gov/usbudget/fy12/pdf/BUDGET-2012-PER.pdf"">Analytical Perspectives, Budget of the U.S. Government, Fiscal Year 2012.</a>"
#+,107,Treasury,2000,0.00,0.00,0.00,0.00,0.00,,,,,,,,,,,,,130.00,135.00,140.00,140.00,145.00,,,,,,,,,,,,,Exclusion of military disability pensions,
#+,108,Treasury,2001,0.00,0.00,0.00,0.00,0.00,0.00,,,,,,,,,,,,130.00,135.00,140.00,140.00,145.00,150.00,,,,,,,,,,,,Exclusion of military disability pensions,
#+,110,Treasury,2002,0.00,0.00,0.00,0.00,0.00,0.00,0.00,,,,,,,,,,,120.00,120.00,130.00,130.00,130.00,140.00,140.00,,,,,,,,,,,Exclusion of military disability pensions,
#+,110,Treasury,2003,,0.00,0.00,0.00,0.00,0.00,0.00,0.00,,,,,,,,,,,110.00,120.00,120.00,120.00,130.00,130.00,140.00,,,,,,,,,,Exclusion of military disability pensions,
#+,111,Treasury,2004,,,0.00,0.00,0.00,0.00,0.00,0.00,0.00,,,,,,,,,,,110.00,110.00,120.00,120.00,130.00,130.00,140.00,,,,,,,,,Exclusion of military disability pensions,
#+,111,Treasury,2005,,,,0.00,0.00,0.00,0.00,0.00,0.00,0.00,,,,,,,,,,,100.00,110.00,110.00,110.00,110.00,120.00,120.00,,,,,,,,Exclusion of military disability pensions,
#+,120,Treasury,2006,,,,,0.00,0.00,0.00,0.00,0.00,0.00,0.00,,,,,,,,,,,100.00,100.00,110.00,110.00,110.00,120.00,120.00,,,,,,,Exclusion of military disability pensions,
#+,137,Treasury,2007,,,,,,0.00,0.00,0.00,0.00,0.00,0.00,0.00,,,,,,,,,,,100.00,110.00,110.00,120.00,120.00,130.00,130.00,,,,,,Exclusion of military disability pensions,
#+,135,Treasury,2008,,,,,,,0.00,0.00,0.00,0.00,0.00,0.00,0.00,,,,,,,,,,,110.00,110.00,120.00,130.00,130.00,140.00,150.00,,,,,Exclusion of military disability pensions,
#+,136,Treasury,2009,,,,,,,,0.00,0.00,0.00,0.00,0.00,0.00,0.00,,,,,,,,,,,100.00,110.00,130.00,150.00,180.00,220.00,260.00,,,,Exclusion of military disability pensions,
#+,140,Treasury,2010,,,,,,,,,,,,,,,,,,,,,,,,,,110.00,130.00,150.00,180.00,220.00,260.00,320.00,,,Exclusion of military disability pensions,
#+,145,Treasury,2011,,,,,,,,,,,,,,,,,,,,,,,,,,,110.00,110.00,110.00,110.00,110.00,110.00,120.00,,Exclusion of military disability pensions,
#+,147,Treasury,2012,,,,,,,,,,,,,,,,,,,,,,,,,,,,110.00,110.00,110.00,110.00,110.00,110.00,110.00,Exclusion of military disability pensions,
#,Exclusion of public assistance benefits (normal tax method),,,,,,,,,,,,,,,,,,,,,,,,,,,,,,,,,,,,,"Under the reference law baseline tax system, gifts and transfers are not treated as income to the recipients. In contrast, the normal tax method considers cash transfers from the Government as part of the recipients' income, and thus, treats the exclusion for public assistance benefits under current law as tax expenditure. </p>","Description from <a href=""http://www.gpoaccess.gov/usbudget/fy12/pdf/BUDGET-2012-PER.pdf"">Analytical Perspectives, Budget of the U.S. Government, Fiscal Year 2012.</a>"
#+,,JCT,2001,0.00,0.00,0.00,0.00,,,,,,,,,,,,,,500.00,500.00,500.00,500.00,,,,,,,,,,,,,,Exclusion of cash public assistance benefits,
#+,,JCT,2002,0.00,0.00,0.00,0.00,0.00,,,,,,,,,,,,,700.00,700.00,700.00,800.00,800.00,,,,,,,,,,,,,Exclusion of cash public assistance benefits,
#+,,JCT,2003,,0.00,0.00,0.00,0.00,0.00,,,,,,,,,,,,,700.00,700.00,800.00,800.00,800.00,,,,,,,,,,,,Exclusion of cash public assistance benefits,
#+,,JCT,2004,,,0.00,0.00,0.00,0.00,0.00,,,,,,,,,,,,,700.00,700.00,700.00,700.00,700.00,,,,,,,,,,,Exclusion of cash public assistance benefits,
#+,,JCT,2005,,,,0.00,0.00,0.00,0.00,0.00,,,,,,,,,,,,,3000.00,3200.00,3300.00,3500.00,3600.00,,,,,,,,,,Exclusion of cash public assistance benefits,
#+,,JCT,2006,,,,,0.00,0.00,0.00,0.00,0.00,,,,,,,,,,,,,3200.00,3300.00,3500.00,3600.00,3600.00,,,,,,,,,Exclusion of cash public assistance benefits,
#+,,JCT,2007,,,,,,0.00,0.00,0.00,0.00,0.00,,,,,,,,,,,,,2500.00,2600.00,2700.00,2700.00,2800.00,,,,,,,,Exclusion of cash public assistance benefits,
#+,,JCT,2008,,,,,,,0.00,0.00,0.00,0.00,0.00,,,,,,,,,,,,,3400.00,3600.00,3700.00,3900.00,4000.00,,,,,,,Exclusion of cash public assistance benefits,
#+,,JCT,2009,,,,,,,,0.00,0.00,0.00,0.00,0.00,,,,,,,,,,,,,2900.00,3000.00,3000.00,3100.00,3400.00,,,,,,Exclusion of cash public assistance benefits,
#+,,JCT,2010,,,,,,,,,0.00,0.00,0.00,0.00,0.00,,,,,,,,,,,,,3000.00,3000.00,3100.00,3400.00,4400.00,,,,,Exclusion of cash public assistance benefits,
#+,,JCT,2011,,,,,,,,,,0.00,0.00,0.00,0.00,0.00,,,,,,,,,,,,,3000.00,3100.00,3400.00,4400.00,4900.00,,,,Exclusion of cash public assistance benefits,
#+,,JCT,2012,,,,,,,,,,,0.00,0.00,0.00,0.00,0.00,,,,,,,,,,,,,3100.00,3400.00,4400.00,4900.00,5000.00,,,Exclusion of cash public assistance benefits,
#+,105,Treasury,2000,0.00,0.00,0.00,0.00,0.00,,,,,,,,,,,,,360.00,375.00,390.00,405.00,420.00,,,,,,,,,,,,,Exclusion of public assistance benefits (normal tax method),
#+,106,Treasury,2001,0.00,0.00,0.00,0.00,0.00,0.00,,,,,,,,,,,,360.00,375.00,390.00,405.00,420.00,435.00,,,,,,,,,,,,Exclusion of public assistance benefits (normal tax method),
#+,108,Treasury,2002,0.00,0.00,0.00,0.00,0.00,0.00,0.00,,,,,,,,,,,360.00,370.00,390.00,400.00,420.00,430.00,450.00,,,,,,,,,,,Exclusion of public assistance benefits (normal tax method),
#+,108,Treasury,2003,,0.00,0.00,0.00,0.00,0.00,0.00,0.00,,,,,,,,,,,370.00,380.00,400.00,410.00,430.00,450.00,470.00,,,,,,,,,,Exclusion of public assistance benefits (normal tax method),
#+,109,Treasury,2004,,,0.00,0.00,0.00,0.00,0.00,0.00,0.00,,,,,,,,,,,380.00,400.00,410.00,430.00,450.00,470.00,440.00,,,,,,,,,Exclusion of public assistance benefits (normal tax method),
#+,109,Treasury,2005,,,,0.00,0.00,0.00,0.00,0.00,0.00,0.00,,,,,,,,,,,400.00,410.00,430.00,450.00,470.00,490.00,510.00,,,,,,,,Exclusion of public assistance benefits (normal tax method),
#+,118,Treasury,2006,,,,,0.00,0.00,0.00,0.00,0.00,0.00,0.00,,,,,,,,,,,410.00,430.00,450.00,470.00,490.00,510.00,480.00,,,,,,,Exclusion of public assistance benefits (normal tax method),
#+,135,Treasury,2007,,,,,,0.00,0.00,0.00,0.00,0.00,0.00,0.00,,,,,,,,,,,430.00,450.00,470.00,490.00,510.00,530.00,550.00,,,,,,Exclusion of public assistance benefits (normal tax method),
#+,133,Treasury,2008,,,,,,,0.00,0.00,0.00,0.00,0.00,0.00,0.00,,,,,,,,,,,450.00,470.00,490.00,510.00,530.00,550.00,580.00,,,,,Exclusion of public assistance benefits (normal tax method),
#+,134,Treasury,2009,,,,,,,,0.00,0.00,0.00,0.00,0.00,0.00,0.00,,,,,,,,,,,470.00,490.00,510.00,530.00,550.00,580.00,600.00,,,,Exclusion of public assistance benefits (normal tax method),
#+,138,Treasury,2010,,,,,,,,,,,,,,,,,,,,,,,,,,560.00,590.00,620.00,650.00,690.00,740.00,780.00,,,Exclusion of public assistance benefits (normal tax method),
#+,143,Treasury,2011,,,,,,,,,,,,,,,,,,,,,,,,,,,600.00,640.00,670.00,710.00,740.00,760.00,790.00,,Exclusion of public assistance benefits (normal tax method),
#+,145,Treasury,2012,,,,,,,,,,,,,,,,,,,,,,,,,,,,640.00,670.00,710.00,750.00,770.00,800.00,830.00,Exclusion of public assistance benefits (normal tax method),
#,Exclusion of railroad retirement system benefits,,,,,,,,,,,,,,,,,,,,,,,,,,,,,,,,,,,,,"Under the baseline tax system, all compensation, including dedicated and deferred payments, should be included in taxable income. In contrast, railroad retirement benefits are not generally subject to the income tax unless the recipient's gross income reaches a certain threshold under current law. The threshold is discussed more fully under the Social Security function. </p>","Description from <a href=""http://www.gpoaccess.gov/usbudget/fy12/pdf/BUDGET-2012-PER.pdf"">Analytical Perspectives, Budget of the U.S. Government, Fiscal Year 2012.</a>"
#+,103,Treasury,2000,0.00,0.00,0.00,0.00,0.00,,,,,,,,,,,,,425.00,425.00,430.00,435.00,440.00,,,,,,,,,,,,,Exclusion of railroad retirement system benefits,
#+,104,Treasury,2001,0.00,0.00,0.00,0.00,0.00,0.00,,,,,,,,,,,,405.00,410.00,415.00,420.00,430.00,430.00,,,,,,,,,,,,Exclusion of railroad retirement system benefits,
#+,106,Treasury,2002,0.00,0.00,0.00,0.00,0.00,0.00,0.00,,,,,,,,,,,360.00,360.00,360.00,360.00,360.00,360.00,360.00,,,,,,,,,,,Exclusion of railroad retirement system benefits,
#+,106,Treasury,2003,,0.00,0.00,0.00,0.00,0.00,0.00,0.00,,,,,,,,,,,380.00,390.00,400.00,400.00,400.00,400.00,400.00,,,,,,,,,,Exclusion of railroad retirement system benefits,
#+,107,Treasury,2004,,,0.00,0.00,0.00,0.00,0.00,0.00,0.00,,,,,,,,,,,390.00,400.00,400.00,400.00,400.00,400.00,400.00,,,,,,,,,Exclusion of railroad retirement system benefits,
#+,107,Treasury,2005,,,,0.00,0.00,0.00,0.00,0.00,0.00,0.00,,,,,,,,,,,400.00,400.00,400.00,400.00,400.00,400.00,400.00,,,,,,,,Exclusion of railroad retirement system benefits,
#+,116,Treasury,2006,,,,,0.00,0.00,0.00,0.00,0.00,0.00,0.00,,,,,,,,,,,400.00,400.00,400.00,400.00,400.00,400.00,400.00,,,,,,,Exclusion of railroad retirement system benefits,
#+,133,Treasury,2007,,,,,,0.00,0.00,0.00,0.00,0.00,0.00,0.00,,,,,,,,,,,390.00,390.00,380.00,360.00,370.00,370.00,350.00,,,,,,Exclusion of railroad retirement system benefits,
#+,131,Treasury,2008,,,,,,,0.00,0.00,0.00,0.00,0.00,0.00,0.00,,,,,,,,,,,390.00,380.00,380.00,380.00,370.00,360.00,350.00,,,,,Exclusion of railroad retirement system benefits,
#+,132,Treasury,2009,,,,,,,,0.00,0.00,0.00,0.00,0.00,0.00,0.00,,,,,,,,,,,380.00,370.00,370.00,360.00,360.00,350.00,330.00,,,,Exclusion of railroad retirement system benefits,
#+,136,Treasury,2010,,,,,,,,,,,,,,,,,,,,,,,,,,390.00,390.00,370.00,370.00,370.00,360.00,350.00,,,Exclusion of railroad retirement system benefits,
#+,141,Treasury,2011,,,,,,,,,,,,,,,,,,,,,,,,,,,330.00,320.00,300.00,280.00,260.00,250.00,250.00,,Exclusion of railroad retirement system benefits,
#+,143,Treasury,2012,,,,,,,,,,,,,,,,,,,,,,,,,,,,350.00,330.00,310.00,280.00,270.00,260.00,260.00,Exclusion of railroad retirement system benefits,
#,Exclusion of special benefits for disabled coal miners,,,,,,,,,,,,,,,,,,,,,,,,,,,,,,,,,,,,," Under the baseline tax system, all compensation, including dedicated payments and in-kind benefits, should be included in taxable income. However, disability payments to former coal miners out of the Black Lung Trust Fund, although income to the recipient, are not subject to the income tax. </p>","Description from <a href=""http://www.gpoaccess.gov/usbudget/fy12/pdf/BUDGET-2012-PER.pdf"">Analytical Perspectives, Budget of the U.S. Government, Fiscal Year 2012.</a>"
#+,,JCT,2001,0.00,0.00,0.00,0.00,,,,,,,,,,,,,,100.00,100.00,100.00,100.00,,,,,,,,,,,,,,Exclusion of special benefits for disabled coal miners,
#+,,JCT,2002,0.00,0.00,0.00,0.00,0.00,,,,,,,,,,,,,100.00,100.00,100.00,100.00,100.00,,,,,,,,,,,,,Exclusion of special benefits for disabled coal miners,
#+,,JCT,2003,,0.00,0.00,0.00,0.00,0.00,,,,,,,,,,,,,100.00,100.00,100.00,100.00,100.00,,,,,,,,,,,,Exclusion of special benefits for disabled coal miners,
#+,,JCT,2004,,,0.00,0.00,0.00,0.00,0.00,,,,,,,,,,,,,100.00,100.00,100.00,100.00,100.00,,,,,,,,,,,Exclusion of special benefits for disabled coal miners,
#+,,JCT,2005,,,,0.00,0.00,0.00,0.00,0.00,,,,,,,,,,,,,100.00,100.00,100.00,100.00,100.00,,,,,,,,,,Exclusion of special benefits for disabled coal miners,
#+,,JCT,2006,,,,,0.00,0.00,0.00,0.00,0.00,,,,,,,,,,,,,100.00,100.00,100.00,100.00,<50,,,,,,,,,Exclusion of special benefits for disabled coal miners,
#+,,JCT,2007,,,,,,0.00,0.00,0.00,0.00,0.00,,,,,,,,,,,,,100.00,100.00,100.00,<50,<50,,,,,,,,Exclusion of special benefits for disabled coal miners,
#+,,JCT,2008,,,,,,,0.00,0.00,0.00,0.00,0.00,,,,,,,,,,,,,100.00,100.00,<50,<50,<50,,,,,,,Exclusion of special benefits for disabled coal miners,
#+,,JCT,2009,,,,,,,,0.00,0.00,0.00,0.00,0.00,,,,,,,,,,,,,100.00,<50,<50,<50,<50,,,,,,Exclusion of special benefits for disabled coal miners,
#+,,JCT,2010,,,,,,,,,0.00,0.00,0.00,0.00,0.00,,,,,,,,,,,,,<50,<50,<50,<50,<50,,,,,Exclusion of special benefits for disabled coal miners,
#+,,JCT,2011,,,,,,,,,,0.00,0.00,0.00,0.00,0.00,,,,,,,,,,,,,<50,<50,<50,<50,<50,,,,Exclusion of special benefits for disabled coal miners,
#+,,JCT,2012,,,,,,,,,,,0.00,0.00,0.00,0.00,0.00,,,,,,,,,,,,,<50,<50,<50,<50,<50,,,Exclusion of special benefits for disabled coal miners,
#+,106,Treasury,2000,0.00,0.00,0.00,0.00,0.00,,,,,,,,,,,,,75.00,70.00,70.00,65.00,60.00,,,,,,,,,,,,,Exclusion of special benefits for disabled coal miners,
#+,107,Treasury,2001,0.00,0.00,0.00,0.00,0.00,0.00,,,,,,,,,,,,75.00,70.00,70.00,65.00,60.00,55.00,,,,,,,,,,,,Exclusion of special benefits for disabled coal miners,
#+,109,Treasury,2002,0.00,0.00,0.00,0.00,0.00,0.00,0.00,,,,,,,,,,,80.00,70.00,70.00,60.00,60.00,60.00,50.00,,,,,,,,,,,Exclusion of special benefits for disabled coal miners,
#+,109,Treasury,2003,,0.00,0.00,0.00,0.00,0.00,0.00,0.00,,,,,,,,,,,70.00,70.00,60.00,60.00,60.00,50.00,50.00,,,,,,,,,,Exclusion of special benefits for disabled coal miners,
#+,110,Treasury,2004,,,0.00,0.00,0.00,0.00,0.00,0.00,0.00,,,,,,,,,,,70.00,60.00,60.00,50.00,50.00,50.00,40.00,,,,,,,,,Exclusion of special benefits for disabled coal miners,
#+,110,Treasury,2005,,,,0.00,0.00,0.00,0.00,0.00,0.00,0.00,,,,,,,,,,,60.00,60.00,50.00,50.00,50.00,40.00,40.00,,,,,,,,Exclusion of special benefits for disabled coal miners,
#+,119,Treasury,2006,,,,,0.00,0.00,0.00,0.00,0.00,0.00,0.00,,,,,,,,,,,60.00,50.00,50.00,50.00,40.00,40.00,40.00,,,,,,,Exclusion of special benefits for disabled coal miners,
#+,136,Treasury,2007,,,,,,0.00,0.00,0.00,0.00,0.00,0.00,0.00,,,,,,,,,,,50.00,50.00,50.00,40.00,40.00,40.00,40.00,,,,,,Exclusion of special benefits for disabled coal miners,
#+,134,Treasury,2008,,,,,,,0.00,0.00,0.00,0.00,0.00,0.00,0.00,,,,,,,,,,,50.00,50.00,40.00,40.00,40.00,40.00,40.00,,,,,Exclusion of special benefits for disabled coal miners,
#+,135,Treasury,2009,,,,,,,,0.00,0.00,0.00,0.00,0.00,0.00,0.00,,,,,,,,,,,50.00,40.00,40.00,40.00,40.00,40.00,40.00,,,,Exclusion of special benefits for disabled coal miners,
#+,139,Treasury,2010,,,,,,,,,,,,,,,,,,,,,,,,,,40.00,40.00,40.00,40.00,40.00,40.00,40.00,,,Exclusion of special benefits for disabled coal miners,
#+,144,Treasury,2011,,,,,,,,,,,,,,,,,,,,,,,,,,,40.00,40.00,40.00,40.00,40.00,40.00,40.00,,Exclusion of special benefits for disabled coal miners,
#+,146,Treasury,2012,,,,,,,,,,,,,,,,,,,,,,,,,,,,40.00,40.00,40.00,40.00,40.00,40.00,40.00,Exclusion of special benefits for disabled coal miners,
#,Exclusion of survivor annuities paid to families of public safety officers killed in the line of duty,,,,,,,,,,,,,,,,,,,,,,,,,,,,,,,,,,,,,<p>The surviving spouse of a public safety office killed in the line of duty can exclude from gross income a survivor annuity payment under a governmental pension plan. The annuity must be attributable to the officers service as a public safety officer.</p>,"Description adapted from <a href=""http://www.gpo.gov/fdsys/pkg/CPRT-111SPRT62799/pdf/CPRT-111SPRT62799.pdff""><em>Tax Expenditures: Compendium of Background Materials on Individual Provisions</em></a>, Congressional Research Service, December 2010, Washington, DC: U.S. Government Printing Office."
#+,,JCT,2009,,,,,,,,<50,<50,<50,<50,<50,,,,,,,,,,,,,<50,<50,<50,<50,<50,,,,,,Exclusion of survivor annuities paid to families of public safety officers killed in the line of duty,
#+,,JCT,2010,,,,,,,,,0.00,0.00,0.00,0.00,0.00,,,,,,,,,,,,,<50,<50,<50,<50,<50,,,,,Exclusion of survivor annuities paid to families of public safety officers killed in the line of duty,
#+,,JCT,2011,,,,,,,,,,0.00,0.00,0.00,0.00,0.00,,,,,,,,,,,,,<50,<50,<50,<50,<50,,,,Exclusion of survivor annuities paid to families of public safety officers killed in the line of duty,
#+,,JCT,2012,,,,,,,,,,,0.00,0.00,0.00,0.00,0.00,,,,,,,,,,,,,<50,<50,<50,<50,<50,,,Exclusion of survivor annuities paid to families of public safety officers killed in the line of duty,
#,Exclusion of unemployment insurance benefits,,,,,,,,,,,,,,,,,,,,,,,,,,,,,,,,,,,,,"The baseline tax system would not allow deductions and exemptions to certain types of income. In contrast the Tax Code was modified in 2009 to allow an exclusion of up to $2,400 of unemployment insurance benefits from gross income for taxable year 2009. </p>","Description from <a href=""http://www.gpoaccess.gov/usbudget/fy11/pdf/spec.pdf"">Analytical Perspectives, Budget of the U.S. Government, Fiscal Year 2011.</a>"
#+,,JCT,2011,,,,,,,,,,0.00,0.00,0.00,0.00,0.00,,,,,,,,,,,,,3600.00,1200.00,0.00,0.00,0.00,,,,"Exclusion from gross income for up to $2,400 of unemployment compensation",
#+,161,Treasury,2011,,,,,,,,,,,,,,,,,,,,,,,,,,,1310.00,5220.00,0.00,0.00,0.00,0.00,0.00,,Exclusion of unemployment insurance benefits,
