Indent,Category,Source,report,2000 Corp,2001 Corp,2002 Corp,2003 Corp,2004 Corp,2005 Corp,2006 Corp,2007 Corp,2008 Corp,2009 Corp,2010 Corp,2011 Corp,2012 Corp,2013 Corp,2014 Corp,2015 Corp,2016 Corp,2000 Indv,2001 Indv,2002 Indv,2003 Indv,2004 Indv,2005 Indv,2006 Indv,2007 Indv,2008 Indv,2009 Indv,2010 Indv,2011 Indv,2012 Indv,2013 Indv,2014 Indv,2015 Indv,2016 Indv,Description/Expenditure Name,Notes
,Veterans' Benefits and Services
#,Exclusion and veterans' readjustment benefits,,,,,,,,,,,,,,,,,,,,,,,,,,,,,,,,,,,,,,
#+,,JCT,2003,,0.00,0.00,0.00,0.00,0.00,,,,,,,,,,,,,100.00,100.00,100.00,100.00,100.00,,,,,,,,,,,,Exclusion and veterans' readjustment benefits,
#,Exclusion of interest on State and local government bonds for veterans' housing,,,,,,,,,,,,,,,,,,,,,,,,,,,,,,,,,,,,,,
#+,,JCT,2001,<50,<50,<50,<50,,,,,,,,,,,,,,100.00,100.00,100.00,100.00,,,,,,,,,,,,,,Exclusion of interest on State and local government bonds for veterans' housing,
#+,,JCT,2002,<50,<50,<50,<50,<50,,,,,,,,,,,,,<50,<50,<50,<50,<50,,,,,,,,,,,,,Exclusion of interest on State and local government bonds for veterans' housing,
#+,,JCT,2003,,<50,<50,<50,<50,<50,,,,,,,,,,,,,<50,<50,<50,<50,<50,,,,,,,,,,,,Exclusion of interest on State and local government bonds for veterans' housing,
#+,,JCT,2004,,,<50,<50,<50,<50,<50,,,,,,,,,,,,,<50,<50,<50,<50,<50,,,,,,,,,,,Exclusion of interest on State and local government bonds for veterans' housing,
#+,,JCT,2005,,,,<50,<50,<50,<50,<50,,,,,,,,,,,,,<50,<50,<50,<50,<50,,,,,,,,,,Exclusion of interest on State and local government bonds for veterans' housing,
#+,,JCT,2006,,,,,<50,<50,<50,<50,<50,,,,,,,,,,,,,<50,<50,<50,<50,<50,,,,,,,,,Exclusion of interest on State and local government bonds for veterans' housing,
#+,,JCT,2007,,,,,,<50,<50,<50,<50,<50,,,,,,,,,,,,,<50,<50,<50,<50,<50,,,,,,,,Exclusion of interest on State and local government bonds for veterans' housing,
#,Exclusion of interest on State and local government qualified private activity bonds for veterans' housing,,,,,,,,,,,,,,,,,,,,,,,,,,,,,,,,,,,,,,
#+,,JCT,2008,,,,,,,<50,<50,<50,<50,<50,,,,,,,,,,,,,<50,<50,<50,<50,<50,,,,,,,Exclusion of interest on State and local government qualified private activity bonds for veterans' housing,
#+,,JCT,2009,,,,,,,,<50,<50,<50,<50,<50,,,,,,,,,,,,,100.00,100.00,100.00,100.00,100.00,,,,,,Exclusion of interest on State and local government qualified private activity bonds for veterans' housing,
#+,,JCT,2010,,,,,,,,,<50,<50,<50,<50,<50,,,,,,,,,,,,,100.00,100.00,100.00,100.00,100.00,,,,,Exclusion of interest on State and local government qualified private activity bonds for veterans' housing,
#+,,JCT,2011,,,,,,,,,,<50,<50,<50,<50,<50,,,,,,,,,,,,,100.00,100.00,100.00,100.00,100.00,,,,Exclusion of interest on State and local government qualified private activity bonds for veterans' housing,
#+,,JCT,2012,,,,,,,,,,,<50,<50,<50,<50,<50,,,,,,,,,,,,,<50,<50,<50,100.00,100.00,,,Exclusion of interest on State and local government qualified private activity bonds for veterans' housing,
#,Exclusion of veterans' disability compensation,,,,,,,,,,,,,,,,,,,,,,,,,,,,,,,,,,,,,,
#+,,JCT,2001,0.00,0.00,0.00,0.00,,,,,,,,,,,,,,2100.00,2200.00,2200.00,2300.00,,,,,,,,,,,,,,Exclusion of veterans' disability compensation,
#+,,JCT,2002,0.00,0.00,0.00,0.00,0.00,,,,,,,,,,,,,2100.00,2200.00,2300.00,2400.00,2400.00,,,,,,,,,,,,,Exclusion of veterans' disability compensation,
#+,,JCT,2003,,0.00,0.00,0.00,0.00,0.00,,,,,,,,,,,,,2200.00,2300.00,2400.00,2400.00,2500.00,,,,,,,,,,,,Exclusion of veterans' disability compensation,
#+,,JCT,2004,,,0.00,0.00,0.00,0.00,0.00,,,,,,,,,,,,,2300.00,2400.00,2400.00,2500.00,2600.00,,,,,,,,,,,Exclusion of veterans' disability compensation,
#+,,JCT,2005,,,,0.00,0.00,0.00,0.00,0.00,,,,,,,,,,,,,2600.00,2700.00,2800.00,2800.00,2800.00,,,,,,,,,,Exclusion of veterans' disability compensation,
#+,,JCT,2006,,,,,0.00,0.00,0.00,0.00,0.00,,,,,,,,,,,,,3100.00,3300.00,3400.00,3500.00,3400.00,,,,,,,,,Exclusion of veterans' disability compensation,
#+,,JCT,2007,,,,,,0.00,0.00,0.00,0.00,0.00,,,,,,,,,,,,,3400.00,3500.00,3500.00,3600.00,3600.00,,,,,,,,Exclusion of veterans' disability compensation,
#+,,JCT,2008,,,,,,,0.00,0.00,0.00,0.00,0.00,,,,,,,,,,,,,3600.00,3800.00,3900.00,4000.00,4000.00,,,,,,,Exclusion of veterans' disability compensation,
#+,,JCT,2009,,,,,,,,0.00,0.00,0.00,0.00,0.00,,,,,,,,,,,,,3100.00,3300.00,3500.00,3600.00,3800.00,,,,,,Exclusion of veterans' disability compensation,
#+,,JCT,2010,,,,,,,,,0.00,0.00,0.00,0.00,0.00,,,,,,,,,,,,,3600.00,3700.00,3800.00,4100.00,4200.00,,,,,Exclusion of veterans' disability compensation,
#+,,JCT,2011,,,,,,,,,,0.00,0.00,0.00,0.00,0.00,,,,,,,,,,,,,4100.00,4200.00,4300.00,4200.00,4200.00,,,,Exclusion of veterans' disability compensation,
#+,,JCT,2012,,,,,,,,,,,0.00,0.00,0.00,0.00,0.00,,,,,,,,,,,,,4500.00,5900.00,5400.00,5600.00,5700.00,,,Exclusion of veterans' disability compensation,
#,Exclusion of veterans' pensions,,,,,,,,,,,,,,,,,,,,,,,,,,,,,,,,,,,,,,
#+,,JCT,2001,0.00,0.00,0.00,0.00,,,,,,,,,,,,,,100.00,100.00,100.00,100.00,,,,,,,,,,,,,,Exclusion of veterans' pensions,
#+,,JCT,2002,0.00,0.00,0.00,0.00,0.00,,,,,,,,,,,,,100.00,100.00,100.00,100.00,100.00,,,,,,,,,,,,,Exclusion of veterans' pensions,
#+,,JCT,2003,,0.00,0.00,0.00,0.00,0.00,,,,,,,,,,,,,100.00,100.00,100.00,100.00,100.00,,,,,,,,,,,,Exclusion of veterans' pensions,
#+,,JCT,2004,,,0.00,0.00,0.00,0.00,0.00,,,,,,,,,,,,,100.00,100.00,100.00,100.00,100.00,,,,,,,,,,,Exclusion of veterans' pensions,
#+,,JCT,2005,,,,0.00,0.00,0.00,0.00,0.00,,,,,,,,,,,,,100.00,100.00,100.00,100.00,100.00,,,,,,,,,,Exclusion of veterans' pensions,
#+,,JCT,2006,,,,,0.00,0.00,0.00,0.00,0.00,,,,,,,,,,,,,100.00,100.00,100.00,100.00,100.00,,,,,,,,,Exclusion of veterans' pensions,
#+,,JCT,2007,,,,,,0.00,0.00,0.00,0.00,0.00,,,,,,,,,,,,,100.00,100.00,100.00,100.00,100.00,,,,,,,,Exclusion of veterans' pensions,
#+,,JCT,2008,,,,,,,0.00,0.00,0.00,0.00,0.00,,,,,,,,,,,,,100.00,100.00,100.00,100.00,100.00,,,,,,,Exclusion of veterans' pensions,
#+,,JCT,2009,,,,,,,,0.00,0.00,0.00,0.00,0.00,,,,,,,,,,,,,100.00,100.00,100.00,100.00,100.00,,,,,,Exclusion of veterans' pensions,
#+,,JCT,2010,,,,,,,,,0.00,0.00,0.00,0.00,0.00,,,,,,,,,,,,,100.00,100.00,100.00,100.00,100.00,,,,,Exclusion of veterans' pensions,
#+,,JCT,2011,,,,,,,,,,0.00,0.00,0.00,0.00,0.00,,,,,,,,,,,,,100.00,100.00,100.00,100.00,100.00,,,,Exclusion of veterans' pensions,
#+,,JCT,2012,,,,,,,,,,,0.00,0.00,0.00,0.00,0.00,,,,,,,,,,,,,100.00,100.00,100.00,100.00,100.00,,,Exclusion of veterans' pensions,
#,Exclusion of veterans' readjustment benefits,,,,,,,,,,,,,,,,,,,,,,,,,,,,,,,,,,,,,,
#+,,JCT,2002,0.00,0.00,0.00,0.00,0.00,,,,,,,,,,,,,100.00,100.00,100.00,100.00,100.00,,,,,,,,,,,,,Exclusion of veterans' readjustment benefits,
#+,,JCT,2004,,,0.00,0.00,0.00,0.00,0.00,,,,,,,,,,,,,100.00,100.00,100.00,100.00,100.00,,,,,,,,,,,Exclusion of veterans' readjustment benefits,
#+,,JCT,2005,,,,0.00,0.00,0.00,0.00,0.00,,,,,,,,,,,,,100.00,100.00,100.00,100.00,100.00,,,,,,,,,,Exclusion of veterans' readjustment benefits,
#+,,JCT,2006,,,,,0.00,0.00,0.00,0.00,0.00,,,,,,,,,,,,,200.00,200.00,200.00,200.00,200.00,,,,,,,,,Exclusion of veterans' readjustment benefits,
#+,,JCT,2007,,,,,,0.00,0.00,0.00,0.00,0.00,,,,,,,,,,,,,200.00,200.00,200.00,200.00,300.00,,,,,,,,Exclusion of veterans' readjustment benefits,
#+,,JCT,2008,,,,,,,0.00,0.00,0.00,0.00,0.00,,,,,,,,,,,,,200.00,300.00,300.00,300.00,300.00,,,,,,,Exclusion of veterans' readjustment benefits,
#+,,JCT,2009,,,,,,,,0.00,0.00,0.00,0.00,0.00,,,,,,,,,,,,,300.00,300.00,400.00,400.00,400.00,,,,,,Exclusion of veterans' readjustment benefits,
#+,,JCT,2010,,,,,,,,,0.00,0.00,0.00,0.00,0.00,,,,,,,,,,,,,400.00,500.00,800.00,1000.00,1200.00,,,,,Exclusion of veterans' readjustment benefits,
#+,,JCT,2011,,,,,,,,,,0.00,0.00,0.00,0.00,0.00,,,,,,,,,,,,,400.00,800.00,1000.00,1300.00,1200.00,,,,Exclusion of veterans' readjustment benefits,
#+,,JCT,2012,,,,,,,,,,,0.00,0.00,0.00,0.00,0.00,,,,,,,,,,,,,900.00,1000.00,1300.00,1300.00,1400.00,,,Exclusion of veterans' readjustment benefits,
