Indent,Category,Source,Report,2000 (Corp),2001 (Corp),2002 (Corp),2003 (Corp),2004 (Corp),2005 (Corp),2006 (Corp),2007 (Corp),2008 (Corp),2009 (Corp),2010 (Corp),2011 (Corp),2012 (Corp),2013 (Corp),2014 (Corp),2015 (Corp),2016 (Corp),2000 (Indv),2001 (Indv),2002 (Indv),2003 (Indv),2004 (Indv),2005 (Indv),2006 (Indv),2007 (Indv),2008 (Indv),2009 (Indv),2010 (Indv),2011 (Indv),2012 (Indv),2013 (Indv),2014 (Indv),2015 (Indv),2016 (Indv),Expenditure Name,Expenditure Footnotes
,Community and regional development
#,Investment credit for rehabilitation of structures (other than historic),,,,,,,,,,,,,,,,,,,,,,,,,,,,,,,,,,,,,"<p>Rehabilitation of structures.&mdash;The baseline tax system would uniformly tax all returns to investments and not allow credits for particular activities, investments, or industries. However, the Tax Code allows a 10-percent investment tax credit for the rehabilitation of buildings that are used for business or productive activities and that were erected before 1936 for other than residential purposes. The taxpayer's recoverable basis must be reduced by the amount of the credit. </p>"
#+,64,Treasury,2000,15.00,15.00,15.00,15.00,15.00,,,,,,,,,,,,,15.00,15.00,15.00,15.00,15.00,,,,,,,,,,,,,Investment credit for rehabilitation of structures (other than historic),,,,,,,,,,,,,,,,,
#+,65,Treasury,2001,15.00,15.00,15.00,15.00,15.00,15.00,,,,,,,,,,,,10.00,15.00,15.00,15.00,15.00,15.00,,,,,,,,,,,,Investment credit for rehabilitation of structures (other than historic),,,,,,,,,,,,,,,,,
#+,66,Treasury,2002,20.00,20.00,20.00,20.00,20.00,20.00,20.00,,,,,,,,,,,10.00,10.00,10.00,10.00,10.00,10.00,10.00,,,,,,,,,,,Investment credit for rehabilitation of structures (other than historic),,,,,,,,,,,,,,,,,
#+,64,Treasury,2003,,20.00,20.00,20.00,20.00,20.00,20.00,20.00,,,,,,,,,,,10.00,10.00,10.00,10.00,10.00,10.00,10.00,,,,,,,,,,Investment credit for rehabilitation of structures (other than historic),,,,,,,,,,,,,,,,,
#+,64,Treasury,2004,,,20.00,20.00,20.00,20.00,20.00,20.00,20.00,,,,,,,,,,,10.00,10.00,10.00,10.00,10.00,10.00,10.00,,,,,,,,,Investment credit for rehabilitation of structures (other than historic),,,,,,,,,,,,,,,,,
#+,64,Treasury,2005,,,,20.00,20.00,20.00,20.00,20.00,20.00,20.00,,,,,,,,,,,10.00,10.00,10.00,10.00,10.00,10.00,10.00,,,,,,,,Investment credit for rehabilitation of structures (other than historic),,,,,,,,,,,,,,,,,
#+,71,Treasury,2006,,,,,20.00,20.00,20.00,20.00,20.00,20.00,20.00,,,,,,,,,,,20.00,20.00,20.00,20.00,20.00,20.00,20.00,,,,,,,Investment credit for rehabilitation of structures (other than historic),,,,,,,,,,,,,,,,,
#+,87,Treasury,2007,,,,,,20.00,20.00,20.00,20.00,20.00,20.00,20.00,,,,,,,,,,,20.00,20.00,20.00,20.00,20.00,20.00,20.00,,,,,,Investment credit for rehabilitation of structures (other than historic),,,,,,,,,,,,,,,,,
#+,84,Treasury,2008,,,,,,,20.00,20.00,20.00,20.00,20.00,20.00,20.00,,,,,,,,,,,20.00,20.00,20.00,20.00,20.00,20.00,20.00,,,,,Investment credit for rehabilitation of structures (other than historic),,,,,,,,,,,,,,,,,
#+,84,Treasury,2009,,,,,,,,20.00,20.00,20.00,20.00,20.00,20.00,20.00,,,,,,,,,,,20.00,20.00,20.00,20.00,20.00,20.00,20.00,,,,Investment credit for rehabilitation of structures (other than historic),,,,,,,,,,,,,,,,,
#+,87,Treasury,2010,,,,,,,,,20.00,20.00,20.00,20.00,20.00,20.00,20.00,,,,,,,,,,,20.00,20.00,20.00,20.00,20.00,30.00,30.00,,,Investment credit for rehabilitation of structures (other than  historic),,,,,,,,,,,,,,,,,
#+,87,Treasury,2011,,,,,,,,,,10.00,10.00,10.00,10.00,10.00,10.00,10.00,,,,,,,,,,,20.00,20.00,20.00,20.00,20.00,20.00,20.00,,Investment credit for rehabilitation of structures (other than historic),,,,,,,,,,,,,,,,,
#+,88,Treasury,2012,,,,,,,,,,,10.00,10.00,10.00,10.00,10.00,10.00,10.00,,,,,,,,,,,10.00,10.00,10.00,10.00,10.00,10.00,10.00,Investment credit for rehabilitation of structures (other than historic),,,,,,,,,,,,,,,,,
#,"Exclusion of interest for airport, dock, and similar bonds",,,,,,,,,,,,,,,,,,,,,,,,,,,,,,,,,,,,,"<p>Airport, dock, and similar facility bonds.&mdash;The baseline tax system generally would tax all income under the regular tax rate schedule. It would not allow preferentially low (or zero) tax rates to apply to certain types or sources of income. In contrast, the Tax Code allows interest earned on State and local bonds issued to finance high-speed rail facilities and Government-owned airports, docks, wharves, and sport and convention facilities to be tax-exempt. These bonds are not subject to a volume cap. </p>"
#+,65,Treasury,2000,185.00,185.00,190.00,190.00,195.00,,,,,,,,,,,,,525.00,530.00,535.00,540.00,545.00,,,,,,,,,,,,,"Exclusion of interest for airport, dock, and similar bonds",,,,,,,,,,,,,,,,,
#+,66,Treasury,2001,185.00,185.00,190.00,190.00,195.00,195.00,,,,,,,,,,,,550.00,555.00,560.00,565.00,570.00,575.00,,,,,,,,,,,,"Exclusion of interest for airport, dock, and similar bonds",,,,,,,,,,,,,,,,,
#+,67,Treasury,2002,160.00,160.00,160.00,180.00,200.00,210.00,240.00,,,,,,,,,,,460.00,470.00,480.00,510.00,580.00,640.00,710.00,,,,,,,,,,,"Exclusion of interest for airport, dock, and similar bonds",,,,,,,,,,,,,,,,,
#+,65,Treasury,2003,,160.00,160.00,170.00,170.00,180.00,180.00,190.00,,,,,,,,,,,470.00,480.00,510.00,580.00,640.00,710.00,790.00,,,,,,,,,,"Exclusion of interest for airport, dock, and similar bonds",,,,,,,,,,,,,,,,,
#+,65,Treasury,2004,,,170.00,170.00,180.00,180.00,190.00,200.00,200.00,,,,,,,,,,,520.00,580.00,650.00,710.00,760.00,800.00,860.00,,,,,,,,,"Exclusion of interest for airport, dock, and similar bonds",,,,,,,,,,,,,,,,,
#+,65,Treasury,2005,,,,170.00,170.00,180.00,180.00,190.00,190.00,200.00,,,,,,,,,,,600.00,670.00,730.00,790.00,830.00,890.00,910.00,,,,,,,,"Exclusion of interest for airport, dock, and similar bonds",,,,,,,,,,,,,,,,,
#+,72,Treasury,2006,,,,,180.00,190.00,190.00,200.00,210.00,210.00,220.00,,,,,,,,,,,670.00,740.00,790.00,830.00,890.00,920.00,950.00,,,,,,,"Exclusion of interest for airport, dock, and similar bonds",,,,,,,,,,,,,,,,,
#+,88,Treasury,2007,,,,,,170.00,180.00,190.00,190.00,200.00,200.00,210.00,,,,,,,,,,,630.00,680.00,720.00,800.00,860.00,880.00,910.00,,,,,,"Exclusion of interest for airport, dock, and similar bonds",,,,,,,,,,,,,,,,,
#+,85,Treasury,2008,,,,,,,270.00,300.00,310.00,320.00,330.00,340.00,350.00,,,,,,,,,,,860.00,950.00,1010.00,1040.00,1070.00,1100.00,1130.00,,,,,"Exclusion of interest for airport, dock, and similar bonds",,,,,,,,,,,,,,,,,
#+,85,Treasury,2009,,,,,,,,270.00,280.00,290.00,300.00,310.00,320.00,330.00,,,,,,,,,,,580.00,620.00,640.00,660.00,680.00,700.00,720.00,,,,"Exclusion of interest for airport, dock, and similar bonds",,,,,,,,,,,,,,,,,
#+,88,Treasury,2010,,,,,,,,,160.00,280.00,280.00,290.00,300.00,310.00,320.00,,,,,,,,,,,220.00,540.00,570.00,630.00,690.00,710.00,730.00,,,"Exclusion of interest for airport, dock, and similar bonds",,,,,,,,,,,,,,,,,
#+,88,Treasury,2011,,,,,,,,,,140.00,150.00,290.00,360.00,360.00,370.00,390.00,,,,,,,,,,,540.00,460.00,560.00,680.00,730.00,770.00,820.00,,"Exclusion of interest for airport, dock, and similar bonds",,,,,,,,,,,,,,,,,
#+,89,Treasury,2012,,,,,,,,,,,270.00,250.00,330.00,410.00,420.00,420.00,440.00,,,,,,,,,,,570.00,620.00,690.00,800.00,890.00,960.00,1010.00,"Exclusion of interest for airport, dock, and similar bonds",,,,,,,,,,,,,,,,,
#,Exemption of certain mutuals- and cooperatives- income,,,,,,,,,,,,,,,,,,,,,,,,,,,,,,,,,,,,,"<p>Exemption of income of mutuals and cooperatives.&mdash;Under the baseline tax system, corporations pay taxes on their profits under the regular tax rate schedule. In contrast, the Tax Code provides for the incomes of mutual and cooperative telephone and electric companies to be exempt from tax if at least 85 percent of their revenues are derived from patron service charges. </p>"
#+,66,Treasury,2000,50.00,50.00,50.00,50.00,55.00,,,,,,,,,,,,,0.00,0.00,0.00,0.00,0.00,,,,,,,,,,,,,Exemption of certain mutuals- and cooperatives- income,,,,,,,,,,,,,,,,,
#+,67,Treasury,2001,60.00,60.00,65.00,65.00,65.00,70.00,,,,,,,,,,,,0.00,0.00,0.00,0.00,0.00,0.00,,,,,,,,,,,,Exemption of certain mutuals- and cooperatives- income,,,,,,,,,,,,,,,,,
#+,68,Treasury,2002,60.00,60.00,60.00,60.00,60.00,70.00,70.00,,,,,,,,,,,0.00,0.00,0.00,0.00,0.00,0.00,0.00,,,,,,,,,,,Exemption of certain mutuals- and cooperatives- income,,,,,,,,,,,,,,,,,
#+,66,Treasury,2003,,60.00,60.00,60.00,60.00,70.00,70.00,70.00,,,,,,,,,,,0.00,0.00,0.00,0.00,0.00,0.00,0.00,,,,,,,,,,Exemption of certain mutuals- and cooperatives- income,,,,,,,,,,,,,,,,,
#+,66,Treasury,2004,,,60.00,60.00,60.00,70.00,70.00,70.00,70.00,,,,,,,,,,,0.00,0.00,0.00,0.00,0.00,0.00,0.00,,,,,,,,,Exemption of certain mutuals- and cooperatives- income,,,,,,,,,,,,,,,,,
#+,66,Treasury,2005,,,,60.00,60.00,70.00,70.00,70.00,70.00,70.00,,,,,,,,,,,0.00,0.00,0.00,0.00,0.00,0.00,0.00,,,,,,,,Exemption of certain mutuals- and cooperatives- income,,,,,,,,,,,,,,,,,
#+,73,Treasury,2006,,,,,60.00,60.00,60.00,70.00,70.00,70.00,70.00,,,,,,,,,,,0.00,0.00,0.00,0.00,0.00,0.00,0.00,,,,,,,Exemption of certain mutuals- and cooperatives- income,,,,,,,,,,,,,,,,,
#+,89,Treasury,2007,,,,,,60.00,60.00,70.00,70.00,70.00,70.00,70.00,,,,,,,,,,,0.00,0.00,0.00,0.00,0.00,0.00,0.00,,,,,,Exemption of certain mutuals- and cooperatives- income,,,,,,,,,,,,,,,,,
#+,86,Treasury,2008,,,,,,,80.00,80.00,80.00,80.00,80.00,90.00,90.00,,,,,,,,,,,0.00,0.00,0.00,0.00,0.00,0.00,0.00,,,,,Exemption of certain mutuals- and cooperatives- income,,,,,,,,,,,,,,,,,
#+,86,Treasury,2009,,,,,,,,70.00,70.00,70.00,70.00,70.00,70.00,80.00,,,,,,,,,,,0.00,0.00,0.00,0.00,0.00,0.00,0.00,,,,Exemption of certain mutuals' and cooperatives' income,,,,,,,,,,,,,,,,,
#+,89,Treasury,2010,,,,,,,,,70.00,70.00,70.00,70.00,70.00,80.00,80.00,,,,,,,,,,,,,,,,,,,,Exemption of certain mutuals' and cooperatives' income,,,,,,,,,,,,,,,,,
#+,89,Treasury,2011,,,,,,,,,,110.00,110.00,110.00,110.00,120.00,120.00,120.00,,,,,,,,,,,,,,,,,,,Exemption of certain mutuals' and cooperatives' income,,,,,,,,,,,,,,,,,
#+,90,Treasury,2012,,,,,,,,,,,110.00,110.00,110.00,120.00,120.00,120.00,130.00,,,,,,,,,,,,,,,,,,Exemption of certain mutuals' and cooperatives' income,,,,,,,,,,,,,,,,,
#,Empowerment zones and enterprise communities,,,,,,,,,,,,,,,,,,,,,,,,,,,,,,,,,,,,,
#+,67,Treasury,2000,205.00,190.00,170.00,130.00,115.00,,,,,,,,,,,,,225.00,245.00,245.00,175.00,175.00,,,,,,,,,,,,,Empowerment zones and enterprise communities,,,,,,,,,,,,,,,,,
#+,68,Treasury,2001,205.00,220.00,185.00,130.00,110.00,90.00,,,,,,,,,,,,240.00,280.00,280.00,200.00,190.00,170.00,,,,,,,,,,,,Empowerment zones and enterprise communities,,,,,,,,,,,,,,,,,
#+,69,Treasury,2002,80.00,80.00,210.00,300.00,310.00,350.00,370.00,,,,,,,,,,,230.00,240.00,450.00,840.00,900.00,990.00,1110.00,,,,,,,,,,,Empowerment zones and enterprise communities,,,,,,,,,,,,,,,,,
#,Expensing of environmental remediation costs,,,,,,,,,,,,,,,,,,,,,,,,,,,,,,,,,,,,,"<p>Expensing of environmental remediation costs.&mdash;Under the baseline tax system, the costs would be amortized (or depreciated) over an estimate of the economic life of the building. This insures that the net income from the buildings is measured appropriately each year. However, the Tax Code allows taxpayers who clean up certain hazardous substances at a qualified site to expense the clean-up costs, even though the expenses will generally increase the value of the property significantly or appreciably prolong the life of the property. </p>"
#+,,JCT,2003,,<50,<50,100.00,100.00,<50,,,,,,,,,,,,,<50,100.00,100.00,100.00,<50,,,,,,,,,,,,Expensing of environmental remediation costs,,,,,,,,,,,,,,,,,
#+,68,Treasury,2000,120.00,50.00,-10.00,-20.00,-30.00,,,,,,,,,,,,,25.00,10.00,0.00,-5.00,-5.00,,,,,,,,,,,,,Expensing of environmental remediation costs,,,,,,,,,,,,,,,,,
#+,69,Treasury,2001,125.00,145.00,50.00,-25.00,-30.00,-25.00,,,,,,,,,,,,25.00,30.00,10.00,-5.00,-5.00,-5.00,,,,,,,,,,,,Expensing of environmental remediation costs,,,,,,,,,,,,,,,,,
#+,71,Treasury,2002,130.00,290.00,340.00,280.00,40.00,-110.00,-70.00,,,,,,,,,,,30.00,60.00,70.00,50.00,-10.00,-20.00,-10.00,,,,,,,,,,,Expensing of environmental remediation costs,,,,,,,,,,,,,,,,,
#+,69,Treasury,2003,,70.00,80.00,80.00,20.00,-20.00,-10.00,-10.00,,,,,,,,,,,10.00,20.00,20.00,0.00,0.00,0.00,0.00,,,,,,,,,,Expensing of environmental remediation costs,,,,,,,,,,,,,,,,,
#+,69,Treasury,2004,,,70.00,70.00,20.00,-10.00,-10.00,-10.00,-10.00,,,,,,,,,,,10.00,10.00,0.00,0.00,0.00,0.00,0.00,,,,,,,,,Expensing of environmental remediation costs,,,,,,,,,,,,,,,,,
#+,69,Treasury,2005,,,,70.00,20.00,-10.00,-10.00,-10.00,-10.00,-10.00,,,,,,,,,,,10.00,0.00,0.00,0.00,0.00,0.00,0.00,,,,,,,,Expensing of environmental remediation costs,,,,,,,,,,,,,,,,,
#+,76,Treasury,2006,,,,,70.00,60.00,20.00,-10.00,-10.00,-20.00,-10.00,,,,,,,,,,,10.00,10.00,0.00,0.00,0.00,0.00,0.00,,,,,,,Expensing of environmental remediation costs,,,,,,,,,,,,,,,,,
#+,92,Treasury,2007,,,,,,60.00,50.00,30.00,0.00,-20.00,-10.00,-10.00,,,,,,,,,,,10.00,10.00,10.00,0.00,0.00,0.00,0.00,,,,,,Expensing of environmental remediation costs,,,,,,,,,,,,,,,,,
#+,89,Treasury,2008,,,,,,,120.00,250.00,110.00,-30.00,-20.00,-20.00,-30.00,,,,,,,,,,,30.00,50.00,20.00,-10.00,0.00,0.00,0.00,,,,,Expensing of environmental remediation costs,,,,,,,,,,,,,,,,,
#+,89,Treasury,2009,,,,,,,,250.00,110.00,-30.00,-20.00,-20.00,-20.00,-10.00,,,,,,,,,,,50.00,20.00,-10.00,0.00,0.00,0.00,0.00,,,,Expensing of environmental remediation costs,,,,,,,,,,,,,,,,,
#+,92,Treasury,2010,,,,,,,,,490.00,240.00,20.00,-120.00,-120.00,-120.00,-110.00,,,,,,,,,,,100.00,50.00,0.00,-20.00,-20.00,-20.00,-20.00,,,Expensing of environmental remediation costs,,,,,,,,,,,,,,,,,
#+,92,Treasury,2011,,,,,,,,,,240.00,20.00,-120.00,-120.00,-120.00,-110.00,-100.00,,,,,,,,,,,50.00,0.00,-20.00,-20.00,-20.00,-20.00,-20.00,,Expensing of environmental remediation costs,,,,,,,,,,,,,,,,,
#+,93,Treasury,2012,,,,,,,,,,,10.00,-110.00,-120.00,-120.00,-110.00,-100.00,-90.00,,,,,,,,,,,0.00,-20.00,-20.00,-20.00,-20.00,-20.00,-20.00,Expensing of environmental remediation costs,,,,,,,,,,,,,,,,,
#,Empowerment zone tax incentives,,,,,,,,,,,,,,,,,,,,,,,,,,,,,,,,,,,,,
#+,,JCT,2001,200.00,200.00,200.00,200.00,,,,,,,,,,,,,,100.00,200.00,100.00,100.00,,,,,,,,,,,,,,Empowerment zone tax incentives,,,,,,,,,,,,,,,,,
#+,,JCT,2002,100.00,100.00,100.00,100.00,100.00,,,,,,,,,,,,,100.00,200.00,200.00,100.00,100.00,,,,,,,,,,,,,Empowerment zone tax incentives,,,,,,,,,,,,,,,,,
#+,,JCT,2003,,100.00,200.00,300.00,300.00,300.00,,,,,,,,,,,,,100.00,300.00,400.00,400.00,400.00,,,,,,,,,,,,Empowerment zone tax incentives,,,,,,,,,,,,,,,,,
#+,,JCT,2007,,,,,,300.00,400.00,400.00,400.00,500.00,,,,,,,,,,,,,400.00,400.00,500.00,500.00,500.00,,,,,,,,Empowerment zone tax incentives,,,,,,,,,,,,,,,,,
#+,,JCT,2008,,,,,,,300.00,400.00,400.00,400.00,200.00,,,,,,,,,,,,,400.00,400.00,400.00,500.00,300.00,,,,,,,Empowerment zone tax incentives,,,,,,,,,,,,,,,,,
#+,,JCT,2009,,,,,,,,200.00,200.00,200.00,200.00,100.00,,,,,,,,,,,,,400.00,400.00,500.00,300.00,100.00,,,,,,Empowerment zone tax incentives,,,,,,,,,,,,,,,,,
#+,,JCT,2010,,,,,,,,,400.00,400.00,200.00,<50,<50,,,,,,,,,,,,,400.00,400.00,200.00,100.00,100.00,,,,,Empowerment zone tax incentives,,,,,,,,,,,,,,,,,
#+,,JCT,2010,,,,,,,,,400.00,400.00,200.00,<50,<50,,,,,,,,,,,,,400.00,400.00,200.00,100.00,100.00,,,,,Empowerment zone tax incentives,,,,,,,,,,,,,,,,,
#+,,JCT,2011,,,,,,,,,,300.00,200.00,100.00,<50,<50,,,,,,,,,,,,,400.00,300.00,100.00,<50,<50,,,,Empowerment zone tax incentives,,,,,,,,,,,,,,,,,
#+,,JCT,2012,,,,,,,,,,,200.00,200.00,100.00,<50,<50,,,,,,,,,,,,,300.00,200.00,100.00,<50,<50,,,Empowerment zone tax incentives,,,,,,,,,,,,,,,,,
#,District of Columbia tax incentives,,,,,,,,,,,,,,,,,,,,,,,,,,,,,,,,,,,,,
#+,,JCT,2001,100.00,100.00,100.00,100.00,,,,,,,,,,,,,,100.00,100.00,100.00,100.00,,,,,,,,,,,,,,District of Columbia tax incentives,,,,,,,,,,,,,,,,,
#+,,JCT,2002,100.00,100.00,100.00,100.00,100.00,,,,,,,,,,,,,<50,<50,<50,<50,<50,,,,,,,,,,,,,District of Columbia tax incentives,,,,,,,,,,,,,,,,,
#+,,JCT,2003,,<50,<50,<50,<50,<50,,,,,,,,,,,,,<50,<50,<50,100.00,100.00,,,,,,,,,,,,District of Columbia tax incentives,,,,,,,,,,,,,,,,,
#+,,JCT,2007,,,,,,<50,<50,<50,<50,<50,,,,,,,,,,,,,100.00,100.00,<50,100.00,100.00,,,,,,,,District of Columbia tax incentives,,,,,,,,,,,,,,,,,
#+,,JCT,2009,,,,,,,,<50,<50,<50,<50,<50,,,,,,,,,,,,,100.00,100.00,100.00,100.00,200.00,,,,,,District of Columbia tax incentives,,,,,,,,,,,,,,,,,
#+,,JCT,2010,,,,,,,,,<50,100.00,<50,<50,<50,,,,,,,,,,,,,100.00,200.00,100.00,100.00,100.00,,,,,District of Columbia tax incentives,,,,,,,,,,,,,,,,,
#+,,JCT,2010,,,,,,,,,<50,100.00,<50,<50,<50,,,,,,,,,,,,,100.00,200.00,100.00,100.00,100.00,,,,,District of Columbia tax incentives,,,,,,,,,,,,,,,,,
#+,,JCT,2011,,,,,,,,,,100.00,<50,<50,<50,<50,,,,,,,,,,,,,200.00,100.00,100.00,100.00,100.00,,,,District of Columbia tax incentives,,,,,,,,,,,,,,,,,
#+,,JCT,2012,,,,,,,,,,,100.00,<50,<50,<50,<50,,,,,,,,,,,,,200.00,100.00,100.00,100.00,100.00,,,District of Columbia tax incentives,,,,,,,,,,,,,,,,,
#,Indian reservation tax incentives,,,,,,,,,,,,,,,,,,,,,,,,,,,,,,,,,,,,,
#+,,JCT,2001,100.00,100.00,100.00,<50,,,,,,,,,,,,,,100.00,100.00,<50,<50,,,,,,,,,,,,,,Indian reservation tax incentives,,,,,,,,,,,,,,,,,
#+,,JCT,2002,100.00,100.00,100.00,100.00,<50,,,,,,,,,,,,,<50,<50,<50,<50,<50,,,,,,,,,,,,,Indian reservation tax incentives,,,,,,,,,,,,,,,,,
#+,,JCT,2003,,200.00,200.00,200.00,100.00,<50,,,,,,,,,,,,,100.00,100.00,100.00,100.00,<50,,,,,,,,,,,,Indian reservation tax incentives,,,,,,,,,,,,,,,,,
#,Expensing of redevelopment costs in certain environmentally contaminated areas (``Brownfields''),,,,,,,,,,,,,,,,,,,,,,,,,,,,,,,,,,,,,
#+,,JCT,2001,100.00,100.00,<50,<50,,,,,,,,,,,,,,<50,<50,<50,<50,,,,,,,,,,,,,,Expensing of redevelopment costs in certain environmentally contaminated areas (``Brownfields''),,,,,,,,,,,,,,,,,
#+,,JCT,2002,<50,100.00,100.00,<50,<50,,,,,,,,,,,,,<50,<50,<50,<50,<50,,,,,,,,,,,,,Expensing of redevelopment costs in certain environmentally contaminated areas (``Brownfields''),,,,,,,,,,,,,,,,,
#,"Tax credit for rehabilitation of structures, other than historic structures",,,,,,,,,,,,,,,,,,,,,,,,,,,,,,,,,,,,,
#+,,JCT,2001,<50,<50,<50,<50,,,,,,,,,,,,,,<50,<50,<50,<50,,,,,,,,,,,,,,"Tax credit for rehabilitation of structures, other than historic structures",,,,,,,,,,,,,,,,,
#+,,JCT,2002,<50,<50,<50,<50,<50,,,,,,,,,,,,,<50,<50,<50,<50,<50,,,,,,,,,,,,,"Tax credit for rehabilitation of structures, other than historic structures",,,,,,,,,,,,,,,,,
#+,,JCT,2003,,<50,<50,<50,<50,<50,,,,,,,,,,,,,<50,<50,<50,<50,<50,,,,,,,,,,,,"Tax credit for rehabilitation of structures, other than historic structures",,,,,,,,,,,,,,,,,
#+,,JCT,2007,,,,,,<50,<50,<50,<50,<50,,,,,,,,,,,,,<50,<50,<50,<50,<50,,,,,,,,"Tax credit for rehabilitation of structures, other than historic structures",,,,,,,,,,,,,,,,,
#,"Exclusion of interest on State and local government bonds for private airports, docks, and mass-commuting facilities",,,,,,,,,,,,,,,,,,,,,,,,,,,,,,,,,,,,,
#+,,JCT,2001,300.00,300.00,400.00,400.00,,,,,,,,,,,,,,800.00,900.00,900.00,1000.00,,,,,,,,,,,,,,"Exclusion of interest on State and local government bonds for private airports, docks, and mass-commuting facilities",,,,,,,,,,,,,,,,,
#+,,JCT,2002,200.00,200.00,200.00,200.00,200.00,,,,,,,,,,,,,400.00,400.00,400.00,400.00,400.00,,,,,,,,,,,,,"Exclusion of interest on State and local government bonds for private airports, docks, and mass-commuting facilities",,,,,,,,,,,,,,,,,
#+,,JCT,2003,,200.00,200.00,200.00,200.00,200.00,,,,,,,,,,,,,500.00,500.00,500.00,500.00,500.00,,,,,,,,,,,,"Exclusion of interest on State and local government bonds for private airports, docks, and mass-commuting facilities",,,,,,,,,,,,,,,,,
#+,,JCT,2007,,,,,,300.00,300.00,300.00,300.00,300.00,,,,,,,,,,,,,600.00,700.00,700.00,700.00,800.00,,,,,,,,"Exclusion of interest on State and local government bonds for private airports, docks, and mass-commuting facilities",,,,,,,,,,,,,,,,,
#,New markets tax credit,,,,,,,,,,,,,,,,,,,,,,,,,,,,,,,,,,,,,"<p>New markets tax credit.&mdash;The baseline tax system would not allow credits for particular activities, investments, or industries. However, under current law taxpayers who make qualified equity investments in a community development entity (CDE), which then makes qualified investments in low-income communities, are eligible for a tax credit received over 7 years. The total equity investment available for the credit across all CDEs is $5 billion in 2009. </p>"
#+,,JCT,2003,,<50,<50,100.00,100.00,200.00,,,,,,,,,,,,,<50,<50,100.00,100.00,200.00,,,,,,,,,,,,New markets tax credit,,,,,,,,,,,,,,,,,
#+,,JCT,2007,,,,,,200.00,200.00,300.00,400.00,300.00,,,,,,,,,,,,,200.00,300.00,400.00,500.00,400.00,,,,,,,,New markets tax credit,,,,,,,,,,,,,,,,,
#+,,JCT,2008,,,,,,,200.00,300.00,400.00,300.00,300.00,,,,,,,,,,,,,300.00,400.00,500.00,500.00,400.00,,,,,,,New markets tax credit,,,,,,,,,,,,,,,,,
#+,,JCT,2009,,,,,,,,300.00,400.00,400.00,400.00,300.00,,,,,,,,,,,,,400.00,500.00,500.00,500.00,400.00,,,,,,New markets tax credit,,,,,,,,,,,,,,,,,
#+,,JCT,2010,,,,,,,,,400.00,400.00,400.00,400.00,400.00,,,,,,,,,,,,,500.00,600.00,600.00,500.00,500.00,,,,,New markets tax credit,,,,,,,,,,,,,,,,,
#+,,JCT,2010,,,,,,,,,400.00,400.00,400.00,400.00,400.00,,,,,,,,,,,,,500.00,600.00,600.00,500.00,500.00,,,,,New markets tax credit,,,,,,,,,,,,,,,,,
#+,,JCT,2011,,,,,,,,,,300.00,300.00,300.00,300.00,300.00,,,,,,,,,,,,,400.00,400.00,400.00,400.00,400.00,,,,New markets tax credit,,,,,,,,,,,,,,,,,
#+,,JCT,2012,,,,,,,,,,,300.00,300.00,300.00,300.00,300.00,,,,,,,,,,,,,400.00,400.00,400.00,400.00,400.00,,,New markets tax credit,,,,,,,,,,,,,,,,,
#+,70,Treasury,2002,0.00,0.00,20.00,50.00,80.00,110.00,160.00,,,,,,,,,,,0.00,10.00,70.00,150.00,230.00,330.00,480.00,,,,,,,,,,,New markets tax credit,,,,,,,,,,,,,,,,,
#+,68,Treasury,2003,,0.00,20.00,50.00,70.00,110.00,150.00,210.00,,,,,,,,,,,10.00,70.00,140.00,220.00,320.00,460.00,620.00,,,,,,,,,,New markets tax credit,,,,,,,,,,,,,,,,,
#+,68,Treasury,2004,,,20.00,50.00,70.00,110.00,150.00,210.00,220.00,,,,,,,,,,,70.00,140.00,220.00,320.00,460.00,620.00,650.00,,,,,,,,,New markets tax credit,,,,,,,,,,,,,,,,,
#+,68,Treasury,2005,,,,50.00,70.00,110.00,150.00,210.00,220.00,200.00,,,,,,,,,,,140.00,220.00,320.00,460.00,620.00,650.00,590.00,,,,,,,,New markets tax credit,,,,,,,,,,,,,,,,,
#+,75,Treasury,2006,,,,,70.00,110.00,150.00,210.00,220.00,200.00,170.00,,,,,,,,,,,220.00,320.00,460.00,620.00,650.00,590.00,500.00,,,,,,,New markets tax credit,,,,,,,,,,,,,,,,,
#+,91,Treasury,2007,,,,,,110.00,150.00,210.00,220.00,200.00,170.00,130.00,,,,,,,,,,,320.00,460.00,620.00,650.00,590.00,500.00,390.00,,,,,,New markets tax credit,,,,,,,,,,,,,,,,,
#+,88,Treasury,2008,,,,,,,150.00,210.00,250.00,240.00,210.00,180.00,140.00,,,,,,,,,,,440.00,600.00,740.00,730.00,650.00,550.00,450.00,,,,,New markets tax credit,,,,,,,,,,,,,,,,,
#+,88,Treasury,2009,,,,,,,,210.00,250.00,240.00,210.00,180.00,140.00,80.00,,,,,,,,,,,600.00,740.00,730.00,650.00,550.00,450.00,260.00,,,,New markets tax credit,,,,,,,,,,,,,,,,,
#+,91,Treasury,2010,,,,,,,,,250.00,280.00,260.00,230.00,200.00,140.00,70.00,,,,,,,,,,,740.00,830.00,790.00,690.00,610.00,440.00,230.00,,,New markets tax credit,,,,,,,,,,,,,,,,,
#+,91,Treasury,2011,,,,,,,,,,520.00,650.00,720.00,730.00,700.00,660.00,590.00,,,,,,,,,,,60.00,70.00,80.00,80.00,80.00,80.00,70.00,,New markets tax credit,,,,,,,,,,,,,,,,,
#+,92,Treasury,2012,,,,,,,,,,,650.00,720.00,730.00,700.00,660.00,590.00,480.00,,,,,,,,,,,70.00,80.00,80.00,80.00,80.00,70.00,60.00,New markets tax credit,,,,,,,,,,,,,,,,,
#,"Empowerment zones, Enterprise communities, and Renewal communities",,,,,,,,,,,,,,,,,,,,,,,,,,,,,,,,,,,,,
#+,67,Treasury,2003,,100.00,220.00,300.00,300.00,320.00,350.00,390.00,,,,,,,,,,,280.00,510.00,830.00,870.00,960.00,1060.00,1190.00,,,,,,,,,,"Empowerment zones, Enterprise communities, and Renewal communities",,,,,,,,,,,,,,,,,
#+,67,Treasury,2004,,,220.00,300.00,300.00,320.00,350.00,390.00,420.00,,,,,,,,,,,510.00,830.00,870.00,960.00,1060.00,1190.00,1330.00,,,,,,,,,"Empowerment zones, Enterprise communities, and Renewal communities",,,,,,,,,,,,,,,,,
#+,67,Treasury,2005,,,,280.00,280.00,290.00,310.00,330.00,370.00,420.00,,,,,,,,,,,790.00,800.00,830.00,900.00,990.00,1100.00,1310.00,,,,,,,,"Empowerment zones, Enterprise communities, and Renewal communities",,,,,,,,,,,,,,,,,
#+,74,Treasury,2006,,,,,280.00,290.00,310.00,340.00,370.00,420.00,190.00,,,,,,,,,,,800.00,830.00,900.00,1000.00,1110.00,1320.00,940.00,,,,,,,"Empowerment zones, Enterprise communities, and Renewal communities",,,,,,,,,,,,,,,,,
#,Renewal community tax incentives,,,,,,,,,,,,,,,,,,,,,,,,,,,,,,,,,,,,,
#+,,JCT,2003,,0.00,100.00,100.00,100.00,200.00,,,,,,,,,,,,,0.00,300.00,400.00,400.00,400.00,,,,,,,,,,,,Renewal community tax incentives,,,,,,,,,,,,,,,,,
#+,,JCT,2007,,,,,,200.00,200.00,200.00,300.00,300.00,,,,,,,,,,,,,300.00,400.00,400.00,500.00,500.00,,,,,,,,Renewal community tax incentives,,,,,,,,,,,,,,,,,
#+,,JCT,2008,,,,,,,200.00,200.00,200.00,200.00,200.00,,,,,,,,,,,,,300.00,400.00,400.00,400.00,300.00,,,,,,,Renewal community tax incentives,,,,,,,,,,,,,,,,,
#+,,JCT,2009,,,,,,,,300.00,400.00,400.00,200.00,<50,,,,,,,,,,,,,400.00,400.00,400.00,200.00,<50,,,,,,Renewal community tax incentives,,,,,,,,,,,,,,,,,
#+,,JCT,2010,,,,,,,,,300.00,200.00,100.00,100.00,100.00,,,,,,,,,,,,,400.00,300.00,100.00,100.00,100.00,,,,,Renewal community tax incentives,,,,,,,,,,,,,,,,,
#+,,JCT,2010,,,,,,,,,300.00,200.00,100.00,100.00,100.00,,,,,,,,,,,,,400.00,300.00,100.00,100.00,100.00,,,,,Renewal community tax incentives,,,,,,,,,,,,,,,,,
#,Deferral of capital gains with respect of dispositions of transmission property,,,,,,,,,,,,,,,,,,,,,,,,,,,,,,,,,,,,,
#+,77,Treasury,2006,,,,,0.00,-490.00,-620.00,-530.00,-230.00,100.00,360.00,,,,,,,,,,,0.00,0.00,0.00,0.00,0.00,0.00,0.00,,,,,,,Deferral of capital gains with respect of dispositions of transmission property,,,,,,,,,,,,,,,,,
#,Empowerment zones and renewal communities,,,,,,,,,,,,,,,,,,,,,,,,,,,,,,,,,,,,,"<p>Empowerment zones and renewal communities.&mdash;The baseline tax system generally would tax all income under the regular tax rate schedule. It would not allow preferentially low (or zero) tax rates to apply to certain types or sources of income, tax credits, and writeoffs faster than economic depreciation. In contrast, under current law qualifying businesses in designated economically depressed areas can receive tax benefits such as an employer wage credit, increased expensing of investment in equipment, special tax-exempt financing, accelerated depreciation, and certain capital gains incentives. </p>"
#+,90,Treasury,2007,,,,,,290.00,310.00,340.00,370.00,420.00,190.00,60.00,,,,,,,,,,,830.00,900.00,1000.00,1110.00,1320.00,940.00,360.00,,,,,,Empowerment zones and renewal communities,,,,,,,,,,,,,,,,,
#+,87,Treasury,2008,,,,,,,310.00,340.00,370.00,420.00,190.00,60.00,90.00,,,,,,,,,,,900.00,1000.00,1110.00,1320.00,940.00,360.00,480.00,,,,,Empowerment zones and renewal communities,,,,,,,,,,,,,,,,,
#+,87,Treasury,2009,,,,,,,,360.00,380.00,420.00,200.00,70.00,110.00,140.00,,,,,,,,,,,1090.00,1170.00,1340.00,970.00,410.00,550.00,650.00,,,,Empowerment zones and renewal communities,,,,,,,,,,,,,,,,,
#+,90,Treasury,2010,,,,,,,,,-400.00,-470.00,-200.00,-50.00,-120.00,-150.00,-180.00,,,,,,,,,,,-1250.00,-1490.00,-950.00,-370.00,-560.00,-680.00,-760.00,,,Empowerment zones and renewal communities,,,,,,,,,,,,,,,,,
#+,90,Treasury,2011,,,,,,,,,,270.00,140.00,80.00,110.00,130.00,150.00,140.00,,,,,,,,,,,860.00,610.00,350.00,470.00,550.00,590.00,590.00,,Empowerment zones and renewal communities,,,,,,,,,,,,,,,,,
#+,91,Treasury,2012,,,,,,,,,,,150.00,100.00,120.00,130.00,130.00,120.00,100.00,,,,,,,,,,,580.00,400.00,450.00,490.00,500.00,480.00,420.00,Empowerment zones and renewal communities,,,,,,,,,,,,,,,,,
#,Credit to holders of Gulf Tax Credit Bonds,,,,,,,,,,,,,,,,,,,,,,,,,,,,,,,,,,,,,"<p>Credit to holders of Gulf and Midwest Tax Credit Bonds.&mdash;The baseline tax system would not allow credits for particular activities, investments, or industries. Instead, under current law taxpayers that own Gulf and Midwest Tax Credit bonds receive a non-refundable tax credit rather than interest. The credit is included in gross income. </p>"
#+,93,Treasury,2007,,,,,,0.00,0.00,0.00,0.00,0.00,0.00,0.00,,,,,,,,,,,0.00,0.00,10.00,10.00,10.00,10.00,10.00,,,,,,Credit to holders of Gulf Tax Credit Bonds,,,,,,,,,,,,,,,,,
#+,90,Treasury,2008,,,,,,,0.00,0.00,0.00,0.00,0.00,0.00,0.00,,,,,,,,,,,10.00,10.00,10.00,10.00,10.00,10.00,10.00,,,,,Credit to holders of Gulf Tax Credit Bonds,,,,,,,,,,,,,,,,,
#+,90,Treasury,2009,,,,,,,,0.00,0.00,0.00,0.00,0.00,0.00,0.00,,,,,,,,,,,10.00,10.00,10.00,10.00,10.00,10.00,10.00,,,,Credit to holders of Gulf Tax Credit Bonds,,,,,,,,,,,,,,,,,
#+,93,Treasury,2010,,,,,,,,,0.00,0.00,20.00,20.00,20.00,10.00,10.00,,,,,,,,,,,10.00,30.00,60.00,60.00,50.00,40.00,40.00,,,Credit to holders of Gulf Tax Credit Bonds,,,,,,,,,,,,,,,,,
#+,93,Treasury,2011,,,,,,,,,,0.00,20.00,20.00,20.00,10.00,10.00,10.00,,,,,,,,,,,30.00,60.00,60.00,50.00,40.00,40.00,40.00,,Credit to holders of Gulf Tax Credit Bonds.,,,,,,,,,,,,,,,,,
#+,94,Treasury,2012,,,,,,,,,,,20.00,20.00,20.00,10.00,10.00,10.00,10.00,,,,,,,,,,,60.00,60.00,50.00,40.00,40.00,40.00,40.00,Credit to holders of Gulf Tax Credit Bonds.,,,,,,,,,,,,,,,,,
#,New York City Liberty Zone tax incentives,,,,,,,,,,,,,,,,,,,,,,,,,,,,,,,,,,,,,
#+,,JCT,2007,,,,,,300.00,400.00,100.00,0.00,0.00,,,,,,,,,,,,,300.00,400.00,300.00,200.00,200.00,,,,,,,,New York City Liberty Zone tax incentives,,,,,,,,,,,,,,,,,
#+,,JCT,2008,,,,,,,400.00,200.00,100.00,>-50,-100.00,,,,,,,,,,,,,-100.00,200.00,100.00,200.00,100.00,,,,,,,New York City Liberty Zone tax incentives,,,,,,,,,,,,,,,,,
#+,,JCT,2009,,,,,,,,100.00,100.00,<50,<50,<50,,,,,,,,,,,,,100.00,100.00,100.00,100.00,100.00,,,,,,New York City Liberty Zone tax incentives,,,,,,,,,,,,,,,,,
#,Wage credit for Indian reservation employment,,,,,,,,,,,,,,,,,,,,,,,,,,,,,,,,,,,,,
#+,,JCT,2007,,,,,,100.00,<50,<50,<50,0.00,,,,,,,,,,,,,<50,<50,<50,<50,0.00,,,,,,,,Wage credit for Indian reservation employment,,,,,,,,,,,,,,,,,
#,Expensing of environmental remediation costs (``brownfields''),,,,,,,,,,,,,,,,,,,,,,,,,,,,,,,,,,,,,
#+,,JCT,2007,,,,,,100.00,<50,>-50,>-50,>-50,,,,,,,,,,,,,100.00,<50,>-50,>-50,>-50,,,,,,,,Expensing of environmental remediation costs (``brownfields''),,,,,,,,,,,,,,,,,
#+,,JCT,2009,,,,,,,,100.00,<50,<50,<50,<50,,,,,,,,,,,,,200.00,<50,>-50,>-50,>-50,,,,,,Expensing of environmental remediation costs (``Brownfields''),,,,,,,,,,,,,,,,,
#+,,JCT,2010,,,,,,,,,100.00,100.00,<50,-100.00,-200.00,,,,,,,,,,,,,100.00,100.00,<50,-100.00,-100.00,,,,,Expensing of environmental remediation costs (``brownfields''),,,,,,,,,,,,,,,,,
#+,,JCT,2010,,,,,,,,,100.00,100.00,<50,-100.00,-200.00,,,,,,,,,,,,,100.00,100.00,<50,-100.00,-100.00,,,,,Expensing of environmental remediation costs (``brownfields''),,,,,,,,,,,,,,,,,
#,Exclusion of interest on State and local government bonds for qualified green building and sustainable design projects,,,,,,,,,,,,,,,,,,,,,,,,,,,,,,,,,,,,,
#+,,JCT,2007,,,,,,<50,<50,<50,<50,<50,,,,,,,,,,,,,<50,<50,<50,<50,<50,,,,,,,,Exclusion of interest on State and local government bonds for qualified green building and sustainable design projects,,,,,,,,,,,,,,,,,
#,Exclusion of interest on State and local qualified private activity bonds for green buildings and sustainable design projects,,,,,,,,,,,,,,,,,,,,,,,,,,,,,,,,,,,,,
#+,,JCT,2008,,,,,,,<50,<50,<50,<50,<50,,,,,,,,,,,,,<50,<50,<50,<50,<50,,,,,,,Exclusion of interest on State and local qualified private activity bonds for green buildings and sustainable design projects,,,,,,,,,,,,,,,,,
#+,,JCT,2009,,,,,,,,<50,<50,<50,<50,<50,,,,,,,,,,,,,<50,<50,<50,<50,<50,,,,,,Exclusion of interest on state and local qualified private activity bonds for green buildings and sustainable design projects,,,,,,,,,,,,,,,,,
#,"Exclusion of interest on State and local government qualified private activity bonds for private airports, docks, and mass-commuting facilities",,,,,,,,,,,,,,,,,,,,,,,,,,,,,,,,,,,,,
#+,,JCT,2008,,,,,,,300.00,300.00,300.00,300.00,400.00,,,,,,,,,,,,,700.00,800.00,800.00,900.00,900.00,,,,,,,"Exclusion of interest on State and local government qualified private activity bonds for private airports, docks, and mass-commuting facilities",,,,,,,,,,,,,,,,,
#+,,JCT,2010,,,,,,,,,300.00,300.00,300.00,300.00,300.00,,,,,,,,,,,,,700.00,700.00,700.00,800.00,900.00,,,,,"Exclusion of interest on State and local government qualified private activity bonds for private airports, docks, and mass-commuting facilities",,,,,,,,,,,,,,,,,
#+,,JCT,2011,,,,,,,,,,300.00,300.00,300.00,300.00,300.00,,,,,,,,,,,,,700.00,800.00,800.00,800.00,900.00,,,,"Exclusion of interest on State and local government qualified private activity bonds for private airports, docks, and mass-commuting facilities",,,,,,,,,,,,,,,,,
#,Accelerated depreciation for business property on Indian reservations,,,,,,,,,,,,,,,,,,,,,,,,,,,,,,,,,,,,,
#+,,JCT,2009,,,,,,,,200.00,200.00,<50,-100.00,-100.00,,,,,,,,,,,,,100.00,100.00,<50,>-50,100.00,,,,,,Accelerated depreciation for business property on Indian reservations,,,,,,,,,,,,,,,,,
#+,,JCT,2010,,,,,,,,,200.00,200.00,100.00,-100.00,-200.00,,,,,,,,,,,,,100.00,100.00,<50,-100.00,-100.00,,,,,Accelerated depreciation for business property on Indian reservations,,,,,,,,,,,,,,,,,
#,Tax credit for Indian reservation employment,,,,,,,,,,,,,,,,,,,,,,,,,,,,,,,,,,,,,
#+,,JCT,2009,,,,,,,,<50,<50,<50,<50,<50,,,,,,,,,,,,,<50,<50,<50,<50,<50,,,,,,Tax credit for Indian reservation employment,,,,,,,,,,,,,,,,,
#,"Exclusion of interest on State and local government qualified private activity bonds for private airports, docks, and mass-communting facilities",,,,,,,,,,,,,,,,,,,,,,,,,,,,,,,,,,,,,
#+,,JCT,2009,,,,,,,,300.00,300.00,400.00,400.00,400.00,,,,,,,,,,,,,800.00,900.00,900.00,900.00,1000.00,,,,,,"Exclusion of interest on State and local government qualified private activity bonds for private airports, docks, and mass-communting facilities",,,,,,,,,,,,,,,,,
#,Credit for Indian reservation employment,,,,,,,,,,,,,,,,,,,,,,,,,,,,,,,,,,,,,
#+,,JCT,2010,,,,,,,,,<50,<50,<50,0.00,0.00,,,,,,,,,,,,,<50,<50,<50,0.00,0.00,,,,,Credit for Indian reservation employment,,,,,,,,,,,,,,,,,
#+,,JCT,2011,,,,,,,,,,<50,<50,<50,0.00,0.00,,,,,,,,,,,,,<50,<50,<50,0.00,0.00,,,,Credit for Indian reservation employment,,,,,,,,,,,,,,,,,
#+,,JCT,2012,,,,,,,,,,,<50,<50,<50,<50,<50,,,,,,,,,,,,,<50,<50,<50,<50,<50,,,Credit for Indian reservation employment,,,,,,,,,,,,,,,,,
#,"Exclusion of interest on State and local government qualified private activity bonds for sewage, water, and hazardous waste facilities",,,,,,,,,,,,,,,,,,,,,,,,,,,,,,,,,,,,,
#+,,JCT,2010,,,,,,,,,200.00,200.00,200.00,200.00,200.00,,,,,,,,,,,,,400.00,400.00,400.00,500.00,500.00,,,,,"Exclusion of interest on State and local government qualified private activity bonds for sewage, water, and hazardous waste facilities",,,,,,,,,,,,,,,,,
#+,,JCT,2011,,,,,,,,,,200.00,200.00,200.00,200.00,200.00,,,,,,,,,,,,,400.00,400.00,500.00,500.00,500.00,,,,"Exclusion of interest on State and local government qualified private activity bonds for sewage, water, and hazardous waste facilities",,,,,,,,,,,,,,,,,
#+,,JCT,2012,,,,,,,,,,,100.00,100.00,100.00,100.00,100.00,,,,,,,,,,,,,200.00,300.00,300.00,300.00,300.00,,,"Exclusion of interest on State and local government qualified private activity bonds for sewage, water, and hazardous waste facilities",,,,,,,,,,,,,,,,,
#,Recovery Zone Bonds ,,,,,,,,,,,,,,,,,,,,,,,,,,,,,,,,,,,,,"<p>Recovery Zone Bonds.&mdash;The baseline tax system would not allow credits for particular activities, investments, or industries. In addition, it would tax all income under the regular tax rate schedule. It would not allow preferentially low (or zero) tax rates to apply to certain types or sources of income. In contrast, the Tax Code allows local governments to issue up $10 billion in taxable Recovery Zone Economic Development Bonds in 2009 and 2010 and receive a direct payment from Treasury equal to 45 percent of interest expenses. In addition, they would be allowed to allocate up to $15 billion in tax exempt Recovery Zone Facility Bonds. These bonds finance certain kinds of business development in areas of economic distress. </p>"
#+,94,Treasury,2011,,,,,,,,,,0.00,0.00,10.00,10.00,10.00,10.00,10.00,,,,,,,,,,,0.00,0.00,20.00,30.00,30.00,30.00,30.00,,Recovery Zone Bonds ,,,,,,,,,,,,,,,,,
#+,95,Treasury,2012,,,,,,,,,,,0.00,0.00,0.00,0.00,0.00,0.00,0.00,,,,,,,,,,,0.00,0.00,0.00,0.00,0.00,0.00,0.00,Recovery Zone Bonds ,,,,,,,,,,,,,,,,,
#,Tribal Economic Development Bonds,,,,,,,,,,,,,,,,,,,,,,,,,,,,,,,,,,,,,"<p>Tribal Economic Development Bonds.&mdash;The baseline tax system generally would tax all income under the regular tax rate schedule. It would not allow preferentially low (or zero) tax rates to apply to certain types or sources of income. In contrast, the Tax Code was modified in 2009 to allow Indian tribal governments to issue tax exempt ""tribal economic development bonds."" There is a national bond limitation of $2 billion. </p>"
#+,95,Treasury,2011,,,,,,,,,,0.00,50.00,130.00,160.00,160.00,170.00,180.00,,,,,,,,,,,0.00,90.00,260.00,310.00,330.00,350.00,370.00,,Tribal Economic Development Bonds,,,,,,,,,,,,,,,,,
#+,96,Treasury,2012,,,,,,,,,,,0.00,10.00,10.00,10.00,10.00,10.00,0.00,,,,,,,,,,,10.00,20.00,20.00,20.00,10.00,10.00,10.00,Tribal Economic Development Bonds,,,,,,,,,,,,,,,,,
#,Renewal community incentives,,,,,,,,,,,,,,,,,,,,,,,,,,,,,,,,,,,,,
#+,,JCT,2011,,,,,,,,,,200.00,100.00,100.00,<50,<50,,,,,,,,,,,,,300.00,100.00,100.00,100.00,<50,,,,Renewal community incentives,,,,,,,,,,,,,,,,,
#+,,JCT,2012,,,,,,,,,,,<50,<50,<50,<50,<50,,,,,,,,,,,,,200.00,100.00,100.00,100.00,100.00,,,Renewal community incentives,,,,,,,,,,,,,,,,,
#,Issuance of recovery zone economic development bonds,,,,,,,,,,,,,,,,,,,,,,,,,,,,,,,,,,,,,
#+,,JCT,2011,,,,,,,,,,<50,100.00,300.00,500.00,600.00,,,,,,,,,,,,,<50,<50,<50,<50,<50,,,,Issuance of recovery zone economic development bonds,,,,,,,,,,,,,,,,,
#+,,JCT,2012,,,,,,,,,,,<50,100.00,100.00,100.00,100.00,,,,,,,,,,,,,<50,100.00,100.00,100.00,100.00,,,Issuance of recovery zone economic development bonds,,,,,,,,,,,,,,,,,
#,Issuance of tribal economic development bonds,,,,,,,,,,,,,,,,,,,,,,,,,,,,,,,,,,,,,
#+,,JCT,2011,,,,,,,,,,<50,<50,<50,<50,<50,,,,,,,,,,,,,<50,<50,<50,<50,<50,,,,Issuance of tribal economic development bonds,,,,,,,,,,,,,,,,,
#+,,JCT,2012,,,,,,,,,,,<50,<50,<50,<50,<50,,,,,,,,,,,,,<50,<50,<50,<50,<50,,,Issuance of tribal economic development bonds,,,,,,,,,,,,,,,,,
#,Build America bonds ,,,,,,,,,,,,,,,,,,,,,,,,,,,,,,,,,,,,,
#+,,JCT,2011,,,,,,,,,,1300.00,2200.00,3000.00,3000.00,3000.00,,,,,,,,,,,,,<50,<50,<50,<50,<50,,,,Build America bonds ,,,,,,,,,,,,,,,,,
#+,,JCT,2012,,,,,,,,,,,200.00,500.00,800.00,800.00,800.00,,,,,,,,,,,,,700.00,1500.00,2300.00,2300.00,2300.00,,,Build America bonds ,,,,,,,,,,,,,,,,,
#,Eliminate requirement that financial institutions allocate interest expense attributable to tax-exempt interest,,,,,,,,,,,,,,,,,,,,,,,,,,,,,,,,,,,,,
#+,,JCT,2011,,,,,,,,,,<50,300.00,300.00,300.00,300.00,,,,,,,,,,,,,0.00,0.00,0.00,0.00,0.00,,,,Eliminate requirement that financial institutions allocate interest expense attributable to tax-exempt interest,,,,,,,,,,,,,,,,,
#+,,JCT,2012,,,,,,,,,,,200.00,300.00,300.00,300.00,300.00,,,,,,,,,,,,,0.00,0.00,0.00,0.00,0.00,,,Eliminate requirement that financial institutions allocate interest expense attributable to tax-exempt interest,,,,,,,,,,,,,,,,,
#,Disaster relief
##,Katrina emergency act,,,,,,,,,,,,,,,,,,,,,,,,,,,,,,,,,,,,,
##+,,JCT,2010,,,,,,,,,100.00,<50,<50,<50,<50,,,,,,,,,,,,,100.00,<50,<50,<50,<50,,,,,Katrina emergency act,,,,,,,,,,,,,,,,,
##+,,JCT,2010,,,,,,,,,100.00,<50,<50,<50,<50,,,,,,,,,,,,,100.00,<50,<50,<50,<50,,,,,Katrina emergency act,,,,,,,,,,,,,,,,,
##,Gulf opportunity zone,,,,,,,,,,,,,,,,,,,,,,,,,,,,,,,,,,,,,
##+,,JCT,2010,,,,,,,,,300.00,<50,100.00,<50,<50,,,,,,,,,,,,,1300.00,600.00,400.00,300.00,200.00,,,,,Gulf opportunity zone,,,,,,,,,,,,,,,,,
##+,,JCT,2010,,,,,,,,,300.00,<50,100.00,<50,<50,,,,,,,,,,,,,1300.00,600.00,400.00,300.00,200.00,,,,,Gulf opportunity zone,,,,,,,,,,,,,,,,,
##+,,JCT,2011,,,,,,,,,,<50,100.00,300.00,<50,<50,,,,,,,,,,,,,0.00,600.00,400.00,300.00,200.00,,,,Gulf opportunity zone,,,,,,,,,,,,,,,,,
##+,,JCT,2012,,,,,,,,,,,100.00,<50,<50,<50,<50,,,,,,,,,,,,,600.00,400.00,300.00,200.00,200.00,,,Gulf opportunity zone,,,,,,,,,,,,,,,,,
##,Kansas disaster relief,,,,,,,,,,,,,,,,,,,,,,,,,,,,,,,,,,,,,
##+,,JCT,2010,,,,,,,,,0.00,<50,<50,<50,<50,,,,,,,,,,,,,<50,<50,<50,<50,<50,,,,,Kansas disaster relief,,,,,,,,,,,,,,,,,
##+,,JCT,2010,,,,,,,,,0.00,<50,<50,<50,<50,,,,,,,,,,,,,<50,<50,<50,<50,<50,,,,,Kansas disaster relief,,,,,,,,,,,,,,,,,
##,Midwest disaster relief,,,,,,,,,,,,,,,,,,,,,,,,,,,,,,,,,,,,,
##+,,JCT,2010,,,,,,,,,0.00,300.00,200.00,200.00,300.00,,,,,,,,,,,,,0.00,900.00,100.00,100.00,100.00,,,,,Midwest disaster relief,,,,,,,,,,,,,,,,,
##+,,JCT,2010,,,,,,,,,0.00,300.00,200.00,200.00,300.00,,,,,,,,,,,,,0.00,900.00,100.00,100.00,100.00,,,,,Midwest disaster relief,,,,,,,,,,,,,,,,,
##+,,JCT,2011,,,,,,,,,,300.00,200.00,200.00,300.00,300.00,,,,,,,,,,,,,0.00,900.00,100.00,100.00,100.00,,,,Midwest disaster relief,,,,,,,,,,,,,,,,,
##+,,JCT,2012,,,,,,,,,,,200.00,200.00,300.00,300.00,300.00,,,,,,,,,,,,,900.00,100.00,100.00,100.00,200.00,,,Midwest disaster relief,,,,,,,,,,,,,,,,,
##,National disaster relief,,,,,,,,,,,,,,,,,,,,,,,,,,,,,,,,,,,,,
##+,,JCT,2010,,,,,,,,,0.00,800.00,1100.00,700.00,200.00,,,,,,,,,,,,,0.00,1200.00,800.00,500.00,100.00,,,,,National disaster relief,,,,,,,,,,,,,,,,,
##+,,JCT,2010,,,,,,,,,0.00,800.00,1100.00,700.00,200.00,,,,,,,,,,,,,0.00,1200.00,800.00,500.00,100.00,,,,,National disaster relief,,,,,,,,,,,,,,,,,
##+,,JCT,2011,,,,,,,,,,800.00,1100.00,700.00,200.00,-200.00,,,,,,,,,,,,,0.00,1200.00,800.00,500.00,100.00,,,,National disaster relief,,,,,,,,,,,,,,,,,
##+,,JCT,2012,,,,,,,,,,,200.00,100.00,<50,<50,<50,,,,,,,,,,,,,200.00,200.00,100.00,<50,<50,,,National disaster relief,,,,,,,,,,,,,,,,,
