Indent,Category,Source,Report,2000 (Corp),2001 (Corp),2002 (Corp),2003 (Corp),2004 (Corp),2005 (Corp),2006 (Corp),2007 (Corp),2008 (Corp),2009 (Corp),2010 (Corp),2011 (Corp),2012 (Corp),2013 (Corp),2014 (Corp),2015 (Corp),2016 (Corp),2000 (Indv),2001 (Indv),2002 (Indv),2003 (Indv),2004 (Indv),2005 (Indv),2006 (Indv),2007 (Indv),2008 (Indv),2009 (Indv),2010 (Indv),2011 (Indv),2012 (Indv),2013 (Indv),2014 (Indv),2015 (Indv),2016 (Indv),Expenditure Name,Expenditure Footnotes
,Health
#,Exclusion of employer contributions for medical insurance premiums and medical care,,,,,,,,,,,,,,,,,,,,,,,,,,,,,,,,,,,,,"<p>Employer-paid medical insurance and expenses.&mdash;Under the baseline tax system, all compensation, including dedicated payments and in-kind benefits, should be included in taxable income. In contrast, under current law, employer-paid health insurance premiums and other medical expenses (including long-term care) are deducted as a business expense by employers, but they are not included in employee gross income. The selfemployed also may deduct part of their family health insurance premiums. </p>"
#+,94,Treasury,2000,0.00,0.00,0.00,0.00,0.00,,,,,,,,,,,,,77670.00,83095.00,88830.00,94960.00,101520.00,,,,,,,,,,,,,Exclusion of employer contributions for medical insurance premiums and medical care,,,,,,,,,,,,,,,,,
#+,95,Treasury,2001,0.00,0.00,0.00,0.00,0.00,0.00,,,,,,,,,,,,75095.00,80570.00,86175.00,90655.00,95960.00,102725.00,,,,,,,,,,,,Exclusion of employer contributions for medical insurance premiums and medical care,,,,,,,,,,,,,,,,,
#+,97,Treasury,2002,0.00,0.00,0.00,0.00,0.00,0.00,0.00,,,,,,,,,,,76530.00,84350.00,92230.00,99800.00,107620.00,115770.00,124690.00,,,,,,,,,,,Exclusion of employer contributions for medical insurance premiums and medical care,,,,,,,,,,,,,,,,,
#+,97,Treasury,2003,,0.00,0.00,0.00,0.00,0.00,0.00,0.00,,,,,,,,,,,82800.00,90910.00,99260.00,106940.00,115380.00,124050.00,134960.00,,,,,,,,,,Exclusion of employer contributions for medical insurance premiums and medical care,,,,,,,,,,,,,,,,,
#+,97,Treasury,2004,,,0.00,0.00,0.00,0.00,0.00,0.00,0.00,,,,,,,,,,,99060.00,108500.00,120160.00,132240.00,144710.00,157180.00,170230.00,,,,,,,,,Exclusion of employer contributions for medical insurance premiums and medical care,,,,,,,,,,,,,,,,,
#+,98,Treasury,2005,,,,0.00,0.00,0.00,0.00,0.00,0.00,0.00,,,,,,,,,,,101920.00,106720.00,112990.00,120940.00,129820.00,139620.00,150300.00,,,,,,,,Exclusion of employer contributions for medical insurance premiums and medical care,,,,,,,,,,,,,,,,,
#+,107,Treasury,2006,,,,,0.00,0.00,0.00,0.00,0.00,0.00,0.00,,,,,,,,,,,102250.00,112160.00,125690.00,139060.00,152560.00,166190.00,176740.00,,,,,,,Exclusion of employer contributions for medical insurance premiums and medical care,,,,,,,,,,,,,,,,,
#+,124,Treasury,2007,,,,,,0.00,0.00,0.00,0.00,0.00,0.00,0.00,,,,,,,,,,,118420.00,132730.00,146780.00,161120.00,176290.00,191980.00,212820.00,,,,,,Exclusion of employer contributions for medical insurance premiums and medical care,,,,,,,,,,,,,,,,,
#+,121,Treasury,2008,,,,,,,0.00,0.00,0.00,0.00,0.00,0.00,0.00,,,,,,,,,,,125000.00,141270.00,160190.00,179580.00,200510.00,221880.00,243820.00,,,,,Exclusion of employer contributions for medical insurance premiums and medical care,,,,,,,,,,,,,,,,,
#+,122,Treasury,2009,,,,,,,,0.00,0.00,0.00,0.00,0.00,0.00,0.00,,,,,,,,,,,133790.00,151810.00,168460.00,185250.00,210110.00,233320.00,254810.00,,,,Exclusion of employer contributions for medical insurance premiums and medical care,,,,,,,,,,,,,,,,,
#+,126,Treasury,2010,,,,,,,,,,,,,,,,,,,,,,,,,,131080.00,142010.00,155050.00,169190.00,184860.00,199900.00,214740.00,,,Exclusion of employer contributions for medical insurance premiums and medical care ,,,,,,,,,,,,,,,,,
#+,131,Treasury,2011,,,,,,,,,,,,,,,,,,,,,,,,,,,144412.00,159868.00,176964.00,191540.00,208650.00,228040.00,248600.00,,Exclusion of employer contributions for medical insurance premiums and medical care  ,,,,,,,,,,,,,,,,,
#+,131,Treasury,2012,,,,,,,,,,,,,,,,,,,,,,,,,,,,160110.00,173750.00,184460.00,196220.00,211470.00,230080.00,248980.00,Exclusion of employer contributions for medical insurance premiums and medical care  ,,,,,,,,,,,,,,,,,
#,Self-employed medical insurance premiums,,,,,,,,,,,,,,,,,,,,,,,,,,,,,,,,,,,,,"<p>Self-employed medical insurance premiums.&mdash;Under the baseline tax system, all compensation and remuneration, including dedicated payments and in-kind benefits, should be included in taxable income. In contrast, under current law self-employed taxpayers may deduct a percentage of their family health insurance premiums. Taxpayers without self-employment income are not eligible for the special percentage deduction. The deductible percentage is 60 percent in 2001, 70 percent in 2002, and 100 percent in 2003 and thereafter. </p>"
#+,95,Treasury,2000,0.00,0.00,0.00,0.00,0.00,,,,,,,,,,,,,1310.00,1405.00,1550.00,2055.00,2905.00,,,,,,,,,,,,,Self-employed medical insurance premiums,,,,,,,,,,,,,,,,,
#+,96,Treasury,2001,0.00,0.00,0.00,0.00,0.00,0.00,,,,,,,,,,,,1250.00,1380.00,1545.00,2070.00,2905.00,3210.00,,,,,,,,,,,,Self-employed medical insurance premiums,,,,,,,,,,,,,,,,,
#+,98,Treasury,2002,0.00,0.00,0.00,0.00,0.00,0.00,0.00,,,,,,,,,,,1340.00,1510.00,1760.00,2470.00,3580.00,3900.00,4220.00,,,,,,,,,,,Self-employed medical insurance premiums,,,,,,,,,,,,,,,,,
#+,98,Treasury,2003,,0.00,0.00,0.00,0.00,0.00,0.00,0.00,,,,,,,,,,,1520.00,1730.00,2420.00,3570.00,3870.00,4170.00,4430.00,,,,,,,,,,Self-employed medical insurance premiums,,,,,,,,,,,,,,,,,
#+,98,Treasury,2004,,,0.00,0.00,0.00,0.00,0.00,0.00,0.00,,,,,,,,,,,1760.00,2500.00,3690.00,3940.00,4220.00,4520.00,4980.00,,,,,,,,,Self-employed medical insurance premiums,,,,,,,,,,,,,,,,,
#+,108,Treasury,2006,,,,,0.00,0.00,0.00,0.00,0.00,0.00,0.00,,,,,,,,,,,3330.00,3780.00,4330.00,4800.00,5260.00,5760.00,6250.00,,,,,,,Self-employed medical insurance premiums,,,,,,,,,,,,,,,,,
#+,125,Treasury,2007,,,,,,0.00,0.00,0.00,0.00,0.00,0.00,0.00,,,,,,,,,,,3790.00,4240.00,4630.00,5080.00,5570.00,6050.00,6730.00,,,,,,Self-employed medical insurance premiums,,,,,,,,,,,,,,,,,
#+,122,Treasury,2008,,,,,,,0.00,0.00,0.00,0.00,0.00,0.00,0.00,,,,,,,,,,,3970.00,4370.00,3730.00,4180.00,4670.00,5230.00,5810.00,,,,,Self-employed medical insurance premiums,,,,,,,,,,,,,,,,,
#+,123,Treasury,2009,,,,,,,,0.00,0.00,0.00,0.00,0.00,0.00,0.00,,,,,,,,,,,4260.00,4680.00,5170.00,5710.00,6590.00,7450.00,8180.00,,,,Self-employed medical insurance premiums,,,,,,,,,,,,,,,,,
#+,127,Treasury,2010,,,,,,,,,,,,,,,,,,,,,,,,,,5080.00,5470.00,6020.00,6680.00,7490.00,8250.00,9100.00,,,Self-employed medical insurance premiums,,,,,,,,,,,,,,,,,
#+,132,Treasury,2011,,,,,,,,,,,,,,,,,,,,,,,,,,,4870.00,5250.00,5740.00,6150.00,6580.00,7120.00,7780.00,,Self-employed medical insurance premiums,,,,,,,,,,,,,,,,,
#+,132,Treasury,2012,,,,,,,,,,,,,,,,,,,,,,,,,,,,5680.00,6210.00,6690.00,7200.00,7740.00,8310.00,8900.00,Self-employed medical insurance premiums ,,,,,,,,,,,,,,,,,
#,Workers- compensation insurance premiums,,,,,,,,,,,,,,,,,,,,,,,,,,,,,,,,,,,,,
#+,96,Treasury,2000,0.00,0.00,0.00,0.00,0.00,,,,,,,,,,,,,4585.00,4755.00,4935.00,5120.00,5315.00,,,,,,,,,,,,,Workers- compensation insurance premiums,,,,,,,,,,,,,,,,,
#+,97,Treasury,2001,0.00,0.00,0.00,0.00,0.00,0.00,,,,,,,,,,,,4585.00,4555.00,4935.00,5120.00,5315.00,5515.00,,,,,,,,,,,,Workers- compensation insurance premiums,,,,,,,,,,,,,,,,,
#+,99,Treasury,2002,0.00,0.00,0.00,0.00,0.00,0.00,0.00,,,,,,,,,,,4620.00,4850.00,5090.00,5350.00,5620.00,5900.00,6190.00,,,,,,,,,,,Workers- compensation insurance premiums,,,,,,,,,,,,,,,,,
#+,99,Treasury,2003,,0.00,0.00,0.00,0.00,0.00,0.00,0.00,,,,,,,,,,,4730.00,4870.00,5080.00,5230.00,5410.00,5570.00,5790.00,,,,,,,,,,Workers- compensation insurance premiums,,,,,,,,,,,,,,,,,
#+,99,Treasury,2004,,,0.00,0.00,0.00,0.00,0.00,0.00,0.00,,,,,,,,,,,5280.00,5770.00,6190.00,6630.00,7020.00,7490.00,8000.00,,,,,,,,,Workers- compensation insurance premiums,,,,,,,,,,,,,,,,,
#,Medical Savings Accounts,,,,,,,,,,,,,,,,,,,,,,,,,,,,,,,,,,,,,
#+,,JCT,2001,0.00,0.00,0.00,0.00,,,,,,,,,,,,,,<50,<50,<50,<50,,,,,,,,,,,,,,Medical savings accounts,,,,,,,,,,,,,,,,,
#+,,JCT,2002,0.00,0.00,0.00,0.00,0.00,,,,,,,,,,,,,<50,<50,<50,<50,<50,,,,,,,,,,,,,Medical savings accounts,,,,,,,,,,,,,,,,,
#+,,JCT,2003,,0.00,0.00,0.00,0.00,0.00,,,,,,,,,,,,,<50,<50,<50,<50,<50,,,,,,,,,,,,Medical savings accounts,,,,,,,,,,,,,,,,,
#+,97,Treasury,2000,0.00,0.00,0.00,0.00,0.00,,,,,,,,,,,,,25.00,25.00,20.00,20.00,15.00,,,,,,,,,,,,,Medical Savings Accounts,,,,,,,,,,,,,,,,,
#+,98,Treasury,2001,0.00,0.00,0.00,0.00,0.00,0.00,,,,,,,,,,,,30.00,30.00,30.00,30.00,30.00,25.00,,,,,,,,,,,,Medical Savings Accounts,,,,,,,,,,,,,,,,,
#+,100,Treasury,2002,0.00,0.00,0.00,0.00,0.00,0.00,0.00,,,,,,,,,,,20.00,20.00,30.00,20.00,20.00,20.00,20.00,,,,,,,,,,,Medical Savings Accounts,,,,,,,,,,,,,,,,,
#+,100,Treasury,2003,,0.00,0.00,0.00,0.00,0.00,0.00,0.00,,,,,,,,,,,20.00,20.00,20.00,20.00,20.00,20.00,20.00,,,,,,,,,,Medical Savings Accounts,,,,,,,,,,,,,,,,,
#+,100,Treasury,2004,,,0.00,0.00,0.00,0.00,0.00,0.00,0.00,,,,,,,,,,,20.00,30.00,30.00,30.00,30.00,30.00,20.00,,,,,,,,,Medical Savings Accounts,,,,,,,,,,,,,,,,,
#,Deductibility of medical expenses,,,,,,,,,,,,,,,,,,,,,,,,,,,,,,,,,,,,,"<p>Medical care expenses.&mdash;The baseline tax system would not allow a deduction for personal expenditures. In contrast, under current law personal expenditures for medical care (including the costs of prescription drugs) exceeding 7.5 percent of the taxpayer's adjusted gross income are deductible. </p>"
#+,98,Treasury,2000,0.00,0.00,0.00,0.00,0.00,,,,,,,,,,,,,3985.00,4215.00,4475.00,4750.00,5035.00,,,,,,,,,,,,,Deductibility of medical expenses,,,,,,,,,,,,,,,,,
#+,99,Treasury,2001,0.00,0.00,0.00,0.00,0.00,0.00,,,,,,,,,,,,3910.00,4160.00,4440.00,4720.00,5005.00,5305.00,,,,,,,,,,,,Deductibility of medical expenses,,,,,,,,,,,,,,,,,
#+,101,Treasury,2002,0.00,0.00,0.00,0.00,0.00,0.00,0.00,,,,,,,,,,,4250.00,4560.00,4870.00,5170.00,5480.00,5790.00,6110.00,,,,,,,,,,,Deductibility of medical expenses,,,,,,,,,,,,,,,,,
#+,101,Treasury,2003,,0.00,0.00,0.00,0.00,0.00,0.00,0.00,,,,,,,,,,,4990.00,5260.00,5530.00,5840.00,6280.00,6600.00,7100.00,,,,,,,,,,Deductibility of medical expenses,,,,,,,,,,,,,,,,,
#+,101,Treasury,2004,,,0.00,0.00,0.00,0.00,0.00,0.00,0.00,,,,,,,,,,,5710.00,6060.00,6340.00,6490.00,6610.00,6980.00,7380.00,,,,,,,,,Deductibility of medical expenses,,,,,,,,,,,,,,,,,
#+,101,Treasury,2005,,,,0.00,0.00,0.00,0.00,0.00,0.00,0.00,,,,,,,,,,,6240.00,6880.00,7900.00,8480.00,9180.00,10200.00,10990.00,,,,,,,,Deductibility of medical expenses,,,,,,,,,,,,,,,,,
#+,110,Treasury,2006,,,,,0.00,0.00,0.00,0.00,0.00,0.00,0.00,,,,,,,,,,,7380.00,8590.00,9140.00,9970.00,11100.00,11890.00,12670.00,,,,,,,Deductibility of medical expenses,,,,,,,,,,,,,,,,,
#+,127,Treasury,2007,,,,,,0.00,0.00,0.00,0.00,0.00,0.00,0.00,,,,,,,,,,,6110.00,4410.00,5310.00,6490.00,7720.00,9220.00,12260.00,,,,,,Deductibility of medical expenses,,,,,,,,,,,,,,,,,
#+,124,Treasury,2008,,,,,,,0.00,0.00,0.00,0.00,0.00,0.00,0.00,,,,,,,,,,,3770.00,4240.00,4920.00,5820.00,6840.00,9250.00,10780.00,,,,,Deductibility of medical expenses,,,,,,,,,,,,,,,,,
#+,125,Treasury,2009,,,,,,,,0.00,0.00,0.00,0.00,0.00,0.00,0.00,,,,,,,,,,,4470.00,5060.00,5920.00,6800.00,9150.00,10550.00,11490.00,,,,Deductibility of medical expenses,,,,,,,,,,,,,,,,,
#+,129,Treasury,2010,,,,,,,,,,,,,,,,,,,,,,,,,,9320.00,9660.00,10760.00,12540.00,14750.00,16850.00,19260.00,,,Deductibility of medical expenses,,,,,,,,,,,,,,,,,
#+,134,Treasury,2011,,,,,,,,,,,,,,,,,,,,,,,,,,,8760.00,9090.00,10030.00,10980.00,11970.00,13260.00,14910.00,,Deductibility of medical expenses,,,,,,,,,,,,,,,,,
#+,134,Treasury,2012,,,,,,,,,,,,,,,,,,,,,,,,,,,,9090.00,10030.00,10010.00,9930.00,11240.00,13390.00,15450.00,Deductibility of medical expenses,,,,,,,,,,,,,,,,,
#,Exclusion of interest on hospital construction bonds,,,,,,,,,,,,,,,,,,,,,,,,,,,,,,,,,,,,,"<p>Hospital construction bonds.&mdash;The baseline tax system generally would tax all income under the regular tax rate schedule. It would not allow preferentially low (or zero) tax rates to apply to certain types or sources of income. In contrast, under current law interest earned on State and local government debt issued to finance hospital construction is excluded from income subject to tax. </p>"
#+,99,Treasury,2000,310.00,310.00,315.00,320.00,320.00,,,,,,,,,,,,,875.00,880.00,890.00,900.00,910.00,,,,,,,,,,,,,Exclusion of interest on hospital construction bonds,,,,,,,,,,,,,,,,,
#+,100,Treasury,2001,310.00,310.00,315.00,320.00,320.00,325.00,,,,,,,,,,,,915.00,925.00,935.00,945.00,955.00,965.00,,,,,,,,,,,,Exclusion of interest on hospital construction bonds,,,,,,,,,,,,,,,,,
#+,102,Treasury,2002,270.00,280.00,290.00,310.00,340.00,370.00,410.00,,,,,,,,,,,810.00,820.00,840.00,900.00,1010.00,1120.00,1250.00,,,,,,,,,,,Exclusion of interest on hospital construction bonds,,,,,,,,,,,,,,,,,
#+,102,Treasury,2003,,280.00,290.00,290.00,300.00,310.00,320.00,320.00,,,,,,,,,,,820.00,840.00,900.00,1010.00,1130.00,1250.00,1380.00,,,,,,,,,,Exclusion of interest on hospital construction bonds,,,,,,,,,,,,,,,,,
#+,102,Treasury,2004,,,290.00,300.00,310.00,320.00,330.00,340.00,350.00,,,,,,,,,,,910.00,1020.00,1130.00,1240.00,1330.00,1400.00,1500.00,,,,,,,,,Exclusion of interest on hospital construction bonds,,,,,,,,,,,,,,,,,
#+,102,Treasury,2005,,,,350.00,360.00,370.00,390.00,400.00,410.00,420.00,,,,,,,,,,,1270.00,1420.00,1560.00,1670.00,1760.00,1880.00,1940.00,,,,,,,,Exclusion of interest on hospital construction bonds,,,,,,,,,,,,,,,,,
#+,111,Treasury,2006,,,,,400.00,410.00,430.00,440.00,450.00,460.00,480.00,,,,,,,,,,,1470.00,1610.00,1730.00,1820.00,1950.00,2010.00,2070.00,,,,,,,Exclusion of interest on hospital construction bonds,,,,,,,,,,,,,,,,,
#+,128,Treasury,2007,,,,,,410.00,420.00,430.00,440.00,460.00,470.00,490.00,,,,,,,,,,,1470.00,1590.00,1680.00,1860.00,1990.00,2050.00,2110.00,,,,,,Exclusion of interest on hospital construction bonds,,,,,,,,,,,,,,,,,
#+,125,Treasury,2008,,,,,,,820.00,900.00,950.00,980.00,1010.00,1040.00,1070.00,,,,,,,,,,,2600.00,2870.00,3060.00,3150.00,3250.00,3340.00,3440.00,,,,,Exclusion of interest on hospital construction bonds,,,,,,,,,,,,,,,,,
#+,126,Treasury,2009,,,,,,,,870.00,920.00,950.00,970.00,1000.00,1030.00,1060.00,,,,,,,,,,,1890.00,2030.00,2090.00,2150.00,2210.00,2280.00,2350.00,,,,Exclusion of interest on hospital construction bonds,,,,,,,,,,,,,,,,,
#+,130,Treasury,2010,,,,,,,,,580.00,990.00,1020.00,1050.00,1080.00,1110.00,1150.00,,,,,,,,,,,770.00,1950.00,2050.00,2260.00,2450.00,2530.00,2600.00,,,Exclusion of interest on hospital construction bonds,,,,,,,,,,,,,,,,,
#+,135,Treasury,2011,,,,,,,,,,570.00,610.00,1130.00,1420.00,1420.00,1470.00,1550.00,,,,,,,,,,,2120.00,1830.00,2220.00,2690.00,2890.00,3070.00,3240.00,,Exclusion of interest on hospital construction bonds,,,,,,,,,,,,,,,,,
#+,135,Treasury,2012,,,,,,,,,,,1140.00,1040.00,1380.00,1730.00,1780.00,1770.00,1830.00,,,,,,,,,,,2390.00,2590.00,2910.00,3350.00,3740.00,4020.00,4250.00,Exclusion of interest on hospital construction bonds,,,,,,,,,,,,,,,,,
#,Deductibility of charitable contributions (health),,,,,,,,,,,,,,,,,,,,,,,,,,,,,,,,,,,,,"<p>Charitable contributions to health institutions.&mdash;The baseline tax system would not allow a deduction for personal expenditures. In contrast, the Tax Code provides individuals and corporations a deduction for contributions to nonprofit health institutions. Tax expenditures resulting from the deductibility of contributions to other charitable institutions are listed under the education, training, employment, and social services function. </p>"
#+,100,Treasury,2000,620.00,640.00,670.00,695.00,730.00,,,,,,,,,,,,,2110.00,2220.00,2330.00,2450.00,2570.00,,,,,,,,,,,,,Deductibility of charitable contributions (health),,,,,,,,,,,,,,,,,
#+,101,Treasury,2001,620.00,660.00,720.00,740.00,735.00,780.00,,,,,,,,,,,,2180.00,2270.00,2360.00,2470.00,2580.00,2710.00,,,,,,,,,,,,Deductibility of charitable contributions (health),,,,,,,,,,,,,,,,,
#+,103,Treasury,2002,730.00,720.00,710.00,760.00,740.00,710.00,830.00,,,,,,,,,,,2180.00,2280.00,2390.00,2510.00,2640.00,2770.00,2910.00,,,,,,,,,,,Deductibility of charitable contributions (health),,,,,,,,,,,,,,,,,
#+,103,Treasury,2003,,710.00,820.00,920.00,1010.00,1010.00,1080.00,1150.00,,,,,,,,,,,3300.00,3360.00,3500.00,3680.00,3840.00,4020.00,4170.00,,,,,,,,,,Deductibility of charitable contributions (health),,,,,,,,,,,,,,,,,
#+,103,Treasury,2004,,,870.00,850.00,860.00,1010.00,990.00,980.00,980.00,,,,,,,,,,,3370.00,3510.00,3720.00,3890.00,4080.00,4240.00,4510.00,,,,,,,,,Deductibility of charitable contributions (health),,,,,,,,,,,,,,,,,
#+,103,Treasury,2005,,,,140.00,150.00,160.00,160.00,170.00,180.00,190.00,,,,,,,,,,,3250.00,2940.00,3190.00,3510.00,3720.00,3970.00,4260.00,,,,,,,,Deductibility of charitable contributions (health),,,,,,,,,,,,,,,,,
#+,112,Treasury,2006,,,,,150.00,160.00,160.00,170.00,180.00,190.00,200.00,,,,,,,,,,,2940.00,3190.00,3510.00,3720.00,3970.00,4260.00,4570.00,,,,,,,Deductibility of charitable contributions (health),,,,,,,,,,,,,,,,,
#+,129,Treasury,2007,,,,,,160.00,160.00,170.00,180.00,190.00,200.00,210.00,,,,,,,,,,,3190.00,3510.00,3720.00,3970.00,4260.00,4570.00,4900.00,,,,,,Deductibility of charitable contributions (health),,,,,,,,,,,,,,,,,
#+,126,Treasury,2008,,,,,,,170.00,180.00,190.00,200.00,210.00,220.00,230.00,,,,,,,,,,,4020.00,4380.00,4970.00,5370.00,5750.00,6160.00,6620.00,,,,,Deductibility of charitable contributions (health),,,,,,,,,,,,,,,,,
#+,127,Treasury,2009,,,,,,,,180.00,190.00,200.00,210.00,220.00,230.00,240.00,,,,,,,,,,,4130.00,4700.00,5100.00,5490.00,5940.00,6430.00,6840.00,,,,Deductibility of charitable contributions (health),,,,,,,,,,,,,,,,,
#+,131,Treasury,2010,,,,,,,,,180.00,190.00,200.00,210.00,220.00,230.00,240.00,,,,,,,,,,,4130.00,4700.00,5100.00,5490.00,5940.00,6430.00,6840.00,,,Deductibility of charitable contributions (health),,,,,,,,,,,,,,,,,
#+,136,Treasury,2011,,,,,,,,,,180.00,180.00,190.00,200.00,210.00,230.00,240.00,,,,,,,,,,,3970.00,4080.00,4760.00,5180.00,5600.00,6000.00,6400.00,,Deductibility of charitable contributions (health),,,,,,,,,,,,,,,,,
#+,138,Treasury,2012,,,,,,,,,,,180.00,190.00,200.00,210.00,230.00,240.00,250.00,,,,,,,,,,,3670.00,4280.00,4670.00,5040.00,5400.00,5760.00,6110.00,Deductibility of charitable contributions (health),,,,,,,,,,,,,,,,,
#,Tax credit for orphan drug research,,,,,,,,,,,,,,,,,,,,,,,,,,,,,,,,,,,,,"<p>Orphan drugs.&mdash;The baseline tax system would not allow credits for particular activities, investments, or industries. In contrast, under current law drug firms can claim a tax credit of 50 percent of the costs for clinical testing required by the Food and Drug Administration for drugs that treat rare physical conditions or rare diseases. </p>"
#+,,JCT,2001,<50,<50,<50,<50,,,,,,,,,,,,,,0.00,0.00,0.00,0.00,,,,,,,,,,,,,,Tax credit for orphan drug research,,,,,,,,,,,,,,,,,
#+,,JCT,2002,100.00,100.00,100.00,100.00,100.00,,,,,,,,,,,,,0.00,0.00,0.00,0.00,0.00,,,,,,,,,,,,,Tax credit for orphan drug research,,,,,,,,,,,,,,,,,
#+,,JCT,2003,,100.00,100.00,100.00,100.00,100.00,,,,,,,,,,,,,0.00,0.00,0.00,0.00,0.00,,,,,,,,,,,,Tax credit for orphan drug research,,,,,,,,,,,,,,,,,
#+,,JCT,2007,,,,,,200.00,200.00,200.00,300.00,300.00,,,,,,,,,,,,,0.00,0.00,0.00,0.00,0.00,,,,,,,,Tax credit for orphan drug research,,,,,,,,,,,,,,,,,
#+,,JCT,2008,,,,,,,200.00,300.00,300.00,300.00,300.00,,,,,,,,,,,,,0.00,0.00,0.00,0.00,0.00,,,,,,,Tax credit for orphan drug research,,,,,,,,,,,,,,,,,
#+,,JCT,2009,,,,,,,,300.00,300.00,300.00,300.00,400.00,,,,,,,,,,,,,<50,<50,<50,<50,<50,,,,,,Tax credit for orphan drug research,,,,,,,,,,,,,,,,,
#+,101,Treasury,2000,55.00,60.00,70.00,80.00,90.00,,,,,,,,,,,,,0.00,0.00,0.00,0.00,0.00,,,,,,,,,,,,,Tax credit for orphan drug research,,,,,,,,,,,,,,,,,
#+,102,Treasury,2001,80.00,90.00,100.00,115.00,130.00,140.00,,,,,,,,,,,,0.00,0.00,0.00,0.00,0.00,0.00,,,,,,,,,,,,Tax credit for orphan drug research,,,,,,,,,,,,,,,,,
#+,104,Treasury,2002,100.00,110.00,130.00,140.00,160.00,180.00,200.00,,,,,,,,,,,0.00,0.00,0.00,0.00,0.00,0.00,0.00,,,,,,,,,,,Tax credit for orphan drug research,,,,,,,,,,,,,,,,,
#+,104,Treasury,2003,,140.00,150.00,170.00,190.00,220.00,240.00,270.00,,,,,,,,,,,0.00,0.00,0.00,0.00,0.00,0.00,0.00,,,,,,,,,,Tax credit for orphan drug research,,,,,,,,,,,,,,,,,
#+,104,Treasury,2004,,,140.00,160.00,180.00,200.00,220.00,250.00,280.00,,,,,,,,,,,0.00,0.00,0.00,0.00,0.00,0.00,0.00,,,,,,,,,Tax credit for orphan drug research,,,,,,,,,,,,,,,,,
#+,104,Treasury,2005,,,,160.00,180.00,200.00,220.00,250.00,280.00,310.00,,,,,,,,,,,0.00,0.00,0.00,0.00,0.00,0.00,0.00,,,,,,,,Tax credit for orphan drug research,,,,,,,,,,,,,,,,,
#+,113,Treasury,2006,,,,,180.00,210.00,230.00,260.00,290.00,330.00,360.00,,,,,,,,,,,0.00,0.00,0.00,0.00,0.00,0.00,0.00,,,,,,,Tax credit for orphan drug research,,,,,,,,,,,,,,,,,
#+,130,Treasury,2007,,,,,,210.00,230.00,260.00,290.00,320.00,360.00,410.00,,,,,,,,,,,0.00,0.00,0.00,0.00,0.00,0.00,0.00,,,,,,Tax credit for orphan drug research,,,,,,,,,,,,,,,,,
#+,127,Treasury,2008,,,,,,,230.00,260.00,290.00,320.00,360.00,410.00,460.00,,,,,,,,,,,0.00,0.00,0.00,0.00,0.00,0.00,0.00,,,,,Tax credit for orphan drug research,,,,,,,,,,,,,,,,,
#+,128,Treasury,2009,,,,,,,,260.00,290.00,320.00,360.00,410.00,460.00,510.00,,,,,,,,,,,0.00,0.00,0.00,0.00,0.00,0.00,0.00,,,,Tax credit for orphan drug research,,,,,,,,,,,,,,,,,
#+,132,Treasury,2010,,,,,,,,,290.00,320.00,360.00,410.00,460.00,510.00,570.00,,,,,,,,,,,,,,,,,,,,Tax credit for orphan drug research,,,,,,,,,,,,,,,,,
#+,137,Treasury,2011,,,,,,,,,,270.00,290.00,320.00,350.00,380.00,410.00,450.00,,,,,,,,,,,,,,,,,,,Tax credit for orphan drug research,,,,,,,,,,,,,,,,,
#+,139,Treasury,2012,,,,,,,,,,,470.00,550.00,650.00,770.00,900.00,1060.00,1250.00,,,,,,,,,,,,,,,,,,Tax credit for orphan drug research,,,,,,,,,,,,,,,,,
#,Special Blue Cross/Blue Shield deduction,,,,,,,,,,,,,,,,,,,,,,,,,,,,,,,,,,,,,"<p>Blue Cross and Blue Shield.&mdash;The baseline tax system generally would tax all profits under the regular tax rate schedule. It would not allow preferentially low (or zero) tax rates to apply to certain types or sources of income. In contrast, Blue Cross and Blue Shield health insurance providers in existence on August 16, 1986 and certain other nonprofit health insurers are provided exceptions from otherwise applicable insurance company income tax accounting rules that substantially reduce (or even eliminate) their tax liabilities. </p>"
#+,102,Treasury,2000,250.00,280.00,325.00,290.00,250.00,,,,,,,,,,,,,0.00,0.00,0.00,0.00,0.00,,,,,,,,,,,,,Special Blue Cross/Blue Shield deduction,,,,,,,,,,,,,,,,,
#+,103,Treasury,2001,315.00,200.00,135.00,180.00,245.00,315.00,,,,,,,,,,,,0.00,0.00,0.00,0.00,0.00,0.00,,,,,,,,,,,,Special Blue Cross/Blue Shield deduction,,,,,,,,,,,,,,,,,
#+,105,Treasury,2002,230.00,250.00,280.00,320.00,290.00,280.00,250.00,,,,,,,,,,,0.00,0.00,0.00,0.00,0.00,0.00,0.00,,,,,,,,,,,Special Blue Cross/Blue Shield deduction,,,,,,,,,,,,,,,,,
#+,105,Treasury,2003,,270.00,300.00,340.00,310.00,300.00,270.00,300.00,,,,,,,,,,,0.00,0.00,0.00,0.00,0.00,0.00,0.00,,,,,,,,,,Special Blue Cross/Blue Shield deduction,,,,,,,,,,,,,,,,,
#+,105,Treasury,2004,,,300.00,340.00,310.00,300.00,270.00,300.00,250.00,,,,,,,,,,,0.00,0.00,0.00,0.00,0.00,0.00,0.00,,,,,,,,,Special Blue Cross/Blue Shield deduction,,,,,,,,,,,,,,,,,
#+,105,Treasury,2005,,,,350.00,320.00,310.00,280.00,310.00,260.00,290.00,,,,,,,,,,,0.00,0.00,0.00,0.00,0.00,0.00,0.00,,,,,,,,Special Blue Cross/Blue Shield deduction,,,,,,,,,,,,,,,,,
#+,114,Treasury,2006,,,,,400.00,390.00,360.00,390.00,340.00,370.00,430.00,,,,,,,,,,,0.00,0.00,0.00,0.00,0.00,0.00,0.00,,,,,,,Special Blue Cross/Blue Shield deduction,,,,,,,,,,,,,,,,,
#+,131,Treasury,2007,,,,,,710.00,780.00,850.00,920.00,760.00,830.00,920.00,,,,,,,,,,,0.00,0.00,0.00,0.00,0.00,0.00,0.00,,,,,,Special Blue Cross/Blue Shield deduction,,,,,,,,,,,,,,,,,
#+,128,Treasury,2008,,,,,,,620.00,680.00,740.00,610.00,660.00,690.00,740.00,,,,,,,,,,,0.00,0.00,0.00,0.00,0.00,0.00,0.00,,,,,Special Blue Cross/Blue Shield deduction,,,,,,,,,,,,,,,,,
#+,129,Treasury,2009,,,,,,,,620.00,640.00,650.00,660.00,670.00,680.00,680.00,,,,,,,,,,,0.00,0.00,0.00,0.00,0.00,0.00,0.00,,,,Special Blue Cross/Blue Shield deduction,,,,,,,,,,,,,,,,,
#+,133,Treasury,2010,,,,,,,,,620.00,600.00,650.00,660.00,670.00,680.00,690.00,,,,,,,,,,,,,,,,,,,,Special Blue Cross/Blue Shield deduction,,,,,,,,,,,,,,,,,
#+,138,Treasury,2011,,,,,,,,,,760.00,890.00,690.00,660.00,590.00,530.00,690.00,,,,,,,,,,,,,,,,,,,Special Blue Cross/Blue Shield deduction,,,,,,,,,,,,,,,,,
#+,140,Treasury,2012,,,,,,,,,,,750.00,715.00,680.00,590.00,530.00,610.00,710.00,,,,,,,,,,,,,,,,,,Special Blue Cross/Blue Shield deduction,,,,,,,,,,,,,,,,,
#,"Exclusion of employer contributions for health care, health insurance premiums, and long-term care insurance premiums ()",,,,,,,,,,,,,,,,,,,,,,,,,,,,,,,,,,,,,
#+,,JCT,2001,0.00,0.00,0.00,0.00,,,,,,,,,,,,,,61300.00,65100.00,69200.00,73800.00,,,,,,,,,,,,,,"Exclusion of employer contributions for health care, health insurance premiums, and long-term care insurance premiums ()",,,,,,,,,,,,,,,,,
#+,,JCT,2002,0.00,0.00,0.00,0.00,0.00,,,,,,,,,,,,,58000.00,61100.00,64400.00,68200.00,72500.00,,,,,,,,,,,,,"Exclusion of employer contributions for health care, health insurance premiums, and long-term care insurance premiums ()",,,,,,,,,,,,,,,,,
#+,,JCT,2003,,0.00,0.00,0.00,0.00,0.00,,,,,,,,,,,,,66200.00,71900.00,78200.00,84700.00,91400.00,,,,,,,,,,,,"Exclusion of employer contributions for health care, health insurance premiums, and long-term care insurance premiums ",,,,,,,,,,,,,,,,,
#+,,JCT,2007,,,,,,0.00,0.00,0.00,0.00,0.00,,,,,,,,,,,,,78600.00,91200.00,100200.00,107800.00,116000.00,,,,,,,,"Exclusion of employer contributions for health care, health insurance premiums, and long-term care insurance premiums",,,,,,,,,,,,,,,,,
#+,,JCT,2008,,,,,,,0.00,0.00,0.00,0.00,0.00,,,,,,,,,,,,,90600.00,99700.00,107000.00,114500.00,122200.00,,,,,,,"Exclusion of employer contributions for health care, health insurance premiums, and long-term care insurance premiums ",,,,,,,,,,,,,,,,,
#+,,JCT,2009,,,,,,,,0.00,0.00,0.00,0.00,0.00,,,,,,,,,,,,,105700.00,116500.00,126000.00,135600.00,144700.00,,,,,,"Exclusion of employer contributions for health care, health insurance premiums, and long-term care insurance premiums ",,,,,,,,,,,,,,,,,
#+,,JCT,2010,,,,,,,,,0.00,0.00,0.00,0.00,0.00,,,,,,,,,,,,,116800.00,127400.00,136900.00,145000.00,154200.00,,,,,"Exclusion of employer contributions for health care, health insurance premiums, and long-term care insurance premiums ",,,,,,,,,,,,,,,,,
#+,,JCT,2010,,,,,,,,,0.00,0.00,0.00,0.00,0.00,,,,,,,,,,,,,116800.00,127400.00,136900.00,145000.00,154200.00,,,,,"Exclusion of employer contributions for health care, health insurance premiums, and long-term care insurance premiums ",,,,,,,,,,,,,,,,,
#+,,JCT,2011,,,,,,,,,,0.00,0.00,0.00,0.00,0.00,,,,,,,,,,,,,94400.00,106600.00,115200.00,122000.00,130000.00,,,,"Exclusion of employer contributions for health care, health insurance premiums, and long-term care insurance premiums ",,,,,,,,,,,,,,,,,
#+,,JCT,2012,,,,,,,,,,,0.00,0.00,0.00,0.00,0.00,,,,,,,,,,,,,105700.00,117300.00,128000.00,147400.00,161000.00,,,"Exclusion of employer contributions for health care, health insurance premiums, and long-term care insurance premiums ",,,,,,,,,,,,,,,,,
#,"Exclusion of medical care and CHAMPUS/TRICARE medical insurance for military dependents, retirees, and retiree dependents",,,,,,,,,,,,,,,,,,,,,,,,,,,,,,,,,,,,,
#+,,JCT,2001,0.00,0.00,0.00,0.00,,,,,,,,,,,,,,1600.00,1600.00,1600.00,1600.00,,,,,,,,,,,,,,"Exclusion of medical care and CHAMPUS/TRICARE medical insurance for military dependents, retirees, and retiree dependents",,,,,,,,,,,,,,,,,
#+,,JCT,2002,0.00,0.00,0.00,0.00,0.00,,,,,,,,,,,,,1600.00,1600.00,1600.00,1600.00,1600.00,,,,,,,,,,,,,"Exclusion of medical care and CHAMPUS/TRICARE medical insurance for military dependents, retirees, and retiree dependents",,,,,,,,,,,,,,,,,
#+,,JCT,2003,,0.00,0.00,0.00,0.00,0.00,,,,,,,,,,,,,1600.00,1600.00,1600.00,1600.00,1700.00,,,,,,,,,,,,"Exclusion of medical care and CHAMPUS/TRICARE medical insurance for military dependents, retirees, and retiree dependents",,,,,,,,,,,,,,,,,
#+,,JCT,2007,,,,,,0.00,0.00,0.00,0.00,0.00,,,,,,,,,,,,,1600.00,1600.00,1700.00,1700.00,1700.00,,,,,,,,"Exclusion of medical care and CHAMPUS/TRICARE medical insurance for military dependents, retirees, and retiree dependents",,,,,,,,,,,,,,,,,
#,Deduction for health insurance premiums and long-term care insurance premiums by the self-employed,,,,,,,,,,,,,,,,,,,,,,,,,,,,,,,,,,,,,
#+,,JCT,2001,0.00,0.00,0.00,0.00,,,,,,,,,,,,,,1200.00,1200.00,1500.00,2400.00,,,,,,,,,,,,,,Deduction for health insurance premiums and long-term care insurance premiums by the self-employed,,,,,,,,,,,,,,,,,
#+,,JCT,2002,0.00,0.00,0.00,0.00,0.00,,,,,,,,,,,,,1200.00,1300.00,1600.00,2400.00,2800.00,,,,,,,,,,,,,Deduction for health insurance premiums and long-term care insurance premiums by the self-employed,,,,,,,,,,,,,,,,,
#+,,JCT,2003,,0.00,0.00,0.00,0.00,0.00,,,,,,,,,,,,,1400.00,1600.00,2500.00,2900.00,3000.00,,,,,,,,,,,,Deduction for health insurance premiums and long-term care insurance premiums by the self-employed,,,,,,,,,,,,,,,,,
#+,,JCT,2007,,,,,,0.00,0.00,0.00,0.00,0.00,,,,,,,,,,,,,3200.00,3800.00,4200.00,4500.00,5000.00,,,,,,,,Deduction for health insurance premiums and long-term care insurance premiums by the self-employed,,,,,,,,,,,,,,,,,
#+,,JCT,2008,,,,,,,0.00,0.00,0.00,0.00,0.00,,,,,,,,,,,,,3800.00,4200.00,4500.00,4900.00,5200.00,,,,,,,Deduction for health insurance premiums and long-term care insurance premiums by the self-employed,,,,,,,,,,,,,,,,,
#+,,JCT,2009,,,,,,,,0.00,0.00,0.00,0.00,0.00,,,,,,,,,,,,,3800.00,4400.00,4900.00,5300.00,5900.00,,,,,,Deduction for health insurance premiums and long-term care insurance premiums by the self-employed,,,,,,,,,,,,,,,,,
#+,,JCT,2010,,,,,,,,,0.00,0.00,0.00,0.00,0.00,,,,,,,,,,,,,4400.00,4800.00,5200.00,5800.00,6300.00,,,,,Deduction for health insurance premiums and long-term care insurance premiums by the self-employed,,,,,,,,,,,,,,,,,
#+,,JCT,2010,,,,,,,,,0.00,0.00,0.00,0.00,0.00,,,,,,,,,,,,,4400.00,4800.00,5200.00,5800.00,6300.00,,,,,Deduction for health insurance premiums and long-term care insurance premiums by the self-employed,,,,,,,,,,,,,,,,,
#+,,JCT,2011,,,,,,,,,,0.00,0.00,0.00,0.00,0.00,,,,,,,,,,,,,4300.00,4600.00,5100.00,5400.00,5700.00,,,,Deduction for health insurance premiums and long-term care insurance premiums by the self-employed,,,,,,,,,,,,,,,,,
#+,,JCT,2012,,,,,,,,,,,0.00,0.00,0.00,0.00,0.00,,,,,,,,,,,,,4600.00,5100.00,5500.00,6100.00,6600.00,,,Deduction for health insurance premiums and long-term care insurance premiums by the self-employed,,,,,,,,,,,,,,,,,
#,Deducation for medical expenses and long-term care expenses,,,,,,,,,,,,,,,,,,,,,,,,,,,,,,,,,,,,,
#+,,JCT,2001,0.00,0.00,0.00,0.00,,,,,,,,,,,,,,4300.00,4500.00,4700.00,4900.00,,,,,,,,,,,,,,Deducation for medical expenses and long-term care expenses,,,,,,,,,,,,,,,,,
#,Exclusion of workers' compensation benefits (medical benefits),,,,,,,,,,,,,,,,,,,,,,,,,,,,,,,,,,,,,
#+,,JCT,2001,0.00,0.00,0.00,0.00,,,,,,,,,,,,,,4500.00,4700.00,4900.00,5100.00,,,,,,,,,,,,,,Exclusion of workers' compensation benefits (medical benefits),,,,,,,,,,,,,,,,,
#+,,JCT,2002,0.00,0.00,0.00,0.00,0.00,,,,,,,,,,,,,4500.00,4700.00,4900.00,5100.00,5400.00,,,,,,,,,,,,,Exclusion of workers' compensation benefits (medical benefits),,,,,,,,,,,,,,,,,
#+,,JCT,2003,,0.00,0.00,0.00,0.00,0.00,,,,,,,,,,,,,4700.00,4900.00,5100.00,5400.00,5600.00,,,,,,,,,,,,Exclusion of workers' compensation benefits (medical benefits),,,,,,,,,,,,,,,,,
#+,,JCT,2007,,,,,,0.00,0.00,0.00,0.00,0.00,,,,,,,,,,,,,5200.00,5500.00,5700.00,6000.00,6300.00,,,,,,,,Exclusion of workers' compensation benefits (medical benefits),,,,,,,,,,,,,,,,,
#+,,JCT,2008,,,,,,,0.00,0.00,0.00,0.00,0.00,,,,,,,,,,,,,6500.00,6900.00,7400.00,8000.00,8500.00,,,,,,,Exclusion of workers' compensation benefits (medical benefits),,,,,,,,,,,,,,,,,
#+,,JCT,2009,,,,,,,,0.00,0.00,0.00,0.00,0.00,,,,,,,,,,,,,7500.00,8100.00,8800.00,9500.00,10300.00,,,,,,Exclusion of workers' compensation benefits (medical benefits),,,,,,,,,,,,,,,,,
#+,,JCT,2010,,,,,,,,,0.00,0.00,0.00,0.00,0.00,,,,,,,,,,,,,8100.00,8800.00,9500.00,10300.00,11200.00,,,,,Exclusion of workers' compensation benefits (medical benefits),,,,,,,,,,,,,,,,,
#+,,JCT,2010,,,,,,,,,0.00,0.00,0.00,0.00,0.00,,,,,,,,,,,,,8100.00,8800.00,9500.00,10300.00,11200.00,,,,,Exclusion of workers' compensation benefits (medical benefits),,,,,,,,,,,,,,,,,
#+,,JCT,2011,,,,,,,,,,0.00,0.00,0.00,0.00,0.00,,,,,,,,,,,,,2800.00,3000.00,3200.00,3500.00,3700.00,,,,Exclusion of workers' compensation benefits (medical benefits),,,,,,,,,,,,,,,,,
#+,,JCT,2012,,,,,,,,,,,0.00,0.00,0.00,0.00,0.00,,,,,,,,,,,,,3000.00,3200.00,3500.00,3700.00,4000.00,,,Exclusion of workers' compensation benefits (medical benefits),,,,,,,,,,,,,,,,,
#,Exclusion of interest on State and local government bonds for private nonprofit hospital facilities,,,,,,,,,,,,,,,,,,,,,,,,,,,,,,,,,,,,,
#+,,JCT,2001,600.00,600.00,700.00,700.00,,,,,,,,,,,,,,1500.00,1500.00,1600.00,1700.00,,,,,,,,,,,,,,Exclusion of interest on State and local government bonds for private nonprofit hospital facilities,,,,,,,,,,,,,,,,,
#+,,JCT,2002,300.00,300.00,300.00,300.00,300.00,,,,,,,,,,,,,800.00,800.00,900.00,900.00,900.00,,,,,,,,,,,,,Exclusion of interest on State and local government bonds for private nonprofit hospital facilities,,,,,,,,,,,,,,,,,
#+,,JCT,2003,,400.00,400.00,400.00,400.00,400.00,,,,,,,,,,,,,1100.00,1100.00,1000.00,1000.00,1000.00,,,,,,,,,,,,Exclusion of interest on State and local government bonds for private nonprofit hospital facilities,,,,,,,,,,,,,,,,,
#+,,JCT,2007,,,,,,500.00,500.00,500.00,600.00,600.00,,,,,,,,,,,,,1300.00,1300.00,1400.00,1400.00,1500.00,,,,,,,,Exclusion of interest on State and local government bonds for private nonprofit hospital facilities,,,,,,,,,,,,,,,,,
#,Deduction for charitable contributions to health organizations,,,,,,,,,,,,,,,,,,,,,,,,,,,,,,,,,,,,,
#+,,JCT,2001,800.00,900.00,1000.00,1100.00,,,,,,,,,,,,,,2100.00,2300.00,2400.00,2500.00,,,,,,,,,,,,,,Deduction for charitable contributions to health organizations,,,,,,,,,,,,,,,,,
#+,,JCT,2002,800.00,800.00,900.00,1000.00,1100.00,,,,,,,,,,,,,2700.00,2900.00,3100.00,3400.00,3600.00,,,,,,,,,,,,,Deduction for charitable contributions to health organizations,,,,,,,,,,,,,,,,,
#+,,JCT,2003,,900.00,1000.00,1000.00,1100.00,1200.00,,,,,,,,,,,,,2900.00,3100.00,3200.00,3400.00,3500.00,,,,,,,,,,,,Deduction for charitable contributions to health organizations,,,,,,,,,,,,,,,,,
#+,,JCT,2007,,,,,,900.00,1000.00,1000.00,1000.00,1100.00,,,,,,,,,,,,,3300.00,3700.00,4100.00,4300.00,4800.00,,,,,,,,Deduction for charitable contributions to health organizations,,,,,,,,,,,,,,,,,
#+,,JCT,2008,,,,,,,800.00,800.00,900.00,900.00,900.00,,,,,,,,,,,,,3700.00,4000.00,4300.00,4700.00,4800.00,,,,,,,Deduction for charitable contributions to health organizations,,,,,,,,,,,,,,,,,
#+,,JCT,2009,,,,,,,,900.00,900.00,900.00,900.00,900.00,,,,,,,,,,,,,4000.00,4300.00,4500.00,4700.00,5000.00,,,,,,Deduction for charitable contributions to health organizations,,,,,,,,,,,,,,,,,
#+,,JCT,2010,,,,,,,,,300.00,300.00,300.00,300.00,300.00,,,,,,,,,,,,,3900.00,4000.00,4300.00,4600.00,5000.00,,,,,Deduction for charitable contributions to health organizations,,,,,,,,,,,,,,,,,
#+,,JCT,2010,,,,,,,,,300.00,300.00,300.00,300.00,300.00,,,,,,,,,,,,,3900.00,4000.00,4300.00,4600.00,5000.00,,,,,Deduction for charitable contributions to health organizations,,,,,,,,,,,,,,,,,
#+,,JCT,2011,,,,,,,,,,300.00,300.00,300.00,300.00,300.00,,,,,,,,,,,,,3200.00,3700.00,4100.00,4200.00,4400.00,,,,Deduction for charitable contributions to health organizations,,,,,,,,,,,,,,,,,
#+,,JCT,2012,,,,,,,,,,,1800.00,1800.00,1900.00,1900.00,2000.00,,,,,,,,,,,,,2500.00,3000.00,3300.00,3500.00,3600.00,,,Deduction for charitable contributions to health organizations,,,,,,,,,,,,,,,,,
#,Deduction for medical expenses and long-term care expenses,,,,,,,,,,,,,,,,,,,,,,,,,,,,,,,,,,,,,
#+,,JCT,2002,0.00,0.00,0.00,0.00,0.00,,,,,,,,,,,,,4400.00,4800.00,5100.00,5400.00,5800.00,,,,,,,,,,,,,Deduction for medical expenses and long-term care expenses,,,,,,,,,,,,,,,,,
#+,,JCT,2003,,0.00,0.00,0.00,0.00,0.00,,,,,,,,,,,,,5100.00,5400.00,5600.00,6000.00,6300.00,,,,,,,,,,,,Deduction for medical expenses and long-term care expenses,,,,,,,,,,,,,,,,,
#+,,JCT,2007,,,,,,0.00,0.00,0.00,0.00,0.00,,,,,,,,,,,,,7700.00,8200.00,8900.00,9500.00,9900.00,,,,,,,,Deduction for medical expenses and long-term care expenses,,,,,,,,,,,,,,,,,
#+,,JCT,2008,,,,,,,0.00,0.00,0.00,0.00,0.00,,,,,,,,,,,,,7300.00,8200.00,9500.00,10700.00,12100.00,,,,,,,Deduction for medical expenses and long-term care expenses,,,,,,,,,,,,,,,,,
#+,,JCT,2009,,,,,,,,0.00,0.00,0.00,0.00,0.00,,,,,,,,,,,,,8400.00,9500.00,10800.00,12400.00,16700.00,,,,,,Deduction for medical expenses and long-term care expenses,,,,,,,,,,,,,,,,,
#+,,JCT,2010,,,,,,,,,0.00,0.00,0.00,0.00,0.00,,,,,,,,,,,,,9200.00,10600.00,12200.00,16400.00,19400.00,,,,,Deduction for medical expenses and long-term care expenses,,,,,,,,,,,,,,,,,
#+,,JCT,2010,,,,,,,,,0.00,0.00,0.00,0.00,0.00,,,,,,,,,,,,,9200.00,10600.00,12200.00,16400.00,19400.00,,,,,Deduction for medical expenses and long-term care expenses,,,,,,,,,,,,,,,,,
#+,,JCT,2011,,,,,,,,,,0.00,0.00,0.00,0.00,0.00,,,,,,,,,,,,,11600.00,12400.00,15500.00,17900.00,19300.00,,,,Deduction for medical expenses and long-term care expenses,,,,,,,,,,,,,,,,,
#+,,JCT,2012,,,,,,,,,,,0.00,0.00,0.00,0.00,0.00,,,,,,,,,,,,,10800.00,13500.00,16100.00,17500.00,19600.00,,,Deduction for medical expenses and long-term care expenses,,,,,,,,,,,,,,,,,
#,Tax credit for health insurance purchased by certain displaced and retired individuals,,,,,,,,,,,,,,,,,,,,,,,,,,,,,,,,,,,,,"<p>Tax credit for health insurance purchased by certain displaced and retired individuals.&mdash;The baseline tax system would not allow credits for particular activities, investments, or industries. In contrast, the Trade Act of 2002 provides a refundable tax credit of 65 percent for the purchase of health insurance coverage by individuals eligible for Trade Adjustment Assistance and certain Pension Benefit Guarantee Corporation pension recipients. </p>"
#+,106,Treasury,2004,,,0.00,0.00,0.00,0.00,0.00,0.00,0.00,,,,,,,,,,,0.00,0.00,60.00,30.00,40.00,50.00,60.00,,,,,,,,,Tax credit for health insurance purchased by certain displaced and retired individuals,,,,,,,,,,,,,,,,,
#+,106,Treasury,2005,,,,0.00,0.00,0.00,0.00,0.00,0.00,0.00,,,,,,,,,,,0.00,50.00,60.00,60.00,70.00,70.00,80.00,,,,,,,,Tax credit for health insurance purchased by certain displaced and retired individuals,,,,,,,,,,,,,,,,,
#+,115,Treasury,2006,,,,,0.00,0.00,0.00,0.00,0.00,0.00,0.00,,,,,,,,,,,50.00,60.00,40.00,40.00,40.00,50.00,50.00,,,,,,,Tax credit for health insurance purchased by certain displaced and retired individuals,,,,,,,,,,,,,,,,,
#+,132,Treasury,2007,,,,,,0.00,0.00,0.00,0.00,0.00,0.00,0.00,,,,,,,,,,,20.00,20.00,30.00,30.00,30.00,30.00,30.00,,,,,,Tax credit for health insurance purchased by certain displaced and retired individuals,,,,,,,,,,,,,,,,,
#+,129,Treasury,2008,,,,,,,0.00,0.00,0.00,0.00,0.00,0.00,0.00,,,,,,,,,,,0.00,10.00,10.00,10.00,10.00,10.00,10.00,,,,,Tax credit for health insurance purchased by certain displaced and retired individuals,,,,,,,,,,,,,,,,,
#+,130,Treasury,2009,,,,,,,,0.00,0.00,0.00,0.00,0.00,0.00,0.00,,,,,,,,,,,10.00,10.00,10.00,10.00,10.00,20.00,20.00,,,,Tax credit for health insurance purchased by certain displaced and retired individuals,,,,,,,,,,,,,,,,,
#+,134,Treasury,2010,,,,,,,,,,,,,,,,,,,,,,,,,,0.00,10.00,10.00,10.00,10.00,10.00,10.00,,,Tax credit for health insurance purchased by certain displaced and retired individuals ,,,,,,,,,,,,,,,,,
#+,139,Treasury,2011,,,,,,,,,,,,,,,,,,,,,,,,,,,10.00,10.00,10.00,10.00,10.00,10.00,10.00,,Tax credit for health insurance purchased by certain displaced and retired individuals  ,,,,,,,,,,,,,,,,,
#+,141,Treasury,2012,,,,,,,,,,,,,,,,,,,,,,,,,,,,0.00,0.00,0.00,0.00,0.00,0.00,0.00,Tax credit for health insurance purchased by certain displaced and retired individuals  ,,,,,,,,,,,,,,,,,
#,Deductibility of self-employed medical insurance premiums,,,,,,,,,,,,,,,,,,,,,,,,,,,,,,,,,,,,,
#+,99,Treasury,2005,,,,0.00,0.00,0.00,0.00,0.00,0.00,0.00,,,,,,,,,,,2550.00,3740.00,3780.00,4090.00,4370.00,4750.00,5150.00,,,,,,,,Deductibility of self-employed medical insurance premiums,,,,,,,,,,,,,,,,,
#,Medical Savings Accounts/Health Savings Accounts,,,,,,,,,,,,,,,,,,,,,,,,,,,,,,,,,,,,,"<p>Medical and health savings accounts.&mdash;Under the baseline tax system, all compensation, including dedicated payments and in-kind benefits, should be included in taxable income. Also, the baseline tax system would not allow a deduction for personal expenditures. In contrast, individual contributions to Archer Medical Savings Accounts (Archer MSAs) and Health Savings Accounts (HSAs) are allowed as a deduction in determining adjusted gross income whether or not the individual itemizes deductions. Employer contributions to Archer MSAs and HSAs are excluded from income and employment taxes. Archer MSAs and HSAs require that the individual have coverage by a qualifying high deductible health plan. Earnings from the accounts are excluded from taxable income. Distributions from the accounts used for medical expenses are not taxable. The rules for HSAs are generally more flexible than for Archer MSAs and the deductible contribution amounts are greater (in 2009, $3000 for taxpayers with individual coverage and $5,950 for taxpayers with family coverage). Thus, HSAs have largely replaced MSAs. </p>"
#+,100,Treasury,2005,,,,0.00,0.00,0.00,0.00,0.00,0.00,0.00,,,,,,,,,,,-30.00,-140.00,-570.00,-960.00,-1380.00,-1920.00,-2180.00,,,,,,,,Medical Savings Accounts/Health Savings Accounts,,,,,,,,,,,,,,,,,
#+,109,Treasury,2006,,,,,0.00,0.00,0.00,0.00,0.00,0.00,0.00,,,,,,,,,,,620.00,1050.00,1830.00,2650.00,3510.00,3960.00,3910.00,,,,,,,Medical Savings Accounts/Health Savings Accounts,,,,,,,,,,,,,,,,,
#+,126,Treasury,2007,,,,,,0.00,0.00,0.00,0.00,0.00,0.00,0.00,,,,,,,,,,,1050.00,1830.00,2650.00,3510.00,3960.00,3910.00,3860.00,,,,,,Medical Savings Accounts / Health Savings Accounts,,,,,,,,,,,,,,,,,
#+,123,Treasury,2008,,,,,,,0.00,0.00,0.00,0.00,0.00,0.00,0.00,,,,,,,,,,,280.00,990.00,1980.00,2600.00,2830.00,2910.00,2850.00,,,,,Medical Savings Accounts / Health Savings Accounts,,,,,,,,,,,,,,,,,
#+,124,Treasury,2009,,,,,,,,0.00,0.00,0.00,0.00,0.00,0.00,0.00,,,,,,,,,,,760.00,1140.00,1480.00,1590.00,1620.00,1540.00,1450.00,,,,Medical Savings Accounts / Health Savings Accounts,,,,,,,,,,,,,,,,,
#+,128,Treasury,2010,,,,,,,,,,,,,,,,,,,,,,,,,,1830.00,1930.00,2030.00,2130.00,2240.00,2350.00,2470.00,,,Medical Savings Accounts / Health Savings Accounts,,,,,,,,,,,,,,,,,
#+,133,Treasury,2011,,,,,,,,,,,,,,,,,,,,,,,,,,,1930.00,2030.00,2130.00,2240.00,2350.00,2470.00,2590.00,,Medical Savings Accounts / Health Savings Accounts,,,,,,,,,,,,,,,,,
#+,133,Treasury,2012,,,,,,,,,,,,,,,,,,,,,,,,,,,,1790.00,1880.00,1980.00,2070.00,2210.00,2350.00,2510.00,Medical Savings Accounts / Health Savings Accounts,,,,,,,,,,,,,,,,,
#,Health savings accounts,,,,,,,,,,,,,,,,,,,,,,,,,,,,,,,,,,,,,
#+,,JCT,2007,,,,,,0.00,0.00,0.00,0.00,0.00,,,,,,,,,,,,,400.00,500.00,500.00,600.00,700.00,,,,,,,,Health savings accounts,,,,,,,,,,,,,,,,,
#+,,JCT,2008,,,,,,,0.00,0.00,0.00,0.00,0.00,,,,,,,,,,,,,100.00,300.00,600.00,900.00,1200.00,,,,,,,Health savings accounts,,,,,,,,,,,,,,,,,
#+,,JCT,2009,,,,,,,,0.00,0.00,0.00,0.00,0.00,,,,,,,,,,,,,300.00,600.00,900.00,1200.00,1600.00,,,,,,Health savings accounts,,,,,,,,,,,,,,,,,
#+,,JCT,2010,,,,,,,,,0.00,0.00,0.00,0.00,0.00,,,,,,,,,,,,,500.00,700.00,900.00,1200.00,1600.00,,,,,Health savings accounts,,,,,,,,,,,,,,,,,
#+,,JCT,2010,,,,,,,,,0.00,0.00,0.00,0.00,0.00,,,,,,,,,,,,,500.00,700.00,900.00,1200.00,1600.00,,,,,Health savings accounts,,,,,,,,,,,,,,,,,
#+,,JCT,2011,,,,,,,,,,0.00,0.00,0.00,0.00,0.00,,,,,,,,,,,,,700.00,900.00,1200.00,1600.00,2100.00,,,,Health savings accounts,,,,,,,,,,,,,,,,,
#+,,JCT,2012,,,,,,,,,,,0.00,0.00,0.00,0.00,0.00,,,,,,,,,,,,,900.00,1200.00,1600.00,2100.00,2100.00,,,Health savings accounts,,,,,,,,,,,,,,,,,
#,Tax credit for purchase of health insurance by certain displaced persons,,,,,,,,,,,,,,,,,,,,,,,,,,,,,,,,,,,,,
#+,,JCT,2007,,,,,,0.00,0.00,0.00,0.00,0.00,,,,,,,,,,,,,100.00,100.00,100.00,100.00,100.00,,,,,,,,Tax credit for purchase of health insurance by certain displaced persons,,,,,,,,,,,,,,,,,
#+,,JCT,2008,,,,,,,0.00,0.00,0.00,0.00,0.00,,,,,,,,,,,,,200.00,200.00,200.00,200.00,300.00,,,,,,,Tax credit for purchase of health insurance by certain displaced persons,,,,,,,,,,,,,,,,,
#+,,JCT,2009,,,,,,,,0.00,0.00,0.00,0.00,0.00,,,,,,,,,,,,,200.00,200.00,200.00,200.00,200.00,,,,,,Tax credit for purchase of health insurance by certain displaced persons,,,,,,,,,,,,,,,,,
#,Distributions from retirement plans for premiums for health and long-term care insurance,,,,,,,,,,,,,,,,,,,,,,,,,,,,,,,,,,,,,"<p>Distributions for premiums for health and long-term care insurance.&mdash;Under the baseline tax system, all compensation, including dedicated and deferred payments, should be included in taxable income. In contrast, the Tax Code provides for tax-free distributions of up to $3,000 from governmental retirement plans for premiums for health and long term care premiums of public safety officers. </p>"
#+,130,Treasury,2008,,,,,,,0.00,0.00,0.00,0.00,0.00,0.00,0.00,,,,,,,,,,,0.00,250.00,240.00,280.00,310.00,340.00,380.00,,,,,Distributions from retirement plans for premiums for health and long-term care insurance,,,,,,,,,,,,,,,,,
#+,131,Treasury,2009,,,,,,,,0.00,0.00,0.00,0.00,0.00,0.00,0.00,,,,,,,,,,,250.00,240.00,280.00,310.00,340.00,380.00,420.00,,,,Distributions from retirement plans for premiums for health and long-term care insurance,,,,,,,,,,,,,,,,,
#+,135,Treasury,2010,,,,,,,,,,,,,,,,,,,,,,,,,,240.00,280.00,310.00,340.00,380.00,420.00,460.00,,,Distributions from retirement plans for premiums for health and long-term care insurance,,,,,,,,,,,,,,,,,
#+,140,Treasury,2011,,,,,,,,,,,,,,,,,,,,,,,,,,,260.00,300.00,330.00,360.00,400.00,440.00,490.00,,Distributions from retirement plans for premiums for health and long-term care insurance,,,,,,,,,,,,,,,,,
#+,142,Treasury,2012,,,,,,,,,,,,,,,,,,,,,,,,,,,,260.00,300.00,330.00,360.00,400.00,440.00,490.00,Distributions from retirement plans for premiums for health and long-term care insurance,,,,,,,,,,,,,,,,,
#,"Exclusion of medical care and TRICARE medical insurance for military dependents, retirees, and retiree dependents",,,,,,,,,,,,,,,,,,,,,,,,,,,,,,,,,,,,,
#+,,JCT,2008,,,,,,,0.00,0.00,0.00,0.00,0.00,,,,,,,,,,,,,1900.00,2000.00,2100.00,2300.00,2500.00,,,,,,,"Exclusion of medical care and TRICARE medical insurance for military dependents, retirees, and retiree dependents",,,,,,,,,,,,,,,,,
#,Exclusion of interest on State and local government qualified private activity bonds for private nonprofit hospital facilities,,,,,,,,,,,,,,,,,,,,,,,,,,,,,,,,,,,,,
#+,,JCT,2008,,,,,,,600.00,700.00,700.00,800.00,800.00,,,,,,,,,,,,,1700.00,1800.00,1900.00,2000.00,2100.00,,,,,,,Exclusion of interest on State and local government qualified private activity bonds for private nonprofit hospital facilities,,,,,,,,,,,,,,,,,
#+,,JCT,2009,,,,,,,,700.00,700.00,800.00,800.00,900.00,,,,,,,,,,,,,1800.00,1900.00,2000.00,2100.00,2200.00,,,,,,Exclusion of interest on State and local government qualified private activity bonds for private nonprofit hospital facilities,,,,,,,,,,,,,,,,,
#+,,JCT,2010,,,,,,,,,600.00,600.00,700.00,700.00,800.00,,,,,,,,,,,,,1500.00,1600.00,1700.00,1900.00,2000.00,,,,,Exclusion of interest on State and local government qualified private activity bonds for private nonprofit hospital facilities,,,,,,,,,,,,,,,,,
#+,,JCT,2010,,,,,,,,,600.00,600.00,700.00,700.00,800.00,,,,,,,,,,,,,1500.00,1600.00,1700.00,1900.00,2000.00,,,,,Exclusion of interest on State and local government qualified private activity bonds for private nonprofit hospital facilities,,,,,,,,,,,,,,,,,
#+,,JCT,2011,,,,,,,,,,700.00,700.00,700.00,700.00,700.00,,,,,,,,,,,,,1700.00,1700.00,1800.00,1900.00,1900.00,,,,Exclusion of interest on State and local government qualified private activity bonds for private nonprofit hospital facilities,,,,,,,,,,,,,,,,,
#+,,JCT,2012,,,,,,,,,,,500.00,600.00,600.00,700.00,700.00,,,,,,,,,,,,,1300.00,1500.00,1600.00,1700.00,1800.00,,,Exclusion of interest on State and local government qualified private activity bonds for private nonprofit hospital facilities,,,,,,,,,,,,,,,,,
#,"Exclusion of medical care and TRICARE medical insurance for military dependents, retirees, and retiree dependents not enrolled in Medicare",,,,,,,,,,,,,,,,,,,,,,,,,,,,,,,,,,,,,
#+,,JCT,2009,,,,,,,,0.00,0.00,0.00,0.00,0.00,,,,,,,,,,,,,1600.00,2100.00,2200.00,2300.00,2500.00,,,,,,"Exclusion of medical care and TRICARE medical insurance for military dependents, retirees, and retiree dependents not enrolled in Medicare",,,,,,,,,,,,,,,,,
#+,,JCT,2010,,,,,,,,,0.00,0.00,0.00,0.00,0.00,,,,,,,,,,,,,2100.00,2200.00,2300.00,2500.00,2600.00,,,,,"Exclusion of medical care and TRICARE medical insurance for military dependents, retirees, and retiree dependents not enrolled in Medicare",,,,,,,,,,,,,,,,,
#+,,JCT,2010,,,,,,,,,0.00,0.00,0.00,0.00,0.00,,,,,,,,,,,,,2100.00,2200.00,2300.00,2500.00,2600.00,,,,,"Exclusion of medical care and TRICARE medical insurance for military dependents, retirees, and retiree dependents not enrolled in Medicare",,,,,,,,,,,,,,,,,
#+,,JCT,2011,,,,,,,,,,0.00,0.00,0.00,0.00,0.00,,,,,,,,,,,,,2200.00,2300.00,2500.00,2600.00,2800.00,,,,"Exclusion of medical care and TRICARE medical insurance for military dependents, retirees, and retiree dependents not enrolled in Medicare",,,,,,,,,,,,,,,,,
#+,,JCT,2012,,,,,,,,,,,0.00,0.00,0.00,0.00,0.00,,,,,,,,,,,,,2300.00,2500.00,2600.00,2800.00,2900.00,,,"Exclusion of medical care and TRICARE medical insurance for military dependents, retirees, and retiree dependents not enrolled in Medicare",,,,,,,,,,,,,,,,,
#,Exclusion of health insurance benefits for military retirees and retiree dependents enrolled in Medicare,,,,,,,,,,,,,,,,,,,,,,,,,,,,,,,,,,,,,
#+,,JCT,2009,,,,,,,,0.00,0.00,0.00,0.00,0.00,,,,,,,,,,,,,800.00,1200.00,1300.00,1400.00,1700.00,,,,,,Exclusion of health insurance benefits for military retirees and retiree dependents enrolled in Medicare,,,,,,,,,,,,,,,,,
#+,,JCT,2010,,,,,,,,,0.00,0.00,0.00,0.00,0.00,,,,,,,,,,,,,1200.00,1300.00,1400.00,1700.00,1900.00,,,,,Exclusion of health insurance benefits for military retirees and retiree dependents enrolled in Medicare,,,,,,,,,,,,,,,,,
#+,,JCT,2010,,,,,,,,,0.00,0.00,0.00,0.00,0.00,,,,,,,,,,,,,1200.00,1300.00,1400.00,1700.00,1900.00,,,,,Exclusion of health insurance benefits for military retirees and retiree dependents enrolled in Medicare,,,,,,,,,,,,,,,,,
#+,,JCT,2011,,,,,,,,,,0.00,0.00,0.00,0.00,0.00,,,,,,,,,,,,,1300.00,1400.00,1700.00,1900.00,2300.00,,,,Exclusion of health insurance benefits for military retirees and retiree dependents enrolled in Medicare,,,,,,,,,,,,,,,,,
#+,,JCT,2012,,,,,,,,,,,0.00,0.00,0.00,0.00,0.00,,,,,,,,,,,,,1400.00,1700.00,1900.00,2100.00,2300.00,,,Exclusion of health insurance benefits for military retirees and retiree dependents enrolled in Medicare,,,,,,,,,,,,,,,,,
#,Credit for orphan drug research,,,,,,,,,,,,,,,,,,,,,,,,,,,,,,,,,,,,,
#+,,JCT,2010,,,,,,,,,300.00,300.00,300.00,400.00,400.00,,,,,,,,,,,,,<50,<50,<50,<50,<50,,,,,Credit for orphan drug research,,,,,,,,,,,,,,,,,
#+,,JCT,2011,,,,,,,,,,400.00,500.00,500.00,600.00,600.00,,,,,,,,,,,,,<50,<50,<50,<50,<50,,,,Credit for orphan drug research,,,,,,,,,,,,,,,,,
#+,,JCT,2012,,,,,,,,,,,500.00,500.00,600.00,600.00,600.00,,,,,,,,,,,,,<50,<50,<50,<50,<50,,,Credit for orphan drug research,,,,,,,,,,,,,,,,,
#,Credit for purchase of health insurance by certain displaced persons ,,,,,,,,,,,,,,,,,,,,,,,,,,,,,,,,,,,,,
#+,,JCT,2010,,,,,,,,,0.00,0.00,0.00,0.00,0.00,,,,,,,,,,,,,100.00,100.00,200.00,200.00,200.00,,,,,Credit for purchase of health insurance by certain displaced persons ,,,,,,,,,,,,,,,,,
#+,,JCT,2010,,,,,,,,,0.00,0.00,0.00,0.00,0.00,,,,,,,,,,,,,100.00,100.00,200.00,200.00,200.00,,,,,Credit for purchase of health insurance by certain displaced persons ,,,,,,,,,,,,,,,,,
#+,,JCT,2011,,,,,,,,,,0.00,0.00,0.00,0.00,0.00,,,,,,,,,,,,,200.00,400.00,200.00,200.00,200.00,,,,Credit for purchase of health insurance by certain displaced persons,,,,,,,,,,,,,,,,,
#+,,JCT,2012,,,,,,,,,,,0.00,0.00,0.00,0.00,0.00,,,,,,,,,,,,,200.00,200.00,100.00,100.00,100.00,,,Credit for purchase of health insurance by certain displaced persons ,,,,,,,,,,,,,,,,,
#,Premium subsidy for COBRA continuation coverage,,,,,,,,,,,,,,,,,,,,,,,,,,,,,,,,,,,,,
#+,,JCT,2011,,,,,,,,,,0.00,0.00,0.00,0.00,0.00,,,,,,,,,,,,,8700.00,5700.00,900.00,0.00,0.00,,,,Premium subsidy for COBRA continuation coverage,,,,,,,,,,,,,,,,,
#+,,JCT,2012,,,,,,,,,,,0.00,0.00,0.00,0.00,0.00,,,,,,,,,,,,,4900.00,1200.00,<50,0.00,0.00,,,Premium subsidy for COBRA continuation coverage ,,,,,,,,,,,,,,,,,
#,Refundable Premium Assistance Tax Credit ,,,,,,,,,,,,,,,,,,,,,,,,,,,,,,,,,,,,,
#+,136,Treasury,2012,,,,,,,,,,,,,,,,,,,,,,,,,,,,0.00,0.00,0.00,0.00,0.00,-1010.00,-1530.00,Refundable Premium Assistance Tax Credit ,,,,,,,,,,,,,,,,,
#,Credit for employee health insurance expenses of small business ,,,,,,,,,,,,,,,,,,,,,,,,,,,,,,,,,,,,,
#+,137,Treasury,2012,,,,,,,,,,,,,,,,,,,,,,,,,,,,2300.00,2420.00,3440.00,3810.00,4460.00,4740.00,4190.00,Credit for employee health insurance expenses of small business ,,,,,,,,,,,,,,,,,
#,Tax credit for small businesses purchasing employer insurance,,,,,,,,,,,,,,,,,,,,,,,,,,,,,,,,,,,,,
#+,,JCT,2012,,,,,,,,,,,300.00,600.00,800.00,900.00,700.00,,,,,,,,,,,,,1600.00,3600.00,4400.00,5100.00,4500.00,,,Tax credit for small businesses purchasing employer insurance,,,,,,,,,,,,,,,,,
#,Credits and subsidies for participation in exchanges ,,,,,,,,,,,,,,,,,,,,,,,,,,,,,,,,,,,,,
#+,,JCT,2012,,,,,,,,,,,0.00,0.00,0.00,0.00,0.00,,,,,,,,,,,,,0.00,0.00,0.00,0.00,22400.00,,,Credits and subsidies for participation in exchanges ,,,,,,,,,,,,,,,,,
