Indent,Category,Source,Report,2000 (Corp),2001 (Corp),2002 (Corp),2003 (Corp),2004 (Corp),2005 (Corp),2006 (Corp),2007 (Corp),2008 (Corp),2009 (Corp),2010 (Corp),2011 (Corp),2012 (Corp),2013 (Corp),2014 (Corp),2015 (Corp),2016 (Corp),2000 (Indv),2001 (Indv),2002 (Indv),2003 (Indv),2004 (Indv),2005 (Indv),2006 (Indv),2007 (Indv),2008 (Indv),2009 (Indv),2010 (Indv),2011 (Indv),2012 (Indv),2013 (Indv),2014 (Indv),2015 (Indv),2016 (Indv),Expenditure Name,Expenditure Footnotes
,International affairs
#,Exclusion of income earned abroad by U.S. citizens,,,,,,,,,,,,,,,,,,,,,,,,,,,,,,,,,,,,,"<p>Income earned abroad.&mdash;Under the baseline tax system, all compensation received by U.S. citizens is properly included in their taxable income. It makes no difference whether the compensation is a result of working abroad or whether it is labeled as a housing allowance. In contrast to this treatment, U.S. tax law allows U.S. citizens who live abroad, work in the private sector, and satisfy a foreign residency requirement to exclude up to $80,000 in foreign earned income from U.S. taxes. In addition, if these taxpayers receive a specific allowance for foreign housing from their employers, then they may also exclude the value of that allowance. If they do not receive a specific allowance for housing expenses, they may deduct against their U.S. taxes that portion of such expenses that exceeds one-sixth the salary of a civil servant at grade GS-14, step 1 ($83,445 in 2009, which excludes regional pay adjustments). </p>"
#+,,JCT,2001,0.00,0.00,0.00,0.00,,,,,,,,,,,,,,2000.00,2200.00,2300.00,2500.00,,,,,,,,,,,,,,Exclusion of income earned abroad by US citizens,,,,,,,,,,,,,,,,,
#+,,JCT,2002,0.00,0.00,0.00,0.00,0.00,,,,,,,,,,,,,2400.00,2600.00,2800.00,3000.00,3300.00,,,,,,,,,,,,,Exclusion of income earned abroad by US citizens,,,,,,,,,,,,,,,,,
#+,,JCT,2003,,0.00,0.00,0.00,0.00,0.00,,,,,,,,,,,,,2400.00,2500.00,2700.00,2900.00,3000.00,,,,,,,,,,,,Exclusion of income earned abroad by US citizens,,,,,,,,,,,,,,,,,
#+,,JCT,2007,,,,,,0.00,0.00,0.00,0.00,0.00,,,,,,,,,,,,,3600.00,3800.00,4000.00,4200.00,4400.00,,,,,,,,Exclusion of income earned abroad by US citizens,,,,,,,,,,,,,,,,,
#+,,JCT,2008,,,,,,,0.00,0.00,0.00,0.00,0.00,,,,,,,,,,,,,3800.00,4000.00,4200.00,4400.00,4600.00,,,,,,,Exclusion of income earned abroad by US citizens,,,,,,,,,,,,,,,,,
#+,,JCT,2009,,,,,,,,0.00,0.00,0.00,0.00,0.00,,,,,,,,,,,,,3800.00,4000.00,4200.00,4400.00,4600.00,,,,,,Exclusion of income earned abroad by US citizens,,,,,,,,,,,,,,,,,
#+,2,Treasury,2000,0.00,0.00,0.00,0.00,0.00,,,,,,,,,,,,,2500.00,2800.00,3125.00,3460.00,3830.00,,,,,,,,,,,,,Exclusion of income earned abroad by U.S. citizens,,,,,,,,,,,,,,,,,
#+,2,Treasury,2001,0.00,0.00,0.00,0.00,0.00,0.00,,,,,,,,,,,,2550.00,2790.00,3040.00,3285.00,3545.00,3825.00,,,,,,,,,,,,Exclusion of income earned abroad by U.S. citizens,,,,,,,,,,,,,,,,,
#+,2,Treasury,2002,0.00,0.00,0.00,0.00,0.00,0.00,0.00,,,,,,,,,,,2500.00,2680.00,2850.00,3010.00,3180.00,3350.00,3550.00,,,,,,,,,,,Exclusion of income earned abroad by U.S. citizens,,,,,,,,,,,,,,,,,
#+,2,Treasury,2003,,0.00,0.00,0.00,0.00,0.00,0.00,0.00,,,,,,,,,,,2450.00,2540.00,2660.00,2690.00,2760.00,2810.00,3170.00,,,,,,,,,,Exclusion of income earned abroad by U.S. citizens,,,,,,,,,,,,,,,,,
#+,2,Treasury,2004,,,0.00,0.00,0.00,0.00,0.00,0.00,0.00,,,,,,,,,,,2740.00,2620.00,2680.00,2750.00,2810.00,2940.00,3100.00,,,,,,,,,Exclusion of income earned abroad by U.S. citizens,,,,,,,,,,,,,,,,,
#+,2,Treasury,2005,,,,0.00,0.00,0.00,0.00,0.00,0.00,0.00,,,,,,,,,,,2620.00,2680.00,2750.00,2810.00,2940.00,3100.00,3270.00,,,,,,,,Exclusion of income earned abroad by U.S. citizens,,,,,,,,,,,,,,,,,
#+,2,Treasury,2006,,,,,0.00,0.00,0.00,0.00,0.00,0.00,0.00,,,,,,,,,,,2680.00,2750.00,2810.00,2940.00,3100.00,3270.00,3450.00,,,,,,,Exclusion of income earned abroad by U.S. citizens,,,,,,,,,,,,,,,,,
#+,2,Treasury,2007,,,,,,0.00,0.00,0.00,0.00,0.00,0.00,0.00,,,,,,,,,,,2750.00,2810.00,2940.00,3100.00,3270.00,3450.00,3640.00,,,,,,Exclusion of income earned abroad by U.S. citizens,,,,,,,,,,,,,,,,,
#+,2,Treasury,2008,,,,,,,0.00,0.00,0.00,0.00,0.00,0.00,0.00,,,,,,,,,,,2500.00,2630.00,2760.00,2900.00,3050.00,3200.00,3360.00,,,,,Exclusion of income earned abroad by U.S. citizens,,,,,,,,,,,,,,,,,
#+,2,Treasury,2009,,,,,,,,0.00,0.00,0.00,0.00,0.00,0.00,0.00,,,,,,,,,,,2630.00,2760.00,2900.00,3050.00,3200.00,3360.00,3530.00,,,,Exclusion of income earned abroad by U.S. citizens,,,,,,,,,,,,,,,,,
#+,2,Treasury,2010,,,,,,,,,,,,,,,,,,,,,,,,,,5070.00,5320.00,5590.00,5870.00,6160.00,6470.00,6790.00,,,Exclusion of income earned abroad by U.S. citizens,,,,,,,,,,,,,,,,,
#+,2,Treasury,2011,,,,,,,,,,,,,,,,,,,,,,,,,,,5320.00,5590.00,5870.00,6160.00,6470.00,6790.00,7130.00,,Exclusion of income earned abroad by U.S. citizens,,,,,,,,,,,,,,,,,
#+,2,Treasury,2012,,,,,,,,,,,,,,,,,,,,,,,,,,,,6800.00,5550.00,5400.00,5800.00,6140.00,6430.00,6730.00,Exclusion of income earned abroad by U.S. citizens,,,,,,,,,,,,,,,,,
#,Exclusion of income of foreign sales corporations,,,,,,,,,,,,,,,,,,,,,,,,,,,,,,,,,,,,,
#+,3,Treasury,2000,2400.00,2550.00,2700.00,2900.00,3100.00,,,,,,,,,,,,,0.00,0.00,0.00,0.00,0.00,,,,,,,,,,,,,Exclusion of income of foreign sales corporations,,,,,,,,,,,,,,,,,
#+,4,Treasury,2001,3890.00,4160.00,4460.00,4770.00,5100.00,5460.00,,,,,,,,,,,,0.00,0.00,0.00,0.00,0.00,0.00,,,,,,,,,,,,Exclusion of income of foreign sales corporations,,,,,,,,,,,,,,,,,
#+,4,Treasury,2002,3890.00,0.00,0.00,0.00,0.00,0.00,0.00,,,,,,,,,,,0.00,0.00,0.00,0.00,0.00,0.00,0.00,,,,,,,,,,,Exclusion of income of foreign sales corporations,,,,,,,,,,,,,,,,,
#,Inventory property sales source rules exception,,,,,,,,,,,,,,,,,,,,,,,,,,,,,,,,,,,,,"<p>Sales source rule exceptions.&mdash;The United States generally taxes the worldwide income of U.S. persons, with taxpayers receiving a credit for foreign taxes paid, limited to the pre-credit U.S. tax on the foreign source income. In contrast, the sales source rules for inventory property allow U.S. exporters to use more foreign tax credits by allowing the exporters to attribute a larger portion of their earnings abroad than would be the case if the allocation of earnings was based on actual economic activity. </p>"
#+,4,Treasury,2000,1100.00,1150.00,1250.00,1350.00,1450.00,,,,,,,,,,,,,0.00,0.00,0.00,0.00,0.00,,,,,,,,,,,,,Inventory property sales source rules exception,,,,,,,,,,,,,,,,,
#+,5,Treasury,2001,1100.00,1150.00,1250.00,1350.00,1450.00,1550.00,,,,,,,,,,,,0.00,0.00,0.00,0.00,0.00,0.00,,,,,,,,,,,,Inventory property sales source rules exception,,,,,,,,,,,,,,,,,
#+,6,Treasury,2002,2170.00,2280.00,2390.00,2510.00,2630.00,2760.00,2900.00,,,,,,,,,,,0.00,0.00,0.00,0.00,0.00,0.00,0.00,,,,,,,,,,,Inventory property sales source rules exception,,,,,,,,,,,,,,,,,
#+,5,Treasury,2003,,1400.00,1470.00,1540.00,1620.00,1700.00,1790.00,1880.00,,,,,,,,,,,0.00,0.00,0.00,0.00,0.00,0.00,0.00,,,,,,,,,,Inventory property sales source rules exception,,,,,,,,,,,,,,,,,
#+,5,Treasury,2004,,,1470.00,1540.00,1620.00,1700.00,1790.00,1880.00,1980.00,,,,,,,,,,,0.00,0.00,0.00,0.00,0.00,0.00,0.00,,,,,,,,,Inventory property sales source rules exception,,,,,,,,,,,,,,,,,
#+,5,Treasury,2005,,,,1540.00,1620.00,1700.00,1790.00,1880.00,1980.00,2080.00,,,,,,,,,,,0.00,0.00,0.00,0.00,0.00,0.00,0.00,,,,,,,,Inventory property sales source rules exception,,,,,,,,,,,,,,,,,
#+,5,Treasury,2006,,,,,1500.00,1620.00,1770.00,1950.00,2200.00,2430.00,2630.00,,,,,,,,,,,0.00,0.00,0.00,0.00,0.00,0.00,0.00,,,,,,,Inventory property sales source rules exception,,,,,,,,,,,,,,,,,
#+,5,Treasury,2007,,,,,,1560.00,1680.00,1840.00,2040.00,2230.00,2380.00,2540.00,,,,,,,,,,,0.00,0.00,0.00,0.00,0.00,0.00,0.00,,,,,,Inventory property sales source rules exception,,,,,,,,,,,,,,,,,
#+,5,Treasury,2008,,,,,,,1730.00,1890.00,2120.00,2330.00,2510.00,2704.00,2913.00,,,,,,,,,,,0.00,0.00,0.00,0.00,0.00,0.00,0.00,,,,,Inventory property sales source rules exception,,,,,,,,,,,,,,,,,
#+,4,Treasury,2009,,,,,,,,1940.00,2180.00,2410.00,2610.00,2820.00,3060.00,3310.00,,,,,,,,,,,0.00,0.00,0.00,0.00,0.00,0.00,0.00,,,,Inventory property sales source rules exception,,,,,,,,,,,,,,,,,
#+,4,Treasury,2010,,,,,,,,,2200.00,2440.00,2640.00,2860.00,3100.00,3360.00,3640.00,,,,,,,,,,,,,,,,,,,,Inventory property sales source rules exception,,,,,,,,,,,,,,,,,
#+,4,Treasury,2011,,,,,,,,,,2420.00,2620.00,2830.00,3070.00,3320.00,3590.00,3890.00,,,,,,,,,,,,,,,,,,,Inventory property sales source rules exception,,,,,,,,,,,,,,,,,
#+,4,Treasury,2012,,,,,,,,,,,2680.00,2910.00,3160.00,3430.00,3730.00,4050.00,4400.00,,,,,,,,,,,,,,,,,,Inventory property sales source rules exception,,,,,,,,,,,,,,,,,
#,Deferral of income from controlled foreign corporations (normal tax method),,,,,,,,,,,,,,,,,,,,,,,,,,,,,,,,,,,,,"<p>Income of U.S.-controlled foreign corporations.&mdash;The United States generally taxes the worldwide income of U.S. persons and business entities. In contrast, certain active income of foreign corporations controlled by U.S. shareholders is not subject to U.S. taxation when it is earned. The income becomes taxable only when the controlling U.S. shareholders receive dividends or other distributions from their foreign stockholding. The reference law tax baseline reflects this tax treatment where only realized income is taxed. Under the normal tax method, however, the currently attributable foreign source pre-tax income from such a controlling interest is considered to be subject to U.S. taxation, whether or not distributed. Thus, the normal tax method considers the amount of controlled foreign corporation income not yet distributed to a U.S. shareholder as tax-deferred income. </p>"
#+,5,Treasury,2000,6200.00,6600.00,7000.00,7450.00,7900.00,,,,,,,,,,,,,0.00,0.00,0.00,0.00,0.00,,,,,,,,,,,,,Deferral of income from controlled foreign corporations (normal tax method),,,,,,,,,,,,,,,,,
#+,6,Treasury,2001,6200.00,6600.00,7000.00,7450.00,7900.00,8400.00,,,,,,,,,,,,0.00,0.00,0.00,0.00,0.00,0.00,,,,,,,,,,,,Deferral of income from controlled foreign corporations (normal tax method),,,,,,,,,,,,,,,,,
#+,7,Treasury,2002,6200.00,6600.00,7000.00,7450.00,7900.00,8400.00,8930.00,,,,,,,,,,,0.00,0.00,0.00,0.00,0.00,0.00,0.00,,,,,,,,,,,Deferral of income from controlled foreign corporations (normal tax method),,,,,,,,,,,,,,,,,
#+,6,Treasury,2003,,6600.00,7000.00,7450.00,7900.00,8400.00,8930.00,9550.00,,,,,,,,,,,0.00,0.00,0.00,0.00,0.00,0.00,0.00,,,,,,,,,,Deferral of income from controlled foreign corporations (normal tax method),,,,,,,,,,,,,,,,,
#+,6,Treasury,2004,,,7000.00,7450.00,7900.00,8400.00,8930.00,9550.00,10210.00,,,,,,,,,,,0.00,0.00,0.00,0.00,0.00,0.00,0.00,,,,,,,,,Deferral of income from controlled foreign corporations (normal tax method),,,,,,,,,,,,,,,,,
#+,6,Treasury,2005,,,,7450.00,7900.00,8400.00,8930.00,9550.00,10210.00,10920.00,,,,,,,,,,,0.00,0.00,0.00,0.00,0.00,0.00,0.00,,,,,,,,Deferral of income from controlled foreign corporations (normal tax method),,,,,,,,,,,,,,,,,
#+,6,Treasury,2006,,,,,7240.00,7000.00,7440.00,7960.00,8510.00,9100.00,9730.00,,,,,,,,,,,0.00,0.00,0.00,0.00,0.00,0.00,0.00,,,,,,,Deferral of income from controlled foreign corporations (normal tax method),,,,,,,,,,,,,,,,,
#+,6,Treasury,2007,,,,,,10500.00,11160.00,11940.00,12770.00,13650.00,14600.00,15620.00,,,,,,,,,,,0.00,0.00,0.00,0.00,0.00,0.00,0.00,,,,,,Deferral of income from controlled foreign corporations (normal tax method),,,,,,,,,,,,,,,,,
#+,6,Treasury,2008,,,,,,,11160.00,11940.00,12770.00,13650.00,14600.00,15620.00,16710.00,,,,,,,,,,,0.00,0.00,0.00,0.00,0.00,0.00,0.00,,,,,Deferral of income from controlled foreign corporations (normal tax method),,,,,,,,,,,,,,,,,
#+,5,Treasury,2009,,,,,,,,12490.00,13120.00,13780.00,14480.00,15220.00,15990.00,16810.00,,,,,,,,,,,0.00,0.00,0.00,0.00,0.00,0.00,0.00,,,,Deferral of income from controlled foreign corporations (normal tax method),,,,,,,,,,,,,,,,,
#+,5,Treasury,2010,,,,,,,,,31580.00,30960.00,32720.00,33870.00,34490.00,33930.00,34130.00,,,,,,,,,,,,,,,,,,,,Deferral of income from controlled foreign corporations (normal tax method),,,,,,,,,,,,,,,,,
#+,5,Treasury,2011,,,,,,,,,,31580.00,30960.00,32720.00,33870.00,34490.00,33930.00,34130.00,,,,,,,,,,,,,,,,,,,Deferral of income from controlled foreign corporations (normal tax method),,,,,,,,,,,,,,,,,
#+,5,Treasury,2012,,,,,,,,,,,38130.00,41410.00,42000.00,41810.00,41770.00,43020.00,44240.00,,,,,,,,,,,,,,,,,,Deferral of income from controlled foreign corporations (normal tax method),,,,,,,,,,,,,,,,,
#,Deferred taxes for financial firms on certain income earned overseas,,,,,,,,,,,,,,,,,,,,,,,,,,,,,,,,,,,,,"<p>Exceptions under subpart F for active financing income.&mdash;The United States generally taxes the worldwide income of U.S. persons and business entities. It would not allow the deferral of tax or other relief targeted at particular industries or activities. In contrast, under current law, financial firms may defer taxes on income earned overseas in an active business. </p>"
#+,6,Treasury,2000,65.00,0.00,0.00,0.00,0.00,,,,,,,,,,,,,0.00,0.00,0.00,0.00,0.00,,,,,,,,,,,,,Deferred taxes for financial firms on certain income earned overseas,,,,,,,,,,,,,,,,,
#+,7,Treasury,2001,1190.00,1290.00,540.00,0.00,0.00,0.00,,,,,,,,,,,,0.00,0.00,0.00,0.00,0.00,0.00,,,,,,,,,,,,Deferred taxes for financial firms on certain income earned overseas,,,,,,,,,,,,,,,,,
#+,8,Treasury,2002,1190.00,1290.00,540.00,0.00,0.00,0.00,0.00,,,,,,,,,,,0.00,0.00,0.00,0.00,0.00,0.00,0.00,,,,,,,,,,,Deferred taxes for financial firms on certain income earned overseas,,,,,,,,,,,,,,,,,
#+,7,Treasury,2003,,1300.00,550.00,0.00,0.00,0.00,0.00,0.00,,,,,,,,,,,0.00,0.00,0.00,0.00,0.00,0.00,0.00,,,,,,,,,,Deferred taxes for financial firms on certain income earned overseas,,,,,,,,,,,,,,,,,
#+,7,Treasury,2004,,,1950.00,2050.00,2130.00,2190.00,2260.00,960.00,0.00,,,,,,,,,,,0.00,0.00,0.00,0.00,0.00,0.00,0.00,,,,,,,,,Deferred taxes for financial firms on certain income earned overseas,,,,,,,,,,,,,,,,,
#+,7,Treasury,2005,,,,2050.00,2130.00,2190.00,2260.00,960.00,0.00,0.00,,,,,,,,,,,0.00,0.00,0.00,0.00,0.00,0.00,0.00,,,,,,,,Deferred taxes for financial firms on certain income earned overseas,,,,,,,,,,,,,,,,,
#+,7,Treasury,2006,,,,,2130.00,2190.00,2260.00,960.00,0.00,0.00,0.00,,,,,,,,,,,0.00,0.00,0.00,0.00,0.00,0.00,0.00,,,,,,,Deferred taxes for financial firms on certain income earned overseas,,,,,,,,,,,,,,,,,
#+,7,Treasury,2007,,,,,,2190.00,2260.00,960.00,0.00,0.00,0.00,0.00,,,,,,,,,,,0.00,0.00,0.00,0.00,0.00,0.00,0.00,,,,,,Deferred taxes for financial firms on certain income earned overseas,,,,,,,,,,,,,,,,,
#+,7,Treasury,2008,,,,,,,2260.00,2370.00,2490.00,1060.00,0.00,0.00,0.00,,,,,,,,,,,0.00,0.00,0.00,0.00,0.00,0.00,0.00,,,,,Deferred taxes for financial firms on certain income earned overseas,,,,,,,,,,,,,,,,,
#+,6,Treasury,2009,,,,,,,,2370.00,2490.00,1060.00,0.00,0.00,0.00,0.00,,,,,,,,,,,0.00,0.00,0.00,0.00,0.00,0.00,0.00,,,,Deferred taxes for financial firms on certain income earned overseas,,,,,,,,,,,,,,,,,
#+,6,Treasury,2010,,,,,,,,,5570.00,5460.00,5770.00,5980.00,6090.00,5990.00,6020.00,,,,,,,,,,,,,,,,,,,,Deferred taxes for financial firms on certain income earned overseas,,,,,,,,,,,,,,,,,
#+,6,Treasury,2011,,,,,,,,,,5570.00,5460.00,5770.00,5980.00,6090.00,5990.00,6020.00,,,,,,,,,,,,,,,,,,,Deferred taxes for financial firms on certain income earned overseas,,,,,,,,,,,,,,,,,
#+,6,Treasury,2012,,,,,,,,,,,2330.00,0.00,0.00,0.00,0.00,0.00,0.00,,,,,,,,,,,,,,,,,,Deferred taxes for financial firms on certain income earned overseas,,,,,,,,,,,,,,,,,
#,Exclusion of certain allowances for Federal employees abroad,,,,,,,,,,,,,,,,,,,,,,,,,,,,,,,,,,,,,"<p>Exclusion of certain allowances for Federal employees abroad.&mdash;In general, all compensation received by U.S. citizens is properly included in their taxable income. It makes no difference whether the compensation is a result of working abroad or whether it is labeled as an allowance for the high cost of living abroad. In contrast to this treatment, U.S. Federal civilian employees and Peace Corps members who work outside the continental United States are allowed to exclude from U.S. taxable income certain special allowances they receive to compensate them for the relatively high costs associated with living overseas. The allowances supplement wage income and cover expenses such as rent, education, and the cost of travel to and from the United States. </p>"
#+,,JCT,2001,0.00,0.00,0.00,0.00,,,,,,,,,,,,,,200.00,200.00,200.00,200.00,,,,,,,,,,,,,,Exclusion of certain allowances for Federal employees abroad,,,,,,,,,,,,,,,,,
#+,,JCT,2002,0.00,0.00,0.00,0.00,0.00,,,,,,,,,,,,,200.00,200.00,300.00,300.00,300.00,,,,,,,,,,,,,Exclusion of certain allowances for Federal employees abroad,,,,,,,,,,,,,,,,,
#+,,JCT,2003,,0.00,0.00,0.00,0.00,0.00,,,,,,,,,,,,,200.00,200.00,300.00,300.00,300.00,,,,,,,,,,,,Exclusion of certain allowances for Federal employees abroad,,,,,,,,,,,,,,,,,
#+,,JCT,2007,,,,,,0.00,0.00,0.00,0.00,0.00,,,,,,,,,,,,,500.00,600.00,600.00,700.00,700.00,,,,,,,,Exclusion of certain allowances for Federal employees abroad,,,,,,,,,,,,,,,,,
#+,,JCT,2008,,,,,,,0.00,0.00,0.00,0.00,0.00,,,,,,,,,,,,,600.00,600.00,700.00,700.00,800.00,,,,,,,Exclusion of certain allowances for Federal employees abroad,,,,,,,,,,,,,,,,,
#+,,JCT,2009,,,,,,,,0.00,0.00,0.00,0.00,0.00,,,,,,,,,,,,,600.00,700.00,700.00,800.00,800.00,,,,,,Exclusion of certain allowances for Federal employees abroad,,,,,,,,,,,,,,,,,
#+,,JCT,2010,,,,,,,,,0.00,0.00,0.00,0.00,0.00,,,,,,,,,,,,,900.00,900.00,1000.00,1000.00,1100.00,,,,,Exclusion of certain allowances for Federal employees abroad,,,,,,,,,,,,,,,,,
#+,,JCT,2010,,,,,,,,,0.00,0.00,0.00,0.00,0.00,,,,,,,,,,,,,900.00,900.00,1000.00,1000.00,1100.00,,,,,Exclusion of certain allowances for Federal employees abroad,,,,,,,,,,,,,,,,,
#+,,JCT,2011,,,,,,,,,,0.00,0.00,0.00,0.00,0.00,,,,,,,,,,,,,1200.00,1300.00,1400.00,1500.00,1500.00,,,,Exclusion of certain allowances for Federal employees abroad,,,,,,,,,,,,,,,,,
#+,,JCT,2012,,,,,,,,,,,0.00,0.00,0.00,0.00,0.00,,,,,,,,,,,,,1600.00,1700.00,1800.00,1900.00,2000.00,,,Exclusion of certain allowances for Federal employees abroad,,,,,,,,,,,,,,,,,
#+,3,Treasury,2001,0.00,0.00,0.00,0.00,0.00,0.00,,,,,,,,,,,,665.00,695.00,725.00,760.00,795.00,830.00,,,,,,,,,,,,Exclusion of certain allowances for Federal employees abroad,,,,,,,,,,,,,,,,,
#+,3,Treasury,2002,0.00,0.00,0.00,0.00,0.00,0.00,0.00,,,,,,,,,,,680.00,720.00,750.00,790.00,830.00,870.00,920.00,,,,,,,,,,,Exclusion of certain allowances for Federal employees abroad,,,,,,,,,,,,,,,,,
#+,3,Treasury,2003,,0.00,0.00,0.00,0.00,0.00,0.00,0.00,,,,,,,,,,,760.00,800.00,840.00,880.00,920.00,960.00,1020.00,,,,,,,,,,Exclusion of certain allowances for Federal employees abroad,,,,,,,,,,,,,,,,,
#+,3,Treasury,2004,,,0.00,0.00,0.00,0.00,0.00,0.00,0.00,,,,,,,,,,,760.00,800.00,840.00,880.00,930.00,980.00,1030.00,,,,,,,,,Exclusion of certain allowances for Federal employees abroad,,,,,,,,,,,,,,,,,
#+,3,Treasury,2005,,,,0.00,0.00,0.00,0.00,0.00,0.00,0.00,,,,,,,,,,,770.00,800.00,840.00,880.00,920.00,960.00,1010.00,,,,,,,,Exclusion of certain allowances for Federal employees abroad,,,,,,,,,,,,,,,,,
#+,3,Treasury,2006,,,,,0.00,0.00,0.00,0.00,0.00,0.00,0.00,,,,,,,,,,,850.00,900.00,950.00,1000.00,1050.00,1100.00,1160.00,,,,,,,Exclusion of certain allowances for Federal employees abroad,,,,,,,,,,,,,,,,,
#+,3,Treasury,2007,,,,,,0.00,0.00,0.00,0.00,0.00,0.00,0.00,,,,,,,,,,,900.00,950.00,1000.00,1050.00,1100.00,1160.00,1230.00,,,,,,Exclusion of certain allowances for Federal employees abroad,,,,,,,,,,,,,,,,,
#+,3,Treasury,2008,,,,,,,0.00,0.00,0.00,0.00,0.00,0.00,0.00,,,,,,,,,,,800.00,840.00,880.00,920.00,970.00,1020.00,1070.00,,,,,Exclusion of certain allowances for Federal employees abroad,,,,,,,,,,,,,,,,,
#+,3,Treasury,2009,,,,,,,,0.00,0.00,0.00,0.00,0.00,0.00,0.00,,,,,,,,,,,840.00,880.00,920.00,970.00,1020.00,1070.00,1120.00,,,,Exclusion of certain allowances for Federal employees abroad,,,,,,,,,,,,,,,,,
#+,3,Treasury,2011,,,,,,,,,,,,,,,,,,,,,,,,,,,920.00,970.00,1020.00,1070.00,1120.00,1180.00,1240.00,,Exclusion of certain allowances for Federal employees abroad,,,,,,,,,,,,,,,,,
#+,3,Treasury,2012,,,,,,,,,,,,,,,,,,,,,,,,,,,,970.00,1020.00,1070.00,1120.00,1180.00,1240.00,1300.00,Exclusion of certain allowances for Federal employees abroad,,,,,,,,,,,,,,,,,
#,Exclusion of income of foreign sales corporations (FSCs),,,,,,,,,,,,,,,,,,,,,,,,,,,,,,,,,,,,,
#+,,JCT,2001,1900.00,2000.00,2100.00,2200.00,,,,,,,,,,,,,,0.00,0.00,0.00,0.00,,,,,,,,,,,,,,Exclusion of income of foreign sales corporations (FSCs),,,,,,,,,,,,,,,,,
#+,,JCT,2002,2700.00,2900.00,3100.00,3300.00,3600.00,,,,,,,,,,,,,0.00,0.00,0.00,0.00,0.00,,,,,,,,,,,,,Exclusion of income of foreign sales corporations (FSCs),,,,,,,,,,,,,,,,,
#,Deferral of active income of controlled foreign corporations,,,,,,,,,,,,,,,,,,,,,,,,,,,,,,,,,,,,,
#+,,JCT,2001,1400.00,1400.00,1500.00,1600.00,,,,,,,,,,,,,,0.00,0.00,0.00,0.00,,,,,,,,,,,,,,Deferral of active income of controlled foreign corporations,,,,,,,,,,,,,,,,,
#+,,JCT,2002,3400.00,3700.00,4000.00,4200.00,4500.00,,,,,,,,,,,,,0.00,0.00,0.00,0.00,0.00,,,,,,,,,,,,,Deferral of active income of controlled foreign corporations,,,,,,,,,,,,,,,,,
#+,,JCT,2003,,3700.00,4000.00,4200.00,4500.00,4800.00,,,,,,,,,,,,,0.00,0.00,0.00,0.00,0.00,,,,,,,,,,,,Deferral of active income of controlled foreign corporations,,,,,,,,,,,,,,,,,
#+,,JCT,2007,,,,,,3200.00,3400.00,5800.00,6400.00,7000.00,,,,,,,,,,,,,0.00,0.00,0.00,0.00,0.00,,,,,,,,Deferral of active income of controlled foreign corporations,,,,,,,,,,,,,,,,,
#+,,JCT,2008,,,,,,,3400.00,5800.00,6400.00,7000.00,7500.00,,,,,,,,,,,,,0.00,0.00,0.00,0.00,0.00,,,,,,,Deferral of active income of controlled foreign corporations,,,,,,,,,,,,,,,,,
#+,,JCT,2009,,,,,,,,5800.00,6400.00,7000.00,7500.00,7900.00,,,,,,,,,,,,,0.00,0.00,0.00,0.00,0.00,,,,,,Deferral of active income of controlled foreign corporations,,,,,,,,,,,,,,,,,
#+,,JCT,2011,,,,,,,,,,10500.00,11300.00,12100.00,12900.00,13500.00,,,,,,,,,,,,,0.00,0.00,0.00,0.00,0.00,,,,Deferral of active income of controlled foreign corporations,,,,,,,,,,,,,,,,,
#+,,JCT,2012,,,,,,,,,,,12500.00,13300.00,14100.00,14900.00,15800.00,,,,,,,,,,,,,0.00,0.00,0.00,0.00,0.00,,,Deferral of active income of controlled foreign corporations,,,,,,,,,,,,,,,,,
#,Inventory property sales source rule exception,,,,,,,,,,,,,,,,,,,,,,,,,,,,,,,,,,,,,
#+,,JCT,2001,4000.00,4100.00,4200.00,4300.00,,,,,,,,,,,,,,0.00,0.00,0.00,0.00,,,,,,,,,,,,,,Inventory property sales source rule exception,,,,,,,,,,,,,,,,,
#+,,JCT,2002,4000.00,4200.00,4400.00,4600.00,4800.00,,,,,,,,,,,,,0.00,0.00,0.00,0.00,0.00,,,,,,,,,,,,,Inventory property sales source rule exception,,,,,,,,,,,,,,,,,
#+,,JCT,2003,,4500.00,4800.00,5200.00,5600.00,6000.00,,,,,,,,,,,,,0.00,0.00,0.00,0.00,0.00,,,,,,,,,,,,Inventory property sales source rule exception,,,,,,,,,,,,,,,,,
#+,,JCT,2007,,,,,,5900.00,6200.00,6400.00,6300.00,6100.00,,,,,,,,,,,,,0.00,0.00,0.00,0.00,0.00,,,,,,,,Inventory property sales source rule exception,,,,,,,,,,,,,,,,,
#+,,JCT,2008,,,,,,,6200.00,6400.00,6600.00,6800.00,7000.00,,,,,,,,,,,,,0.00,0.00,0.00,0.00,0.00,,,,,,,Inventory property sales source rule exception,,,,,,,,,,,,,,,,,
#+,,JCT,2009,,,,,,,,6400.00,6600.00,6800.00,7000.00,7200.00,,,,,,,,,,,,,0.00,0.00,0.00,0.00,0.00,,,,,,Inventory property sales source rule exception,,,,,,,,,,,,,,,,,
#+,,JCT,2010,,,,,,,,,6800.00,7000.00,7200.00,7400.00,7600.00,,,,,,,,,,,,,0.00,0.00,0.00,0.00,0.00,,,,,Inventory property sales source rule exception,,,,,,,,,,,,,,,,,
#+,,JCT,2011,,,,,,,,,,0.00,0.00,0.00,0.00,0.00,,,,,,,,,,,,,7000.00,7200.00,7400.00,7600.00,7800.00,,,,Inventory property sales source rule exception,,,,,,,,,,,,,,,,,
#+,,JCT,2012,,,,,,,,,,,7200.00,7400.00,7600.00,7800.00,8000.00,,,,,,,,,,,,,0.00,0.00,0.00,0.00,0.00,,,Inventory property sales source rule exception,,,,,,,,,,,,,,,,,
#,Deferral of certain active financing income,,,,,,,,,,,,,,,,,,,,,,,,,,,,,,,,,,,,,
#+,,JCT,2001,300.00,0.00,0.00,0.00,,,,,,,,,,,,,,0.00,0.00,0.00,0.00,,,,,,,,,,,,,,Deferral of certain active financing income,,,,,,,,,,,,,,,,,
#+,,JCT,2007,,,,,,1000.00,1100.00,1700.00,0.00,0.00,,,,,,,,,,,,,0.00,0.00,0.00,0.00,0.00,,,,,,,,Deferral of certain active financing income,,,,,,,,,,,,,,,,,
#+,,JCT,2008,,,,,,,1100.00,1700.00,0.00,0.00,0.00,,,,,,,,,,,,,0.00,0.00,0.00,0.00,0.00,,,,,,,Deferral of certain active financing income,,,,,,,,,,,,,,,,,
#+,,JCT,2009,,,,,,,,2300.00,2600.00,800.00,0.00,0.00,,,,,,,,,,,,,0.00,0.00,0.00,0.00,0.00,,,,,,Deferral of certain active financing income,,,,,,,,,,,,,,,,,
#,Extraterritorial income exclusion,,,,,,,,,,,,,,,,,,,,,,,,,,,,,,,,,,,,,
#+,5,Treasury,2002,0.00,4490.00,4810.00,5150.00,5500.00,5880.00,6290.00,,,,,,,,,,,0.00,0.00,0.00,0.00,0.00,0.00,0.00,,,,,,,,,,,Extraterritorial income exclusion,,,,,,,,,,,,,,,,,
#+,4,Treasury,2003,,4490.00,4820.00,5150.00,5510.00,5890.00,6290.00,6730.00,,,,,,,,,,,0.00,0.00,0.00,0.00,0.00,0.00,0.00,,,,,,,,,,Extraterritorial income exclusion,,,,,,,,,,,,,,,,,
#+,4,Treasury,2004,,,4820.00,5150.00,5510.00,5890.00,6290.00,6730.00,7200.00,,,,,,,,,,,0.00,0.00,0.00,0.00,0.00,0.00,0.00,,,,,,,,,Extraterritorial income exclusion,,,,,,,,,,,,,,,,,
#+,4,Treasury,2005,,,,5150.00,5510.00,5890.00,6290.00,6730.00,7200.00,7700.00,,,,,,,,,,,0.00,0.00,0.00,0.00,0.00,0.00,0.00,,,,,,,,Extraterritorial income exclusion,,,,,,,,,,,,,,,,,
#+,4,Treasury,2006,,,,,5500.00,5170.00,4270.00,1820.00,220.00,40.00,20.00,,,,,,,,,,,0.00,0.00,0.00,0.00,0.00,0.00,0.00,,,,,,,Extraterritorial income exclusion,,,,,,,,,,,,,,,,,
#+,4,Treasury,2007,,,,,,5220.00,4370.00,1720.00,110.00,50.00,50.00,40.00,,,,,,,,,,,0.00,0.00,0.00,0.00,0.00,0.00,0.00,,,,,,Extraterritorial income exclusion,,,,,,,,,,,,,,,,,
#+,4,Treasury,2008,,,,,,,4400.00,1630.00,0.00,0.00,0.00,0.00,0.00,,,,,,,,,,,0.00,0.00,0.00,0.00,0.00,0.00,0.00,,,,,Extraterritorial income exclusion,,,,,,,,,,,,,,,,,
#,Deferral of certain financing income,,,,,,,,,,,,,,,,,,,,,,,,,,,,,,,,,,,,,
#+,,JCT,2002,500.00,900.00,400.00,0.00,0.00,,,,,,,,,,,,,0.00,0.00,0.00,0.00,0.00,,,,,,,,,,,,,Deferral of certain financing income,,,,,,,,,,,,,,,,,
#+,,JCT,2003,,900.00,500.00,100.00,0.00,0.00,,,,,,,,,,,,,0.00,0.00,0.00,0.00,0.00,,,,,,,,,,,,Deferral of certain financing income,,,,,,,,,,,,,,,,,
#,Exclusion of extraterritorial income,,,,,,,,,,,,,,,,,,,,,,,,,,,,,,,,,,,,,
#+,,JCT,2003,,4400.00,4700.00,5100.00,5500.00,5900.00,,,,,,,,,,,,,0.00,0.00,0.00,0.00,0.00,,,,,,,,,,,,Exclusion of extraterritorial income,,,,,,,,,,,,,,,,,
#+,,JCT,2007,,,,,,3100.00,3900.00,1900.00,100.00,100.00,,,,,,,,,,,,,100.00,100.00,<50,<50,<50,,,,,,,,Exclusion of extraterritorial income,,,,,,,,,,,,,,,,,
#+,,JCT,2008,,,,,,,3900.00,1900.00,100.00,100.00,100.00,,,,,,,,,,,,,100.00,<50,<50,<50,<50,,,,,,,Exclusion of extraterritorial income,,,,,,,,,,,,,,,,,
#,Exclusion of certain allowances for Federal employees,,,,,,,,,,,,,,,,,,,,,,,,,,,,,,,,,,,,,
#+,3,Treasury,2010,,,,,,,,,,,,,,,,,,,,,,,,,,880.00,920.00,970.00,1020.00,1070.00,1120.00,1180.00,,,Exclusion of certain allowances for Federal employees,,,,,,,,,,,,,,,,,
#,Deduction for foreign taxes instead of a credit,,,,,,,,,,,,,,,,,,,,,,,,,,,,,,,,,,,,,
#+,,JCT,2010,,,,,,,,,200.00,200.00,200.00,200.00,300.00,,,,,,,,,,,,,<50,<50,<50,<50,<50,,,,,Deduction for foreign taxes instead of a credit,,,,,,,,,,,,,,,,,
#+,,JCT,2011,,,,,,,,,,200.00,200.00,200.00,300.00,300.00,,,,,,,,,,,,,0.00,0.00,0.00,0.00,0.00,,,,Deduction for foreign taxes instead of a credit,,,,,,,,,,,,,,,,,
#+,,JCT,2012,,,,,,,,,,,200.00,200.00,300.00,300.00,300.00,,,,,,,,,,,,,0.00,0.00,0.00,0.00,0.00,,,Deduction for foreign taxes instead of a credit,,,,,,,,,,,,,,,,,
#,Apportionment of research and development expenses for determination of foreign tax credits,,,,,,,,,,,,,,,,,,,,,,,,,,,,,,,,,,,,,
#+,,JCT,2010,,,,,,,,,300.00,300.00,300.00,300.00,400.00,,,,,,,,,,,,,0.00,0.00,0.00,0.00,0.00,,,,,Apportionment of research and development expenses for determination of foreign tax credits,,,,,,,,,,,,,,,,,
#+,,JCT,2011,,,,,,,,,,300.00,300.00,300.00,400.00,400.00,,,,,,,,,,,,,0.00,0.00,0.00,0.00,0.00,,,,Apportionment of research and development expenses for determination of foreign tax credits,,,,,,,,,,,,,,,,,
#+,,JCT,2012,,,,,,,,,,,300.00,300.00,400.00,400.00,400.00,,,,,,,,,,,,,0.00,0.00,0.00,0.00,0.00,,,Apportionment of research and development expenses for determination of foreign tax credits,,,,,,,,,,,,,,,,,
#,Special rules for interest-charge domestic international sales corporations,,,,,,,,,,,,,,,,,,,,,,,,,,,,,,,,,,,,,
#+,,JCT,2010,,,,,,,,,400.00,500.00,500.00,100.00,100.00,,,,,,,,,,,,,0.00,0.00,0.00,0.00,0.00,,,,,Special rules for interest-charge domestic international sales corporations,,,,,,,,,,,,,,,,,
#+,,JCT,2011,,,,,,,,,,500.00,500.00,100.00,100.00,100.00,,,,,,,,,,,,,0.00,0.00,0.00,0.00,0.00,,,,Special rules for interest-charge domestic international sales corporations,,,,,,,,,,,,,,,,,
#+,,JCT,2012,,,,,,,,,,,500.00,100.00,100.00,100.00,100.00,,,,,,,,,,,,,0.00,0.00,0.00,0.00,0.00,,,Special rules for interest-charge domestic international sales corporations,,,,,,,,,,,,,,,,,
#,Taxation of real property gains of foreign persons*,,,,,,,,,,,,,,,,,,,,,,,,,,,,,,,,,,,,,
#+,,JCT,2010,,,,,,,,,>-50,>-50,>-50,>-50,>-50,,,,,,,,,,,,,>-50,>-50,>-50,>-50,>-50,,,,,Taxation of real property gains of foreign persons*,,,,,,,,,,,,,,,,,
#+,,JCT,2011,,,,,,,,,,>-50,>-50,>-50,>-50,>-50,,,,,,,,,,,,,>-50,>-50,>-50,>-50,>-50,,,,Taxation of real property gains of foreign persons*,,,,,,,,,,,,,,,,,
#,Tonnage tax,,,,,,,,,,,,,,,,,,,,,,,,,,,,,,,,,,,,,
#+,,JCT,2010,,,,,,,,,100.00,100.00,100.00,100.00,100.00,,,,,,,,,,,,,0.00,0.00,0.00,0.00,0.00,,,,,Tonnage tax,,,,,,,,,,,,,,,,,
#+,,JCT,2011,,,,,,,,,,100.00,100.00,100.00,100.00,100.00,,,,,,,,,,,,,0.00,0.00,0.00,0.00,0.00,,,,Tonnage tax,,,,,,,,,,,,,,,,,
#+,,JCT,2012,,,,,,,,,,,100.00,100.00,100.00,100.00,100.00,,,,,,,,,,,,,0.00,0.00,0.00,0.00,0.00,,,Tonnage tax,,,,,,,,,,,,,,,,,
#,Deferral of active financing income ,,,,,,,,,,,,,,,,,,,,,,,,,,,,,,,,,,,,,
#+,,JCT,2011,,,,,,,,,,2900.00,1000.00,0.00,0.00,0.00,,,,,,,,,,,,,0.00,0.00,0.00,0.00,0.00,,,,Deferral of active financing income ,,,,,,,,,,,,,,,,,
#+,,JCT,2012,,,,,,,,,,,1000.00,0.00,0.00,0.00,0.00,,,,,,,,,,,,,0.00,0.00,0.00,0.00,0.00,,,Deferral of active financing income ,,,,,,,,,,,,,,,,,
#,Interest expense allocation
##,Unavailability of symmetric worldwide method*,,,,,,,,,,,,,,,,,,,,,,,,,,,,,,,,,,,,,
##+,,JCT,2010,,,,,,,,,-2200.00,-2500.00,-2700.00,-2900.00,-500.00,,,,,,,,,,,,,0.00,0.00,0.00,0.00,0.00,,,,,Unavailability of symmetric worldwide method*,,,,,,,,,,,,,,,,,
##+,,JCT,2011,,,,,,,,,,-2500.00,-2700.00,-2900.00,-500.00,>-50,,,,,,,,,,,,,0.00,0.00,0.00,0.00,0.00,,,,Unavailability of symmetric worldwide method*,,,,,,,,,,,,,,,,,
##+,,JCT,2012,,,,,,,,,,,-2700.00,-2900.00,-3100.00,-3300.00,-3500.00,,,,,,,,,,,,,0.00,0.00,0.00,0.00,0.00,,,Unavailability of symmetric worldwide method*,,,,,,,,,,,,,,,,,
##,Separate grouping of affiliated financial companies,,,,,,,,,,,,,,,,,,,,,,,,,,,,,,,,,,,,,
##+,,JCT,2010,,,,,,,,,1000.00,1100.00,1200.00,1300.00,1400.00,,,,,,,,,,,,,0.00,0.00,0.00,0.00,0.00,,,,,Separate grouping of affiliated financial companies,,,,,,,,,,,,,,,,,
##+,,JCT,2011,,,,,,,,,,1100.00,1200.00,1300.00,1400.00,1500.00,,,,,,,,,,,,,0.00,0.00,0.00,0.00,0.00,,,,Separate grouping of affiliated financial companies,,,,,,,,,,,,,,,,,
##+,,JCT,2012,,,,,,,,,,,1200.00,1300.00,1400.00,1500.00,1600.00,,,,,,,,,,,,,0.00,0.00,0.00,0.00,0.00,,,Separate grouping of affiliated financial companies,,,,,,,,,,,,,,,,,
#,Exclusion of foreign earned income 
##,Housing,,,,,,,,,,,,,,,,,,,,,,,,,,,,,,,,,,,,,
##+,,JCT,2010,,,,,,,,,0.00,0.00,0.00,0.00,0.00,,,,,,,,,,,,,800.00,900.00,900.00,1000.00,1100.00,,,,,Housing,,,,,,,,,,,,,,,,,
##+,,JCT,2010,,,,,,,,,0.00,0.00,0.00,0.00,0.00,,,,,,,,,,,,,800.00,900.00,900.00,1000.00,1100.00,,,,,Housing,,,,,,,,,,,,,,,,,
##+,,JCT,2011,,,,,,,,,,0.00,0.00,0.00,0.00,0.00,,,,,,,,,,,,,900.00,1000.00,1000.00,1100.00,1100.00,,,,Housing,,,,,,,,,,,,,,,,,
##+,,JCT,2012,,,,,,,,,,,0.00,0.00,0.00,0.00,0.00,,,,,,,,,,,,,1100.00,1100.00,1200.00,1200.00,1300.00,,,Housing,,,,,,,,,,,,,,,,,
##,Salary,,,,,,,,,,,,,,,,,,,,,,,,,,,,,,,,,,,,,
##+,,JCT,2010,,,,,,,,,0.00,0.00,0.00,0.00,0.00,,,,,,,,,,,,,4100.00,4300.00,4500.00,4700.00,4900.00,,,,,Salary,,,,,,,,,,,,,,,,,
##+,,JCT,2010,,,,,,,,,0.00,0.00,0.00,0.00,0.00,,,,,,,,,,,,,4100.00,4300.00,4500.00,4700.00,4900.00,,,,,Salary,,,,,,,,,,,,,,,,,
##+,,JCT,2011,,,,,,,,,,0.00,0.00,0.00,0.00,0.00,,,,,,,,,,,,,4300.00,4500.00,4700.00,4900.00,5100.00,,,,Salary,,,,,,,,,,,,,,,,,
##+,,JCT,2012,,,,,,,,,,,0.00,0.00,0.00,0.00,0.00,,,,,,,,,,,,,5100.00,5200.00,5400.00,5600.00,5800.00,,,Salary,,,,,,,,,,,,,,,,,
