Date,Reserve Bank credit,Repurchase agreements,Primary credit,Secondary credit,Seasonal credit,Other credit extensions,Mortgage-backed securities,Term Auction credit,Primary dealer and other broker-dealer credit,Asset-backed Commercial Paper Money Market Mutual Fund Liquidity Facility,"Credit extended to American International Group, Inc.",Net portfolio holdings of Commercial Paper Funding Facility LLC,Net portfolio holdings of Maiden Lane LLC,Net portfolio holdings of Maiden Lane II LLC,Net portfolio holdings of Maiden Lane III LLC,Federal agency debt securities,Term Facility,Term Asset-Backed Securities Loan Facility,Term Asset-Backed Securities Loan Facility,Other federal reserve assets,Central bank liquidity swaps,U.S. Treasury securities
2009-06-04,2066244000000,0,41930000000,1000000,12000000,0,427612000000,372540000000,0,25093000000,43578000000,145139000000,25772000000,16260000000,20395000000,80704000000,27350000000,15440000000,15440000000,70634000000,176833000000,606158000000
2009-05-28,2074457000000,0,38153000000,29000000,15000000,0,430902000000,372541000000,0,26423000000,44157000000,154694000000,25688000000,16175000000,20367000000,79753000000,28093000000,15454000000,15454000000,69568000000,184932000000,597579000000
2009-05-21,2165129000000,0,38155000000,20000000,11000000,0,430485000000,428835000000,0,28121000000,45708000000,160781000000,25692000000,16152000000,20313000000,74549000000,32550000000,15915000000,15915000000,65360000000,236459000000,580566000000
2009-05-14,2116487000000,0,39872000000,0,9000000,0,384115000000,428835000000,482000000,28781000000,45702000000,166926000000,25675000000,16144000000,20231000000,72109000000,32550000000,9110000000,9110000000,64689000000,246500000000,569426000000
2009-05-07,2041376000000,0,40941000000,6000000,4000000,0,365835000000,403573000000,643000000,10670000000,45496000000,164740000000,26384000000,18016000000,26416000000,69579000000,32550000000,6379000000,6379000000,61556000000,249302000000,554088000000
2009-04-30,2087578000000,0,44788000000,40000000,1000000,0,367728000000,403573000000,5479000000,3362000000,44489000000,222920000000,26484000000,18264000000,27432000000,66074000000,32550000000,6379000000,6379000000,59582000000,250215000000,543009000000
2009-04-23,2169120000000,0,43112000000,61000000,1000000,0,362599000000,455799000000,9214000000,950000000,44983000000,240897000000,26445000000,18237000000,27414000000,62757000000,43979000000,6379000000,6379000000,57658000000,286274000000,528690000000
2009-04-16,2098773000000,0,48490000000,67000000,2000000,0,287215000000,455800000000,12886000000,2695000000,45106000000,250248000000,26404000000,18228000000,27359000000,57760000000,54250000000,5174000000,5174000000,55372000000,293533000000,514565000000
2009-04-09,2069605000000,0,49159000000,64000000,3000000,0,236638000000,467277000000,17600000000,4938000000,45571000000,250597000000,26344000000,18391000000,27476000000,54761000000,60436000000,4692000000,4692000000,50018000000,312839000000,505518000000
2009-04-02,2048651000000,0,59735000000,0,3000000,0,236424000000,467278000000,19488000000,6650000000,44712000000,244297000000,26295000000,18458000000,27647000000,50853000000,85650000000,4703000000,4703000000,48346000000,309828000000,486219000000
2009-03-26,2050972000000,0,62782000000,0,3000000,0,236964000000,468589000000,20089000000,7179000000,43614000000,240802000000,26223000000,18440000000,27631000000,48796000000,90264000000,673000000,673000000,48914000000,327692000000,474731000000
2009-02-26,1900189000000,0,64408000000,7000000,2000000,0,68529000000,447563000000,25618000000,11382000000,38046000000,246233000000,25924000000,18641000000,27677000000,35869000000,111556000000,,,43395000000,374590000000,474684000000
2009-02-19,1907301000000,0,65992000000,4000000,3000000,0,63071000000,447563000000,26001000000,13875000000,37355000000,250358000000,25883000000,18631000000,27639000000,32558000000,115280000000,,,45793000000,379687000000,474790000000
2009-02-12,1830406000000,0,64574000000,35000000,4000000,0,7377000000,412883000000,25805000000,15111000000,37677000000,256153000000,25863000000,18674000000,27528000000,31831000000,116773000000,,,44617000000,389671000000,474910000000
2009-02-05,1840746000000,0,67426000000,5000000,2000000,0,7377000000,412883000000,30264000000,16981000000,39013000000,259315000000,25785000000,18965000000,27464000000,29029000000,120630000000,,,44209000000,388791000000,475034000000
2009-01-29,1989877000000,17143000000,64990000000,34000000,1000000,0,6824000000,415859000000,32054000000,14593000000,38336000000,316201000000,26980000000,19692000000,27037000000,26668000000,125094000000,,,44428000000,465853000000,475200000000
2009-01-22,2049246000000,37143000000,61618000000,74000000,1000000,0,5784000000,416031000000,32679000000,15482000000,38445000000,349940000000,27131000000,19802000000,26946000000,24158000000,133100000000,,,520184000000,,475381000000
2009-01-15,2069182000000,57143000000,69101000000,41000000,0,0,1542000000,371387000000,33690000000,18767000000,39124000000,334582000000,27070000000,19795000000,26889000000,20358000000,132879000000,,,575496000000,,475589000000
2009-01-08,2177564000000,77143000000,87935000000,16000000,2000000,0,,406805000000,35977000000,22868000000,39003000000,334272000000,27028000000,20071000000,26798000000,,161100000000,,,605725000000,,475797000000
2009-01-02,2246527000000,80000000000,86550000000,18000000,4000000,0,,450219000000,38476000000,23797000000,38924000000,332410000000,26974000000,20059000000,27990000000,,173171000000,,,625741000000,,475961000000
2008-12-29,2207272000000,80000000000,86260000000,51000000,3000000,0,,420806000000,45679000000,24858000000,40018000000,325796000000,26918000000,20033000000,28085000000,,177596000000,,,613939000000,,476067000000
2008-12-18,2253739000000,80000000000,88407000000,3000000,2000000,0,,447959000000,50493000000,29274000000,44347000000,315267000000,26892000000,17519000000,19608000000,,181575000000,,,642233000000,,476178000000
2008-12-11,2241457000000,80000000000,90161000000,78000000,2000000,0,,447959000000,52802000000,40826000000,56723000000,308518000000,27054000000,,20957000000,,185146000000,,,628030000000,,476286000000
2008-12-04,2117751000000,80000000000,90333000000,158000000,4000000,0,,406508000000,57198000000,51936000000,55944000000,297576000000,26994000000,,21153000000,,190892000000,,,542474000000,,476389000000
2008-11-28,2093892000000,80000000000,93628000000,225000000,5000000,0,,406508000000,52418000000,57318000000,79585000000,282197000000,26928000000,,6010000000,,187447000000,,,520864000000,,476415000000
2008-11-20,2178894000000,80000000000,91552000000,112000000,9000000,85177000000,,415302000000,50170000000,69798000000,,265691000000,26945000000,,,,191256000000,,,606429000000,,476431000000
2008-11-13,2198204000000,80000000000,95380000000,89000000,10000000,82275000000,,415302000000,64933000000,80244000000,,249910000000,26876000000,,,,199999000000,,,615041000000,,476446000000
2008-11-06,2055846000000,80000000000,109994000000,0,10000000,80257000000,,301363000000,77020000000,91729000000,,226008000000,26850000000,,,,199999000000,,,573915000000,,476462000000
2008-10-30,1872948000000,80000000000,111946000000,1000000,17000000,89549000000,,301363000000,87393000000,99902000000,,40819000000,26809000000,,,,197499000000,,,546006000000,,476485000000
2008-10-23,1803300000000,80000000000,105754000000,0,19000000,87332000000,,263092000000,111255000000,114219000000,,,29137000000,,,,197499000000,,,522906000000,,476528000000
2008-10-16,1740078000000,80000000000,99659000000,4000000,25000000,77101000000,,263092000000,131125000000,129616000000,,,29492000000,,,,194546000000,,,440320000000,,476552000000
2008-10-09,1494726000000,81143000000,75010000000,4000000,39000000,65151000000,,149000000000,134066000000,145890000000,,,29452000000,,,,191343000000,,,325071000000,,476594000000
2008-10-02,1388565000000,83000000000,44463000000,286000000,74000000,53176000000,,149143000000,147692000000,122104000000,,,29413000000,,,,233565000000,,,271888000000,,476612000000
2008-09-25,1134942000000,111714000000,39357000000,19000000,95000000,38375000000,,150000000000,88147000000,21760000000,,,29373000000,,,,185636000000,,,176891000000,,476557000000
2008-09-18,931340000000,124500000000,21598000000,8000000,96000000,6000000000,,150000000000,,,,,29333000000,,,,117270000000,,,100791000000,,479818000000
2008-09-11,888283000000,110821000000,19796000000,0,95000000,0,,150000000000,,,,,29293000000,,,,115899000000,,,99563000000,,479762000000
2008-09-04,893846000000,115893000000,18976000000,0,93000000,0,,150000000000,,,,,29253000000,,,,116105000000,,,101404000000,,479701000000
2008-08-28,884355000000,103393000000,18469000000,0,100000000,0,,150000000000,,,,,29213000000,,,,117348000000,,,104788000000,,479604000000
2008-08-21,887648000000,107714000000,17513000000,0,95000000,0,,150000000000,,,,,29183000000,,,,118989000000,,,104575000000,,479500000000
2008-08-14,883000000000,105786000000,17699000000,7000000,100000000,0,,150000000000,,,,,29145000000,,,,128318000000,,,101987000000,,479396000000
2008-08-07,889150000000,110500000000,17370000000,0,93000000,0,,150000000000,,,,,29105000000,,,,124862000000,,,103971000000,,479291000000
2008-07-31,892783000000,113714000000,17452000000,89000000,101000000,0,,150000000000,,,,,29065000000,,,,121777000000,,,104507000000,,479174000000
2008-07-24,882978000000,104786000000,16381000000,34000000,96000000,0,,150000000000,,,,,29025000000,,,,111557000000,,,104973000000,,479089000000
2008-07-17,888418000000,111143000000,13916000000,279000000,98000000,0,,150000000000,,,,,28955000000,,,,100128000000,,,106359000000,,479004000000
2008-07-10,887866000000,113357000000,12856000000,57000000,101000000,0,,150000000000,,,,,28900000000,,,,103754000000,,,105031000000,,478925000000
2008-07-03,890030000000,110250000000,14861000000,86000000,95000000,0,,150000000000,,,,,29816000000,,,,104244000000,,,105864000000,,478838000000
2008-06-26,874582000000,121679000000,14702000000,0,77000000,0,,150000000000,,,,,,,,,106460000000,,,104402000000,,478773000000
2008-06-19,877428000000,124643000000,13371000000,0,70000000,0,,150000000000,,,,,,,,,111920000000,,,103354000000,,478710000000
2008-06-12,873485000000,116821000000,13148000000,224000000,67000000,0,,150000000000,,,,,,,,,96967000000,,,104138000000,,482050000000
2008-06-05,877723000000,114107000000,15921000000,0,77000000,0,,150000000000,,,,,,,,,99669000000,,,103695000000,,486909000000
2008-05-29,878001000000,105036000000,15950000000,1000000,54000000,0,,150000000000,,,,,,,,,108164000000,,,104684000000,,491064000000
2008-05-22,871207000000,123357000000,13536000000,0,46000000,0,,125000000000,,,,,,,,,122127000000,,,93140000000,,502831000000
2008-05-15,866213000000,95821000000,14416000000,1000000,37000000,0,,125000000000,,,,,,,,,138089000000,,,95501000000,,520054000000
2008-05-08,867629000000,119571000000,11655000000,0,36000000,0,,100000000000,,,,,,,,,142655000000,,,78959000000,,542395000000
2008-05-01,864390000000,107536000000,11588000000,0,25000000,0,,100000000000,,,,,,,,,145629000000,,,79664000000,,548680000000
2008-04-24,868439000000,107786000000,10731000000,0,26000000,0,,100000000000,,,,,,,,,155378000000,,,80466000000,,548651000000
2008-04-17,867193000000,106964000000,7841000000,0,18000000,0,,100000000000,,,,,,,,,129100000000,,,80383000000,,548622000000
2008-04-10,866836000000,99179000000,10182000000,0,17000000,0,,100000000000,,,,,,,,,96429000000,,,64765000000,,560817000000
2008-04-03,875577000000,77500000000,7013000000,0,7000000,0,,100000000000,,,,,,,,,64286000000,,,64924000000,,589085000000
2008-03-27,869437000000,84821000000,550000000,2000000,6000000,0,,80000000000,,,,,,,,,,,,43506000000,,628977000000
2008-03-20,878784000000,61107000000,81000000,0,7000000,5529000000,,80000000000,,,,,,,,,,,,43301000000,,676894000000
2008-03-13,869162000000,58714000000,99000000,0,3000000,,,60000000000,,,,,,,,,,,,42373000000,,709133000000
2008-03-06,873313000000,59357000000,355000000,0,3000000,,,60000000000,,,,,,,,,,,,41607000000,,713365000000
2008-02-28,866606000000,42857000000,169000000,0,5000000,,,60000000000,,,,,,,,,,,,51323000000,,713358000000
2008-02-21,866859000000,43536000000,220000000,0,3000000,,,60000000000,,,,,,,,,,,,51026000000,,713364000000
2008-02-14,858335000000,18357000000,57000000,0,1000000,,,60000000000,,,,,,,,,,,,67575000000,,713372000000
2008-02-07,861703000000,21679000000,144000000,0,1000000,,,60000000000,,,,,,,,,,,,67762000000,,713379000000
2008-01-31,864627000000,29393000000,25000000,0,2000000,,,50000000000,,,,,,,,,,,,67996000000,,718350000000
2008-01-24,861489000000,21500000000,744000000,0,8000000,,,50000000000,,,,,,,,,,,,67210000000,,723298000000
2008-01-17,867536000000,31321000000,1230000000,0,6000000,,,40000000000,,,,,,,,,,,,67784000000,,728238000000
2008-01-10,869212000000,33036000000,1512000000,0,5000000,,,40000000000,,,,,,,,,,,,67202000000,,728182000000
2008-01-03,891743000000,39750000000,5770000000,0,16000000,,,40000000000,,,,,,,,,,,,66612000000,,740611000000
2007-12-27,873512000000,39536000000,4802000000,0,26000000,,,20000000000,,,,,,,,,,,,55445000000,,754605000000
2007-12-20,870930000000,55750000000,4586000000,0,32000000,,,,,,,,,,,,,,,41183000000,,769748000000
2007-12-13,863773000000,45643000000,3009000000,3000000,36000000,,,,,,,,,,,,,,,41137000000,,774728000000
2007-12-06,866962000000,46857000000,309000000,0,33000000,,,,,,,,,,,,,,,40817000000,,779705000000
2007-11-29,869619000000,49250000000,7000000,0,48000000,,,,,,,,,,,,,,,41200000000,,779683000000
2007-11-23,868136000000,48286000000,434000000,0,46000000,,,,,,,,,,,,,,,40337000000,,779657000000
2007-11-15,865773000000,43250000000,523000000,0,44000000,,,,,,,,,,,,,,,43242000000,,779631000000
2007-11-08,864361000000,42821000000,191000000,0,54000000,,,,,,,,,,,,,,,42356000000,,779603000000
2007-11-01,862696000000,41250000000,190000000,0,93000000,,,,,,,,,,,,,,,42323000000,,779568000000
2007-10-25,858846000000,37714000000,142000000,57000000,95000000,,,,,,,,,,,,,,,41747000000,,779580000000
2007-10-18,858089000000,38500000000,126000000,0,114000000,,,,,,,,,,,,,,,41223000000,,779597000000
2007-10-11,858315000000,38071000000,113000000,0,144000000,,,,,,,,,,,,,,,40889000000,,779613000000
2007-10-04,861582000000,41893000000,27000000,0,175000000,,,,,,,,,,,,,,,40905000000,,779630000000
2007-09-27,859548000000,39107000000,88000000,0,218000000,,,,,,,,,,,,,,,40676000000,,779634000000
2007-09-20,852998000000,30179000000,2179000000,0,241000000,,,,,,,,,,,,,,,40140000000,,779636000000
2007-09-13,857247000000,33357000000,2932000000,0,226000000,,,,,,,,,,,,,,,39743000000,,779639000000
2007-09-06,856617000000,37000000000,1103000000,0,238000000,,,,,,,,,,,,,,,38985000000,,779641000000
2007-08-30,849988000000,24571000000,1315000000,0,262000000,,,,,,,,,,,,,,,39203000000,,784630000000
2007-08-23,851696000000,22607000000,1200000000,85000000,256000000,,,,,,,,,,,,,,,38690000000,,789613000000
2007-08-16,867778000000,36286000000,11000000,0,260000000,,,,,,,,,,,,,,,41601000000,,790655000000
2007-08-09,850555000000,18571000000,1000000,0,249000000,,,,,,,,,,,,,,,41807000000,,790814000000
2007-08-02,857603000000,25786000000,2000000,0,249000000,,,,,,,,,,,,,,,41665000000,,790758000000
2007-07-26,850186000000,18857000000,3000000,0,236000000,,,,,,,,,,,,,,,41321000000,,790694000000
2007-07-19,853857000000,22536000000,145000000,0,216000000,,,,,,,,,,,,,,,41044000000,,790640000000
2007-07-12,854278000000,22893000000,43000000,0,195000000,,,,,,,,,,,,,,,40559000000,,790587000000
2007-07-05,857318000000,27179000000,18000000,0,178000000,,,,,,,,,,,,,,,40348000000,,790531000000
2007-06-28,847621000000,17786000000,5000000,0,174000000,,,,,,,,,,,,,,,40006000000,,790476000000
2007-06-21,852284000000,22679000000,132000000,0,151000000,,,,,,,,,,,,,,,39478000000,,790417000000
2007-06-14,849980000000,21071000000,26000000,0,120000000,,,,,,,,,,,,,,,39244000000,,790359000000
2007-06-07,857913000000,29179000000,13000000,0,106000000,,,,,,,,,,,,,,,38866000000,,790300000000
2007-05-31,853787000000,25857000000,6000000,0,122000000,,,,,,,,,,,,,,,38979000000,,790236000000
2007-05-24,850099000000,22071000000,42000000,0,101000000,,,,,,,,,,,,,,,38667000000,,790153000000
2007-05-17,847847000000,18036000000,2000000,0,82000000,,,,,,,,,,,,,,,40708000000,,790074000000
2007-05-10,853506000000,22821000000,5000000,0,70000000,,,,,,,,,,,,,,,41289000000,,789796000000
2007-05-03,866926000000,38750000000,6000000,0,60000000,,,,,,,,,,,,,,,41225000000,,787183000000
2007-04-26,849995000000,24964000000,61000000,0,55000000,,,,,,,,,,,,,,,41057000000,,784787000000
2007-04-19,851199000000,28571000000,2000000,0,48000000,,,,,,,,,,,,,,,40629000000,,782844000000
2007-04-12,849422000000,28607000000,1000000,0,43000000,,,,,,,,,,,,,,,39879000000,,781362000000
2007-04-05,852245000000,32214000000,87000000,0,28000000,,,,,,,,,,,,,,,39775000000,,780908000000
2007-03-29,852122000000,32179000000,52000000,0,28000000,,,,,,,,,,,,,,,39534000000,,780882000000
2007-03-22,851125000000,31750000000,10000000,0,30000000,,,,,,,,,,,,,,,39081000000,,780857000000
2007-03-15,851593000000,32786000000,5000000,21000000,28000000,,,,,,,,,,,,,,,38621000000,,780833000000
2007-03-08,851757000000,33357000000,8000000,0,24000000,,,,,,,,,,,,,,,38252000000,,780809000000
2007-03-01,853467000000,36286000000,11000000,0,21000000,,,,,,,,,,,,,,,38141000000,,779447000000
2007-02-22,851672000000,35179000000,5000000,0,21000000,,,,,,,,,,,,,,,37779000000,,778898000000
2007-02-15,847171000000,27036000000,14000000,0,24000000,,,,,,,,,,,,,,,41129000000,,778884000000
2007-02-08,841481000000,22393000000,1000000,0,20000000,,,,,,,,,,,,,,,40648000000,,778871000000
2007-02-01,844206000000,25500000000,189000000,0,22000000,,,,,,,,,,,,,,,40569000000,,778868000000
2007-01-25,837092000000,18607000000,298000000,0,21000000,,,,,,,,,,,,,,,39827000000,,778880000000
2007-01-18,846037000000,27500000000,265000000,0,19000000,,,,,,,,,,,,,,,39564000000,,778891000000
2007-01-11,844553000000,26571000000,22000000,0,16000000,,,,,,,,,,,,,,,39309000000,,778902000000
2007-01-04,859453000000,40857000000,180000000,0,54000000,,,,,,,,,,,,,,,39650000000,,778916000000
2006-12-28,852198000000,33036000000,64000000,0,85000000,,,,,,,,,,,,,,,39180000000,,778951000000
2006-12-21,845210000000,28929000000,107000000,0,85000000,,,,,,,,,,,,,,,38263000000,,776930000000
2006-12-14,837607000000,22464000000,147000000,0,81000000,,,,,,,,,,,,,,,37973000000,,775414000000
2006-12-07,842371000000,29679000000,101000000,0,82000000,,,,,,,,,,,,,,,37945000000,,773368000000
2006-11-30,844012000000,34750000000,11000000,0,101000000,,,,,,,,,,,,,,,37459000000,,772074000000
2006-11-24,838938000000,31964000000,100000000,0,99000000,,,,,,,,,,,,,,,36598000000,,770558000000
2006-11-16,834832000000,25786000000,3000000,0,118000000,,,,,,,,,,,,,,,39039000000,,770352000000
2006-11-09,835238000000,23536000000,45000000,0,124000000,,,,,,,,,,,,,,,40931000000,,769971000000
2006-11-02,833424000000,22429000000,21000000,0,152000000,,,,,,,,,,,,,,,40940000000,,768651000000
2006-10-26,830809000000,22893000000,9000000,0,165000000,,,,,,,,,,,,,,,40732000000,,767413000000
2006-10-19,831456000000,22786000000,34000000,0,197000000,,,,,,,,,,,,,,,40323000000,,768577000000
2006-10-12,831100000000,22250000000,5000000,0,242000000,,,,,,,,,,,,,,,39621000000,,768941000000
2006-10-05,829644000000,21214000000,40000000,0,303000000,,,,,,,,,,,,,,,39512000000,,768926000000
2006-09-28,825247000000,16643000000,31000000,0,353000000,,,,,,,,,,,,,,,39974000000,,768908000000
2006-09-21,828940000000,19429000000,11000000,0,345000000,,,,,,,,,,,,,,,39428000000,,768887000000
2006-09-14,826496000000,18250000000,244000000,0,340000000,,,,,,,,,,,,,,,39117000000,,767291000000
2006-09-07,832105000000,26357000000,3000000,0,341000000,,,,,,,,,,,,,,,38808000000,,766751000000
2006-08-31,828872000000,24393000000,52000000,0,361000000,,,,,,,,,,,,,,,38896000000,,765398000000
2006-08-24,825027000000,21536000000,7000000,0,341000000,,,,,,,,,,,,,,,38567000000,,764850000000
2006-08-17,829233000000,23429000000,8000000,0,339000000,,,,,,,,,,,,,,,40980000000,,764837000000
2006-08-10,825183000000,18929000000,9000000,0,331000000,,,,,,,,,,,,,,,41809000000,,764824000000
2006-08-03,832999000000,26607000000,141000000,0,345000000,,,,,,,,,,,,,,,41541000000,,764793000000
2006-07-27,825902000000,20536000000,15000000,0,334000000,,,,,,,,,,,,,,,41072000000,,764752000000
2006-07-20,830710000000,24286000000,16000000,0,313000000,,,,,,,,,,,,,,,40933000000,,765788000000
2006-07-13,829845000000,21143000000,11000000,0,289000000,,,,,,,,,,,,,,,41019000000,,766404000000
2006-07-06,836187000000,29464000000,15000000,0,276000000,,,,,,,,,,,,,,,40488000000,,766371000000
2006-06-29,824729000000,18429000000,16000000,0,277000000,,,,,,,,,,,,,,,40300000000,,766330000000
2006-06-22,825872000000,18571000000,16000000,0,252000000,,,,,,,,,,,,,,,39936000000,,766278000000
2006-06-15,824744000000,19714000000,14000000,0,217000000,,,,,,,,,,,,,,,39723000000,,765286000000
2006-06-08,829430000000,25821000000,14000000,0,209000000,,,,,,,,,,,,,,,39574000000,,763824000000
2006-06-01,826970000000,26429000000,23000000,0,172000000,,,,,,,,,,,,,,,39465000000,,762401000000
2006-05-25,822842000000,22857000000,21000000,0,152000000,,,,,,,,,,,,,,,39137000000,,760449000000
2006-05-18,824687000000,23750000000,20000000,0,149000000,,,,,,,,,,,,,,,40828000000,,760177000000
2006-05-11,824690000000,23500000000,40000000,0,134000000,,,,,,,,,,,,,,,41592000000,,759725000000
2006-05-04,823061000000,25071000000,25000000,0,113000000,,,,,,,,,,,,,,,41207000000,,759694000000
2006-04-27,820179000000,21536000000,29000000,0,90000000,,,,,,,,,,,,,,,40507000000,,758896000000
2006-04-20,823734000000,26321000000,3000000,0,84000000,,,,,,,,,,,,,,,39999000000,,758571000000
2006-04-13,817880000000,19464000000,526000000,0,74000000,,,,,,,,,,,,,,,39647000000,,758559000000
2006-04-06,820479000000,24143000000,235000000,0,59000000,,,,,,,,,,,,,,,39298000000,,758544000000
2006-03-30,814099000000,20750000000,36000000,0,55000000,,,,,,,,,,,,,,,35036000000,,758513000000
2006-03-23,820825000000,28893000000,350000000,0,52000000,,,,,,,,,,,,,,,34808000000,,757241000000
2006-03-16,820050000000,28536000000,10000000,0,49000000,,,,,,,,,,,,,,,34155000000,,756617000000
2006-03-09,815376000000,25679000000,20000000,0,42000000,,,,,,,,,,,,,,,33835000000,,754952000000
2006-03-02,820759000000,29036000000,6000000,0,28000000,,,,,,,,,,,,,,,37787000000,,753690000000
2006-02-23,815809000000,27536000000,5000000,8000000,32000000,,,,,,,,,,,,,,,37216000000,,751487000000
2006-02-16,815847000000,24357000000,66000000,0,32000000,,,,,,,,,,,,,,,40182000000,,750625000000
2006-02-09,809112000000,20036000000,5000000,0,28000000,,,,,,,,,,,,,,,40330000000,,748827000000
2006-02-02,814350000000,25393000000,11000000,0,29000000,,,,,,,,,,,,,,,40423000000,,748672000000
2006-01-26,811962000000,25643000000,10000000,0,28000000,,,,,,,,,,,,,,,40239000000,,745928000000
2006-01-19,816436000000,29571000000,292000000,0,29000000,,,,,,,,,,,,,,,40179000000,,745519000000
2006-01-12,815874000000,30393000000,16000000,0,23000000,,,,,,,,,,,,,,,39892000000,,744249000000
2006-01-05,832796000000,48750000000,7000000,0,57000000,,,,,,,,,,,,,,,39296000000,,743831000000
2005-12-29,826403000000,42179000000,51000000,0,74000000,,,,,,,,,,,,,,,39080000000,,744207000000
2005-12-22,817179000000,31964000000,365000000,0,72000000,,,,,,,,,,,,,,,38770000000,,744196000000
2005-12-15,811624000000,27179000000,11000000,0,70000000,,,,,,,,,,,,,,,38133000000,,744185000000
2005-12-08,813647000000,30893000000,17000000,0,69000000,,,,,,,,,,,,,,,37524000000,,744175000000
2005-12-01,812719000000,29821000000,6000000,0,97000000,,,,,,,,,,,,,,,37569000000,,744306000000
2005-11-25,806510000000,24571000000,23000000,0,94000000,,,,,,,,,,,,,,,37224000000,,743500000000
2005-11-17,808873000000,25607000000,46000000,0,106000000,,,,,,,,,,,,,,,39343000000,,742075000000
2005-11-10,799326000000,17857000000,3000000,0,116000000,,,,,,,,,,,,,,,40078000000,,741036000000
2005-11-03,801887000000,20536000000,5000000,0,148000000,,,,,,,,,,,,,,,40301000000,,740525000000
2005-10-27,797931000000,19071000000,40000000,0,183000000,,,,,,,,,,,,,,,39891000000,,738282000000
2005-10-20,800945000000,21214000000,10000000,0,215000000,,,,,,,,,,,,,,,39728000000,,737795000000
2005-10-13,801371000000,22143000000,9000000,0,260000000,,,,,,,,,,,,,,,39574000000,,737660000000
2005-10-06,800180000000,23929000000,108000000,152000000,300000000,,,,,,,,,,,,,,,39069000000,,736539000000
2005-09-29,800582000000,24857000000,12000000,0,339000000,,,,,,,,,,,,,,,39294000000,,735727000000
2005-09-22,800393000000,27614000000,1000000,0,321000000,,,,,,,,,,,,,,,39113000000,,733363000000
2005-09-15,800567000000,28036000000,3000000,0,309000000,,,,,,,,,,,,,,,39006000000,,732393000000
2005-09-08,799280000000,30250000000,20000000,0,301000000,,,,,,,,,,,,,,,38750000000,,730411000000
2005-09-01,797815000000,28714000000,6000000,0,326000000,,,,,,,,,,,,,,,38420000000,,730700000000
2005-08-25,791441000000,25107000000,16000000,0,317000000,,,,,,,,,,,,,,,37970000000,,728553000000
2005-08-18,793703000000,26857000000,155000000,0,290000000,,,,,,,,,,,,,,,40032000000,,726345000000
2005-08-11,791658000000,25964000000,2000000,0,267000000,,,,,,,,,,,,,,,41077000000,,724702000000
2005-08-04,799110000000,33750000000,448000000,0,262000000,,,,,,,,,,,,,,,40691000000,,724700000000
2005-07-28,793287000000,28643000000,11000000,67000000,266000000,,,,,,,,,,,,,,,40403000000,,724704000000
2005-07-21,796276000000,31643000000,128000000,0,239000000,,,,,,,,,,,,,,,40095000000,,724709000000
2005-07-14,792010000000,26893000000,51000000,0,224000000,,,,,,,,,,,,,,,40105000000,,724714000000
2005-07-07,795797000000,30071000000,539000000,0,206000000,,,,,,,,,,,,,,,39748000000,,724719000000
2005-06-30,788567000000,23107000000,19000000,0,196000000,,,,,,,,,,,,,,,40025000000,,726009000000
2005-06-23,787859000000,22286000000,22000000,0,158000000,,,,,,,,,,,,,,,39710000000,,725909000000
2005-06-16,787960000000,23714000000,14000000,0,148000000,,,,,,,,,,,,,,,39323000000,,725482000000
2005-06-09,790003000000,25500000000,2000000,0,150000000,,,,,,,,,,,,,,,39201000000,,725448000000
2005-06-02,792472000000,29714000000,11000000,0,145000000,,,,,,,,,,,,,,,39035000000,,724565000000
2005-05-26,786594000000,26357000000,8000000,0,142000000,,,,,,,,,,,,,,,38685000000,,722188000000
2005-05-19,787559000000,26571000000,2000000,0,139000000,,,,,,,,,,,,,,,40493000000,,721611000000
2005-05-12,783258000000,21036000000,8000000,0,126000000,,,,,,,,,,,,,,,42134000000,,720597000000
2005-05-05,786449000000,26143000000,5000000,0,107000000,,,,,,,,,,,,,,,41957000000,,719356000000
2005-04-28,786712000000,27321000000,7000000,0,96000000,,,,,,,,,,,,,,,41662000000,,717941000000
2005-04-21,785627000000,27464000000,5000000,0,80000000,,,,,,,,,,,,,,,41150000000,,717398000000
2005-04-14,781422000000,22893000000,211000000,0,68000000,,,,,,,,,,,,,,,40997000000,,717369000000
2005-04-07,783431000000,25143000000,12000000,0,57000000,,,,,,,,,,,,,,,40624000000,,717341000000
2005-03-31,782330000000,24643000000,13000000,0,46000000,,,,,,,,,,,,,,,40614000000,,717532000000
2005-03-24,783495000000,25964000000,5000000,0,38000000,,,,,,,,,,,,,,,40687000000,,717522000000
2005-03-17,785361000000,28107000000,8000000,0,35000000,,,,,,,,,,,,,,,40430000000,,717512000000
2005-03-10,777647000000,20893000000,5000000,0,29000000,,,,,,,,,,,,,,,39974000000,,717502000000
2005-03-05,784887000000,26571000000,64000000,0,17000000,,,,,,,,,,,,,,,39612000000,,717686000000
2005-02-24,780772000000,23964000000,5000000,0,16000000,,,,,,,,,,,,,,,39250000000,,717845000000
2005-02-17,783703000000,23929000000,9000000,0,14000000,,,,,,,,,,,,,,,41473000000,,717866000000
2005-02-10,776603000000,16143000000,22000000,0,15000000,,,,,,,,,,,,,,,42221000000,,717886000000
2005-02-03,784230000000,26321000000,42000000,0,19000000,,,,,,,,,,,,,,,39927000000,,717855000000
2005-01-27,780557000000,21893000000,55000000,0,22000000,,,,,,,,,,,,,,,39602000000,,717827000000
2005-01-20,783308000000,24786000000,35000000,0,19000000,,,,,,,,,,,,,,,39702000000,,717825000000
2005-01-13,780682000000,22893000000,45000000,0,20000000,,,,,,,,,,,,,,,39257000000,,717822000000
2005-01-06,791658000000,33214000000,19000000,0,35000000,,,,,,,,,,,,,,,39607000000,,717819000000
2004-12-30,790621000000,31071000000,9000000,0,45000000,,,,,,,,,,,,,,,39272000000,,717727000000
2004-12-23,784475000000,25393000000,19000000,0,56000000,,,,,,,,,,,,,,,40878000000,,717674000000
2004-12-16,782668000000,24821000000,5000000,0,56000000,,,,,,,,,,,,,,,40436000000,,717589000000
2004-12-09,784133000000,28071000000,3000000,0,51000000,,,,,,,,,,,,,,,40244000000,,715618000000
2004-12-02,785515000000,33643000000,6000000,0,67000000,,,,,,,,,,,,,,,39938000000,,711968000000
2004-11-26,779872000000,28607000000,5000000,0,71000000,,,,,,,,,,,,,,,39414000000,,711264000000
2004-11-18,778583000000,27107000000,431000000,0,80000000,,,,,,,,,,,,,,,40943000000,,709268000000
2004-11-12,774767000000,23643000000,6000000,0,79000000,,,,,,,,,,,,,,,42149000000,,708823000000
2004-11-04,773351000000,24286000000,8000000,0,107000000,,,,,,,,,,,,,,,41599000000,,707023000000
2004-10-28,770604000000,24000000000,51000000,0,147000000,,,,,,,,,,,,,,,41100000000,,705165000000
2004-10-21,770529000000,26964000000,5000000,0,168000000,,,,,,,,,,,,,,,40342000000,,702661000000
2004-10-14,768783000000,27071000000,5000000,0,188000000,,,,,,,,,,,,,,,40044000000,,701602000000
2004-10-07,764916000000,24464000000,2000000,0,199000000,,,,,,,,,,,,,,,39560000000,,700691000000
2004-09-30,765836000000,27571000000,9000000,0,245000000,,,,,,,,,,,,,,,39269000000,,698602000000
2004-09-23,767481000000,31286000000,352000000,0,240000000,,,,,,,,,,,,,,,38847000000,,697024000000
2004-09-16,768420000000,33500000000,20000000,0,238000000,,,,,,,,,,,,,,,38627000000,,695563000000
2004-09-09,764440000000,30929000000,31000000,0,236000000,,,,,,,,,,,,,,,38100000000,,694871000000
2004-09-02,764044000000,31000000000,31000000,0,242000000,,,,,,,,,,,,,,,37971000000,,694851000000
2004-08-26,755206000000,22786000000,6000000,0,234000000,,,,,,,,,,,,,,,37846000000,,694794000000
2004-08-19,754238000000,20536000000,12000000,0,235000000,,,,,,,,,,,,,,,39803000000,,694041000000
2004-08-12,754791000000,20036000000,16000000,0,223000000,,,,,,,,,,,,,,,41071000000,,693741000000
2004-08-05,757633000000,22929000000,31000000,0,234000000,,,,,,,,,,,,,,,40475000000,,693728000000
2004-07-29,752230000000,18607000000,37000000,0,226000000,,,,,,,,,,,,,,,40363000000,,693510000000
2004-07-22,756215000000,23536000000,26000000,0,214000000,,,,,,,,,,,,,,,40418000000,,692281000000
2004-07-15,755496000000,25250000000,53000000,0,191000000,,,,,,,,,,,,,,,40431000000,,689774000000
2004-07-08,754955000000,27179000000,59000000,0,165000000,,,,,,,,,,,,,,,39901000000,,687668000000
2004-07-01,752257000000,25250000000,58000000,0,164000000,,,,,,,,,,,,,,,39693000000,,687099000000
2004-06-24,748436000000,24250000000,54000000,0,143000000,,,,,,,,,,,,,,,39208000000,,685043000000
2004-06-17,746382000000,22821000000,34000000,0,135000000,,,,,,,,,,,,,,,38767000000,,684980000000
2004-06-10,746417000000,24821000000,32000000,0,126000000,,,,,,,,,,,,,,,38470000000,,683066000000
2004-06-03,749607000000,29750000000,8000000,0,119000000,,,,,,,,,,,,,,,38333000000,,681468000000
2004-05-27,743669000000,26107000000,4000000,0,114000000,,,,,,,,,,,,,,,37637000000,,680027000000
2004-05-20,740495000000,22000000000,2000000,0,104000000,,,,,,,,,,,,,,,39299000000,,679574000000
2004-05-13,741313000000,23071000000,16000000,0,93000000,,,,,,,,,,,,,,,40687000000,,677826000000
2004-05-06,742139000000,24464000000,6000000,0,82000000,,,,,,,,,,,,,,,40591000000,,677738000000
2004-04-29,744758000000,29429000000,16000000,0,71000000,,,,,,,,,,,,,,,40455000000,,675539000000
2004-04-22,739030000000,24529000000,34000000,0,61000000,,,,,,,,,,,,,,,40308000000,,674786000000
2004-04-15,740217000000,25729000000,33000000,0,52000000,,,,,,,,,,,,,,,40347000000,,674520000000
2004-04-08,733554000000,19571000000,36000000,0,37000000,,,,,,,,,,,,,,,40205000000,,674201000000
2004-04-01,737739000000,24357000000,11000000,0,36000000,,,,,,,,,,,,,,,40019000000,,674037000000
2004-03-25,731279000000,18786000000,26000000,0,36000000,,,,,,,,,,,,,,,39690000000,,673518000000
2004-03-18,736994000000,25179000000,48000000,0,27000000,,,,,,,,,,,,,,,39342000000,,673086000000
2004-03-11,729556000000,18000000000,7000000,0,19000000,,,,,,,,,,,,,,,38977000000,,672592000000
2004-03-04,736597000000,26286000000,3000000,0,21000000,,,,,,,,,,,,,,,38548000000,,671586000000
2004-02-26,732057000000,23000000000,37000000,0,16000000,,,,,,,,,,,,,,,38634000000,,670909000000
2004-02-19,739691000000,28429000000,11000000,0,11000000,,,,,,,,,,,,,,,41394000000,,670117000000
2004-02-12,729540000000,17286000000,19000000,0,9000000,,,,,,,,,,,,,,,41981000000,,668702000000
2004-02-05,732240000000,23214000000,10000000,0,13000000,,,,,,,,,,,,,,,41406000000,,667262000000
2004-01-29,728183000000,19143000000,184000000,0,14000000,,,,,,,,,,,,,,,41289000000,,667029000000
2004-01-22,738254000000,30607000000,212000000,0,11000000,,,,,,,,,,,,,,,40771000000,,666827000000
2004-01-15,729489000000,21143000000,39000000,0,6000000,,,,,,,,,,,,,,,41172000000,,666798000000
2004-01-08,743299000000,34679000000,12000000,0,11000000,,,,,,,,,,,,,,,40544000000,,666704000000
2004-01-02,746570000000,38679000000,32000000,0,33000000,,,,,,,,,,,,,,,40242000000,,666402000000
2003-12-26,739526000000,33179000000,33000000,0,37000000,,,,,,,,,,,,,,,39810000000,,666034000000
2003-12-18,731854000000,25571000000,5000000,0,32000000,,,,,,,,,,,,,,,39448000000,,665893000000
2003-12-11,731209000000,25893000000,13000000,0,24000000,,,,,,,,,,,,,,,39037000000,,665479000000
2003-12-04,734979000000,30679000000,9000000,0,26000000,,,,,,,,,,,,,,,38565000000,,664689000000
2003-11-28,729194000000,27393000000,5000000,0,42000000,,,,,,,,,,,,,,,38192000000,,663489000000
2003-11-20,727983000000,24071000000,22000000,0,43000000,,,,,,,,,,,,,,,40049000000,,661953000000
2003-11-13,722260000000,20464000000,3000000,0,48000000,,,,,,,,,,,,,,,41048000000,,660203000000
2003-11-06,725126000000,24000000000,82000000,0,53000000,,,,,,,,,,,,,,,40687000000,,658803000000
2003-10-30,726848000000,28071000000,19000000,0,71000000,,,,,,,,,,,,,,,40823000000,,657956000000
2003-10-23,721122000000,24571000000,14000000,0,86000000,,,,,,,,,,,,,,,40156000000,,656615000000
2003-10-16,722887000000,26393000000,4000000,0,98000000,,,,,,,,,,,,,,,40258000000,,656406000000
2003-10-09,715038000000,19250000000,2000000,0,125000000,,,,,,,,,,,,,,,39705000000,,656232000000
2003-10-02,727180000000,32107000000,23000000,0,155000000,,,,,,,,,,,,,,,39389000000,,656109000000
2003-09-25,717608000000,22286000000,73000000,0,163000000,,,,,,,,,,,,,,,38809000000,,655980000000
2003-09-18,721688000000,27893000000,4000000,0,158000000,,,,,,,,,,,,,,,38087000000,,655757000000
2003-09-11,715316000000,22821000000,3000000,0,155000000,,,,,,,,,,,,,,,37489000000,,654515000000
2003-09-04,725331000000,34429000000,9000000,0,157000000,,,,,,,,,,,,,,,37323000000,,653871000000
2003-08-28,715426000000,24607000000,1000000,0,156000000,,,,,,,,,,,,,,,36834000000,,653634000000
2003-08-21,726540000000,34071000000,719000000,66000000,152000000,,,,,,,,,,,,,,,37243000000,,653436000000
2003-08-14,711825000000,17679000000,7000000,0,138000000,,,,,,,,,,,,,,,40334000000,,653062000000
2003-08-07,716002000000,22500000000,21000000,0,133000000,,,,,,,,,,,,,,,39856000000,,652986000000
2003-07-31,713408000000,20857000000,1000000,0,125000000,,,,,,,,,,,,,,,40032000000,,652833000000
2003-07-24,716729000000,24250000000,4000000,0,115000000,,,,,,,,,,,,,,,39545000000,,652754000000
2003-07-17,715493000000,22893000000,6000000,1000000,107000000,,,,,,,,,,,,,,,39486000000,,652528000000
2003-07-10,718451000000,26000000000,8000000,0,91000000,,,,,,,,,,,,,,,39236000000,,652433000000
2003-07-03,719541000000,28714000000,99000000,0,89000000,,,,,,,,,,,,,,,39043000000,,652152000000
2003-06-26,717692000000,26321000000,322000000,0,84000000,,,,,,,,,,,,,,,38986000000,,651950000000
2003-06-19,713850000000,23179000000,3000000,0,71000000,,,,,,,,,,,,,,,38815000000,,651773000000
2003-06-12,713231000000,23286000000,2000000,0,61000000,,,,,,,,,,,,,,,38374000000,,651575000000
2003-06-05,716921000000,27813000000,12000000,0,64000000,,,,,,,,,,,,,,,38147000000,,651192000000
2003-05-29,720486000000,31857000000,2000000,0,57000000,,,,,,,,,,,,,,,38116000000,,650842000000
2003-05-22,711816000000,24608000000,2000000,0,54000000,,,,,,,,,,,,,,,37620000000,,650393000000
2003-05-15,714343000000,25644000000,2000000,0,49000000,,,,,,,,,,,,,,,40855000000,,647807000000
2003-05-08,708240000000,20537000000,4000000,0,46000000,,,,,,,,,,,,,,,40136000000,,647409000000
2003-05-01,715838000000,28751000000,0,0,29000000,,,,,,,,,,,,,,,39811000000,,647047000000
2003-04-24,709678000000,23893000000,4000000,0,24000000,,,,,,,,,,,,,,,39347000000,,646842000000
2003-04-17,711299000000,26821000000,16000000,0,20000000,,,,,,,,,,,,,,,39046000000,,645659000000
2003-04-10,704413000000,21893000000,13000000,0,16000000,,,,,,,,,,,,,,,38597000000,,643930000000
2003-04-03,707835000000,28464000000,4000000,0,7000000,,,,,,,,,,,,,,,38642000000,,641301000000
2003-03-27,698983000000,19286000000,2000000,0,8000000,,,,,,,,,,,,,,,38146000000,,640119000000
2003-03-20,704886000000,26500000000,9000000,0,8000000,,,,,,,,,,,,,,,38026000000,,639507000000
2003-03-13,696359000000,19214000000,36000000,0,9000000,,,,,,,,,,,,,,,38020000000,,638576000000
2003-03-06,702078000000,27136000000,24000000,0,6000000,,,,,,,,,,,,,,,37573000000,,636863000000
2003-02-27,697030000000,23321000000,10000000,0,4000000,,,,,,,,,,,,,,,37456000000,,634922000000
2003-02-20,701756000000,30067000000,14000000,0,5000000,,,,,,,,,,,,,,,39838000000,,630999000000
2003-02-13,691408000000,19285000000,28000000,0,3000000,,,,,,,,,,,,,,,40434000000,,629941000000
2003-02-06,694493000000,24393000000,11000000,0,4000000,,,,,,,,,,,,,,,40074000000,,629405000000
2003-01-30,690594000000,20143000000,45000000,0,7000000,,,,,,,,,,,,,,,40220000000,,629406000000
2003-01-23,697026000000,27036000000,12000000,0,7000000,,,,,,,,,,,,,,,39728000000,,629406000000
2003-01-16,693039000000,24428000000,6000000,0,11000000,,,,,,,,,,,,,,,39428000000,,629406000000
2003-01-09,697473000000,28393000000,,,17000000,,,,,,,,,,,,,,,38899000000,,629406000000
2003-01-02,706754000000,38107000000,,,40000000,,,,,,,,,,,,,,,39073000000,,629405000000
2002-12-26,703676000000,34321000000,,,46000000,,,,,,,,,,,,,,,38708000000,,629400000000
2002-12-19,692654000000,28179000000,,,49000000,,,,,,,,,,,,,,,38003000000,,626469000000
2002-12-12,670752000000,22000000000,,,46000000,,,,,,,,,,,,,,,,,
2002-12-05,672629000000,25857000000,,,54000000,,,,,,,,,,,,,,,,,
2002-11-29,669038000000,23036000000,,,54000000,,,,,,,,,,,,,,,,,
2002-11-21,666088000000,20929000000,,,60000000,,,,,,,,,,,,,,,,,
2002-11-14,666333000000,16821000000,,,66000000,,,,,,,,,,,,,,,,,
2002-11-07,660583000000,12036000000,,,67000000,,,,,,,,,,,,,,,,,
2002-10-31,662420000000,14071000000,,,98000000,,,,,,,,,,,,,,,,,
2002-10-24,657667000000,8143000000,,,116000000,,,,,,,,,,,,,,,,,
2002-10-17,661675000000,12536000000,,,124000000,,,,,,,,,,,,,,,,,
2002-10-10,655648000000,7429000000,,,136000000,,,,,,,,,,,,,,,,,
2002-10-03,661670000000,17607000000,,,171000000,,,,,,,,,,,,,,,,,
2002-09-26,655957000000,12214000000,,,168000000,,,,,,,,,,,,,,,,,
2002-09-19,657922000000,15500000000,,,162000000,,,,,,,,,,,,,,,,,
2002-09-12,658198000000,16857000000,,,164000000,,,,,,,,,,,,,,,,,
2002-09-05,665138000000,23821000000,,,177000000,,,,,,,,,,,,,,,,,
2002-08-29,655650000000,13464000000,,,198000000,,,,,,,,,,,,,,,,,
2002-08-22,658647000000,19500000000,,,191000000,,,,,,,,,,,,,,,,,
2002-08-15,653477000000,13321000000,,,181000000,,,,,,,,,,,,,,,,,
2002-08-08,657571000000,17393000000,,,179000000,,,,,,,,,,,,,,,,,
2002-08-01,655498000000,15429000000,,,180000000,,,,,,,,,,,,,,,,,
2002-07-25,658663000000,21107000000,,,183000000,,,,,,,,,,,,,,,,,
2002-07-18,656753000000,24571000000,,,177000000,,,,,,,,,,,,,,,,,
2002-07-11,658153000000,25857000000,,,167000000,,,,,,,,,,,,,,,,,
2002-07-05,659792000000,30000000000,,,168000000,,,,,,,,,,,,,,,,,
2002-06-27,656063000000,25821000000,,,162000000,,,,,,,,,,,,,,,,,
2002-06-20,650788000000,22036000000,,,131000000,,,,,,,,,,,,,,,,,
2002-06-13,650293000000,23936000000,,,106000000,,,,,,,,,,,,,,,,,
2002-06-06,651310000000,26929000000,,,120000000,,,,,,,,,,,,,,,,,
2002-05-30,655848000000,31204000000,,,129000000,,,,,,,,,,,,,,,,,
2002-05-23,643814000000,22893000000,,,105000000,,,,,,,,,,,,,,,,,
2002-05-16,645879000000,22787000000,,,95000000,,,,,,,,,,,,,,,,,
2002-05-09,641535000000,19929000000,,,94000000,,,,,,,,,,,,,,,,,
2002-05-02,647401000000,27429000000,,,67000000,,,,,,,,,,,,,,,,,
2002-04-25,640408000000,21964000000,,,56000000,,,,,,,,,,,,,,,,,
2002-04-18,644013000000,28200000000,,,48000000,,,,,,,,,,,,,,,,,
2002-04-11,638804000000,24393000000,,,42000000,,,,,,,,,,,,,,,,,
2002-04-04,642146000000,28786000000,,,26000000,,,,,,,,,,,,,,,,,
2002-03-28,635208000000,22214000000,,,20000000,,,,,,,,,,,,,,,,,
2002-03-21,637254000000,26614000000,,,20000000,,,,,,,,,,,,,,,,,
2002-03-14,634224000000,25043000000,,,20000000,,,,,,,,,,,,,,,,,
2002-03-07,636234000000,32392000000,,,14000000,,,,,,,,,,,,,,,,,
2002-02-28,631999000000,28856000000,,,12000000,,,,,,,,,,,,,,,,,
2002-02-21,636464000000,34750000000,,,16000000,,,,,,,,,,,,,,,,,
2002-02-14,627844000000,26464000000,,,24000000,,,,,,,,,,,,,,,,,
2002-02-07,629719000000,28607000000,,,16000000,,,,,,,,,,,,,,,,,
2002-01-31,627628000000,28464000000,,,19000000,,,,,,,,,,,,,,,,,
2002-01-24,631916000000,35929000000,,,17000000,,,,,,,,,,,,,,,,,
2002-01-17,629104000000,32971000000,,,10000000,,,,,,,,,,,,,,,,,
2002-01-10,631596000000,36929000000,,,12000000,,,,,,,,,,,,,,,,,
2002-01-03,642801000000,50714000000,,,31000000,,,,,,,,,,,,,,,,,
2001-12-27,633771000000,41743000000,,,36000000,,,,,,,,,,,,,,,,,
2001-12-20,627352000000,36593000000,,,35000000,,,,,,,,,,,,,,,,,
2001-12-13,619750000000,31500000000,,,34000000,,,,,,,,,,,,,,,,,
2001-12-06,622763000000,34571000000,,,34000000,,,,,,,,,,,,,,,,,
2001-11-29,621130000000,35243000000,,,33000000,,,,,,,,,,,,,,,,,
2001-11-23,619225000000,34257000000,,,30000000,,,,,,,,,,,,,,,,,
2001-11-15,616009000000,31004000000,,,31000000,,,,,,,,,,,,,,,,,
2001-11-08,609350000000,26704000000,,,39000000,,,,,,,,,,,,,,,,,
2001-11-01,617178000000,37843000000,,,54000000,,,,,,,,,,,,,,,,,
2001-10-25,606621000000,27405000000,,,64000000,,,,,,,,,,,,,,,,,
2001-10-18,614114000000,33154000000,,,67000000,,,,,,,,,,,,,,,,,
2001-10-11,612383000000,32719000000,,,81000000,,,,,,,,,,,,,,,,,
2001-10-04,613015000000,41250000000,,,83000000,,,,,,,,,,,,,,,,,
2001-09-27,611281000000,39333000000,,,67000000,,,,,,,,,,,,,,,,,
2001-09-20,672702000000,75296000000,,,95000000,,,,,,,,,,,,,,,,,
2001-09-13,622845000000,28863000000,,,95000000,,,,,,,,,,,,,,,,,
2001-09-06,608992000000,29885000000,,,114000000,,,,,,,,,,,,,,,,,
2001-08-30,600643000000,22505000000,,,139000000,,,,,,,,,,,,,,,,,
2001-08-23,601174000000,24553000000,,,164000000,,,,,,,,,,,,,,,,,
2001-08-16,598605000000,20669000000,,,185000000,,,,,,,,,,,,,,,,,
2001-08-09,597508000000,22264000000,,,179000000,,,,,,,,,,,,,,,,,
2001-08-02,596369000000,22314000000,,,196000000,,,,,,,,,,,,,,,,,
2001-07-26,595815000000,21843000000,,,193000000,,,,,,,,,,,,,,,,,
2001-07-19,591877000000,19729000000,,,176000000,,,,,,,,,,,,,,,,,
2001-07-12,591218000000,20694000000,,,161000000,,,,,,,,,,,,,,,,,
2001-07-05,594211000000,22186000000,,,148000000,,,,,,,,,,,,,,,,,
2001-06-28,587021000000,14931000000,,,138000000,,,,,,,,,,,,,,,,,
2001-06-21,587618000000,17286000000,,,122000000,,,,,,,,,,,,,,,,,
2001-06-14,585192000000,17643000000,,,106000000,,,,,,,,,,,,,,,,,
2001-06-07,587753000000,24054000000,,,95000000,,,,,,,,,,,,,,,,,
2001-05-31,590597000000,26534000000,,,86000000,,,,,,,,,,,,,,,,,
2001-05-24,582087000000,20915000000,,,83000000,,,,,,,,,,,,,,,,,
2001-05-17,584854000000,20053000000,,,88000000,,,,,,,,,,,,,,,,,
2001-05-10,580014000000,17433000000,,,69000000,,,,,,,,,,,,,,,,,
2001-05-03,586374000000,22443000000,,,41000000,,,,,,,,,,,,,,,,,
2001-04-26,579177000000,17183000000,,,36000000,,,,,,,,,,,,,,,,,
2001-04-19,581646000000,22220000000,,,40000000,,,,,,,,,,,,,,,,,
2001-04-12,578408000000,19247000000,,,35000000,,,,,,,,,,,,,,,,,
2001-04-05,580844000000,21484000000,,,18000000,,,,,,,,,,,,,,,,,
2001-03-29,576109000000,15926000000,,,18000000,,,,,,,,,,,,,,,,,
2001-03-22,581260000000,22824000000,,,22000000,,,,,,,,,,,,,,,,,
2001-03-15,575113000000,16713000000,,,20000000,,,,,,,,,,,,,,,,,
2001-03-08,577776000000,20074000000,,,21000000,,,,,,,,,,,,,,,,,
2001-03-01,575148000000,17685000000,,,17000000,,,,,,,,,,,,,,,,,
2001-02-22,577179000000,21976000000,,,17000000,,,,,,,,,,,,,,,,,
2001-02-15,572674000000,17757000000,,,23000000,,,,,,,,,,,,,,,,,
2001-02-08,572088000000,18921000000,,,19000000,,,,,,,,,,,,,,,,,
2001-02-01,573712000000,18986000000,,,31000000,,,,,,,,,,,,,,,,,
2001-01-25,577567000000,22429000000,,,23000000,,,,,,,,,,,,,,,,,
2001-01-18,577838000000,24228000000,,,26000000,,,,,,,,,,,,,,,,,
2001-01-11,578383000000,27116000000,,,36000000,,,,,,,,,,,,,,,,,
2001-01-04,590853000000,40939000000,,,73000000,,,,,,,,,,,,,,,,,
2000-12-28,584323000000,31759000000,,,112000000,,,,,,,,,,,,,,,,,
2000-12-21,578291000000,25021000000,,,121000000,,,,,,,,,,,,,,,,,
2000-12-14,572898000000,22621000000,,,124000000,,,,,,,,,,,,,,,,,
2000-12-07,571915000000,23677000000,,,121000000,,,,,,,,,,,,,,,,,
2000-11-30,573582000000,24720000000,,,148000000,,,,,,,,,,,,,,,,,
2000-11-24,568034000000,19618000000,,,148000000,,,,,,,,,,,,,,,,,
2000-11-16,566796000000,17427000000,,,155000000,,,,,,,,,,,,,,,,,
2000-11-09,562411000000,14558000000,,,175000000,,,,,,,,,,,,,,,,,
2000-11-02,563958000000,16005000000,,,240000000,,,,,,,,,,,,,,,,,
2000-10-26,559523000000,11689000000,,,277000000,,,,,,,,,,,,,,,,,
2000-10-19,561873000000,14330000000,,,301000000,,,,,,,,,,,,,,,,,
2000-10-12,561709000000,10939000000,,,325000000,,,,,,,,,,,,,,,,,
2000-10-05,562885000000,14514000000,,,367000000,,,,,,,,,,,,,,,,,
2000-09-28,558798000000,11425000000,,,398000000,,,,,,,,,,,,,,,,,
2000-09-21,562174000000,17286000000,,,384000000,,,,,,,,,,,,,,,,,
2000-09-14,559373000000,11205000000,,,422000000,,,,,,,,,,,,,,,,,
2000-09-07,562918000000,17664000000,,,531000000,,,,,,,,,,,,,,,,,
2000-08-31,556838000000,10761000000,,,586000000,,,,,,,,,,,,,,,,,
2000-08-24,557933000000,13281000000,,,565000000,,,,,,,,,,,,,,,,,
2000-08-17,558157000000,10822000000,,,539000000,,,,,,,,,,,,,,,,,
2000-08-10,557914000000,12039000000,,,540000000,,,,,,,,,,,,,,,,,
2000-08-03,558836000000,14755000000,,,569000000,,,,,,,,,,,,,,,,,
2000-07-27,558302000000,15237000000,,,549000000,,,,,,,,,,,,,,,,,
2000-07-20,558319000000,14873000000,,,505000000,,,,,,,,,,,,,,,,,
2000-07-13,560520000000,18979000000,,,484000000,,,,,,,,,,,,,,,,,
2000-07-06,564938000000,25048000000,,,460000000,,,,,,,,,,,,,,,,,
2000-06-29,559552000000,17478000000,,,461000000,,,,,,,,,,,,,,,,,
2000-06-22,558964000000,15563000000,,,395000000,,,,,,,,,,,,,,,,,
2000-06-15,557301000000,15541000000,,,352000000,,,,,,,,,,,,,,,,,
2000-06-08,557277000000,16960000000,,,325000000,,,,,,,,,,,,,,,,,
2000-06-01,560269000000,20913000000,,,356000000,,,,,,,,,,,,,,,,,
2000-05-25,552640000000,11116000000,,,324000000,,,,,,,,,,,,,,,,,
2000-05-18,556399000000,14323000000,,,260000000,,,,,,,,,,,,,,,,,
2000-05-11,560586000000,17093000000,,,216000000,,,,,,,,,,,,,,,,,
2000-05-04,568555000000,26499000000,,,179000000,,,,,,,,,,,,,,,,,
2000-04-27,564005000000,20477000000,,,133000000,,,,,,,,,,,,,,,,,
2000-04-20,559618000000,16624000000,,,103000000,,,,,,,,,,,,,,,,,
2000-04-13,557297000000,19142000000,,,105000000,,,,,,,,,,,,,,,,,
2000-04-06,558850000000,22121000000,,,88000000,,,,,,,,,,,,,,,,,
2000-03-30,553961000000,17906000000,,,82000000,,,,,,,,,,,,,,,,,
2000-03-23,556444000000,21833000000,,,71000000,,,,,,,,,,,,,,,,,
2000-03-16,555117000000,20104000000,,,63000000,,,,,,,,,,,,,,,,,
2000-03-09,554851000000,19736000000,,,64000000,,,,,,,,,,,,,,,,,
2000-03-02,556770000000,21333000000,,,57000000,,,,,,,,,,,,,,,,,
2000-02-24,557057000000,21041000000,,,52000000,,,,,,,,,,,,,,,,,
2000-02-17,557694000000,19826000000,,,44000000,,,,,,,,,,,,,,,,,
2000-02-10,555766000000,18419000000,,,29000000,,,,,,,,,,,,,,,,,
2000-02-03,558386000000,21143000000,,,24000000,,,,,,,,,,,,,,,,,4896000000
2000-01-27,565748000000,28821000000,,,27000000,,,,,,,,,,,,,,,,,8780000000
2000-01-20,571881000000,40754000000,,,28000000,,,,,,,,,,,,,,,,,3716000000
2000-01-13,589585000000,67421000000,,,31000000,,,,,,,,,,,,,,,,,5454000000
2000-01-06,636928000000,120136000000,,,44000000,,,,,,,,,,,,,,,,,15134000000
1999-12-30,618779000000,93154000000,,,78000000,,,,,,,,,,,,,,,,,25923000000
1999-12-23,594453000000,64415000000,,,80000000,,,,,,,,,,,,,,,,,4741000000
1999-12-16,584135000000,53343000000,,,60000000,,,,,,,,,,,,,,,,,7777000000
1999-12-09,574563000000,45754000000,,,61000000,,,,,,,,,,,,,,,,,5127000000
1999-12-02,573579000000,46103000000,,,65000000,,,,,,,,,,,,,,,,,5082000000
1999-11-26,562987000000,35095000000,,,59000000,,,,,,,,,,,,,,,,,4525000000
1999-11-18,561724000000,33669000000,,,59000000,,,,,,,,,,,,,,,,,5228000000
1999-11-12,552242000000,24151000000,,,64000000,,,,,,,,,,,,,,,,,4870000000
1999-11-04,550733000000,23800000000,,,115000000,,,,,,,,,,,,,,,,,5610000000
1999-10-28,543576000000,17061000000,,,191000000,,,,,,,,,,,,,,,,,4363000000
1999-10-21,544461000000,18123000000,,,224000000,,,,,,,,,,,,,,,,,4925000000
1999-10-14,541214000000,14659000000,,,263000000,,,,,,,,,,,,,,,,,4948000000
1999-10-07,539749000000,573000000,,,283000000,,,,,,,,,,,,,,,,,5259000000
1999-09-30,,,,,304000000,,,,,,,,,,,,,,,,,8232000000
1999-09-23,,,,,283000000,,,,,,,,,,,,,,,,,7721000000
1999-09-16,,,,,268000000,,,,,,,,,,,,,,,,,10128000000
1999-09-09,,,,,276000000,,,,,,,,,,,,,,,,,4146000000
1999-09-02,,,,,291000000,,,,,,,,,,,,,,,,,6481000000
1999-08-26,,,,,279000000,,,,,,,,,,,,,,,,,5401000000
1999-08-19,,,,,267000000,,,,,,,,,,,,,,,,,4903000000
1999-08-12,,,,,261000000,,,,,,,,,,,,,,,,,5427000000
1999-08-05,,,,,265000000,,,,,,,,,,,,,,,,,5622000000
1999-07-29,,,,,257000000,,,,,,,,,,,,,,,,,5311000000
1999-07-22,,,,,241000000,,,,,,,,,,,,,,,,,4566000000
1999-07-15,,,,,205000000,,,,,,,,,,,,,,,,,5491000000
1999-07-08,,,,,186000000,,,,,,,,,,,,,,,,,5707000000
1999-07-01,,,,,173000000,,,,,,,,,,,,,,,,,6720000000
1999-06-24,,,,,142000000,,,,,,,,,,,,,,,,,6885000000
1999-06-17,,,,,111000000,,,,,,,,,,,,,,,,,4709000000
1999-06-10,,,,,88000000,,,,,,,,,,,,,,,,,4683000000
1999-06-03,,,,,105000000,,,,,,,,,,,,,,,,,4979000000
1999-05-27,,,,,106000000,,,,,,,,,,,,,,,,,5101000000
1999-05-20,,,,,87000000,,,,,,,,,,,,,,,,,4783000000
1999-05-13,,,,,82000000,,,,,,,,,,,,,,,,,4095000000
1999-05-06,,,,,67000000,,,,,,,,,,,,,,,,,4999000000
1999-04-29,,,,,51000000,,,,,,,,,,,,,,,,,8545000000
1999-04-22,,,,,36000000,,,,,,,,,,,,,,,,,6690000000
1999-04-15,,,,,30000000,,,,,,,,,,,,,,,,,4157000000
1999-04-08,,,,,27000000,,,,,,,,,,,,,,,,,5438000000
1999-04-01,,,,,21000000,,,,,,,,,,,,,,,,,5374000000
1999-03-25,,,,,20000000,,,,,,,,,,,,,,,,,5199000000
1999-03-18,,,,,16000000,,,,,,,,,,,,,,,,,6318000000
1999-03-11,,,,,14000000,,,,,,,,,,,,,,,,,4722000000
1999-03-04,,,,,14000000,,,,,,,,,,,,,,,,,5050000000
1999-02-25,,,,,10000000,,,,,,,,,,,,,,,,,4753000000
1999-02-18,,,,,8000000,,,,,,,,,,,,,,,,,4893000000
1999-02-11,,,,,10000000,,,,,,,,,,,,,,,,,4925000000
1999-02-04,,,,,6000000,,,,,,,,,,,,,,,,,5395000000
1999-01-28,,,,,5000000,,,,,,,,,,,,,,,,,7038000000
1999-01-21,,,,,4000000,,,,,,,,,,,,,,,,,7466000000
1999-01-14,,,,,6000000,,,,,,,,,,,,,,,,,5006000000
1999-01-07,,,,,12000000,,,,,,,,,,,,,,,,,4960000000
1998-12-31,,,,,20000000,,,,,,,,,,,,,,,,,10174000000
1998-12-24,,,,,16000000,,,,,,,,,,,,,,,,,3837000000
1998-12-17,,,,,13000000,,,,,,,,,,,,,,,,,8628000000
1998-12-10,,,,,12000000,,,,,,,,,,,,,,,,,4199000000
1998-12-03,,,,,16000000,,,,,,,,,,,,,,,,,4382000000
1998-11-27,,,,,23000000,,,,,,,,,,,,,,,,,4881000000
1998-11-19,,,,,33000000,,,,,,,,,,,,,,,,,4720000000
1998-11-12,,,,,46000000,,,,,,,,,,,,,,,,,5271000000
1998-11-05,,,,,67000000,,,,,,,,,,,,,,,,,5914000000
1998-10-29,,,,,91000000,,,,,,,,,,,,,,,,,6382000000
1998-10-22,,,,,99000000,,,,,,,,,,,,,,,,,4842000000
1998-10-15,,,,,110000000,,,,,,,,,,,,,,,,,4895000000
1998-10-08,,,,,132000000,,,,,,,,,,,,,,,,,5291000000
1998-10-01,,,,,172000000,,,,,,,,,,,,,,,,,4952000000
1998-09-24,,,,,174000000,,,,,,,,,,,,,,,,,7508000000
1998-09-17,,,,,167000000,,,,,,,,,,,,,,,,,6265000000
1998-09-10,,,,,184000000,,,,,,,,,,,,,,,,,4940000000
1998-09-03,,,,,234000000,,,,,,,,,,,,,,,,,5372000000
1998-08-27,,,,,254000000,,,,,,,,,,,,,,,,,4331000000
1998-08-20,,,,,256000000,,,,,,,,,,,,,,,,,4372000000
1998-08-13,,,,,243000000,,,,,,,,,,,,,,,,,5138000000
1998-08-06,,,,,238000000,,,,,,,,,,,,,,,,,5045000000
1998-07-30,,,,,243000000,,,,,,,,,,,,,,,,,5184000000
1998-07-23,,,,,223000000,,,,,,,,,,,,,,,,,4426000000
1998-07-16,,,,,195000000,,,,,,,,,,,,,,,,,5309000000
1998-07-09,,,,,196000000,,,,,,,,,,,,,,,,,4934000000
1998-07-02,,,,,188000000,,,,,,,,,,,,,,,,,7866000000
1998-06-25,,,,,180000000,,,,,,,,,,,,,,,,,22464000000
1998-06-18,,,,,157000000,,,,,,,,,,,,,,,,,8273000000
1998-06-11,,,,,132000000,,,,,,,,,,,,,,,,,5087000000
1998-06-04,,,,,129000000,,,,,,,,,,,,,,,,,5211000000
1998-05-28,,,,,117000000,,,,,,,,,,,,,,,,,5013000000
1998-05-21,,,,,97000000,,,,,,,,,,,,,,,,,4697000000
1998-05-14,,,,,73000000,,,,,,,,,,,,,,,,,5127000000
1998-05-07,,,,,69000000,,,,,,,,,,,,,,,,,4107000000
1998-04-30,,,,,53000000,,,,,,,,,,,,,,,,,41801000000
1998-04-23,,,,,43000000,,,,,,,,,,,,,,,,,12950000000
1998-04-16,,,,,31000000,,,,,,,,,,,,,,,,,9457000000
1998-04-09,,,,,30000000,,,,,,,,,,,,,,,,,4382000000
1998-04-02,,,,,29000000,,,,,,,,,,,,,,,,,3534000000
1998-03-26,,,,,26000000,,,,,,,,,,,,,,,,,4819000000
1998-03-19,,,,,20000000,,,,,,,,,,,,,,,,,5745000000
1998-03-12,,,,,19000000,,,,,,,,,,,,,,,,,4556000000
1998-03-05,,,,,14000000,,,,,,,,,,,,,,,,,4778000000
1998-02-26,,,,,13000000,,,,,,,,,,,,,,,,,4398000000
1998-02-19,,,,,12000000,,,,,,,,,,,,,,,,,4699000000
1998-02-12,,,,,9000000,,,,,,,,,,,,,,,,,4401000000
1998-02-05,,,,,9000000,,,,,,,,,,,,,,,,,4792000000
1998-01-29,,,,,16000000,,,,,,,,,,,,,,,,,6846000000
1998-01-22,,,,,16000000,,,,,,,,,,,,,,,,,15430000000
1998-01-15,,,,,20000000,,,,,,,,,,,,,,,,,4644000000
1998-01-08,,,,,23000000,,,,,,,,,,,,,,,,,5580000000
1998-01-02,,,,,64000000,,,,,,,,,,,,,,,,,5444000000
1997-12-26,,,,,78000000,,,,,,,,,,,,,,,,,4949000000
1997-12-18,,,,,84000000,,,,,,,,,,,,,,,,,7493000000
1997-12-11,,,,,85000000,,,,,,,,,,,,,,,,,4499000000
1997-12-04,,,,,90000000,,,,,,,,,,,,,,,,,4211000000
1997-11-28,,,,,100000000,,,,,,,,,,,,,,,,,3963000000
1997-11-20,,,,,110000000,,,,,,,,,,,,,,,,,4126000000
1997-11-13,,,,,113000000,,,,,,,,,,,,,,,,,5508000000
1997-11-06,,,,,143000000,,,,,,,,,,,,,,,,,5180000000
1997-10-30,,,,,190000000,,,,,,,,,,,,,,,,,5091000000
1997-10-23,,,,,208000000,,,,,,,,,,,,,,,,,5585000000
1997-10-16,,,,,232000000,,,,,,,,,,,,,,,,,5174000000
1997-10-09,,,,,276000000,,,,,,,,,,,,,,,,,4858000000
1997-10-02,,,,,340000000,,,,,,,,,,,,,,,,,3703000000
1997-09-25,,,,,379000000,,,,,,,,,,,,,,,,,7328000000
1997-09-18,,,,,374000000,,,,,,,,,,,,,,,,,10987000000
1997-09-11,,,,,372000000,,,,,,,,,,,,,,,,,5558000000
1997-09-04,,,,,411000000,,,,,,,,,,,,,,,,,5001000000
1997-08-28,,,,,407000000,,,,,,,,,,,,,,,,,5200000000
1997-08-21,,,,,385000000,,,,,,,,,,,,,,,,,4863000000
1997-08-14,,,,,365000000,,,,,,,,,,,,,,,,,4678000000
1997-08-07,,,,,376000000,,,,,,,,,,,,,,,,,5947000000
1997-07-31,,,,,378000000,,,,,,,,,,,,,,,,,5153000000
1997-07-24,,,,,347000000,,,,,,,,,,,,,,,,,4942000000
1997-07-17,,,,,303000000,,,,,,,,,,,,,,,,,6562000000
1997-07-10,,,,,294000000,,,,,,,,,,,,,,,,,4645000000
1997-07-03,,,,,304000000,,,,,,,,,,,,,,,,,5253000000
1997-06-26,,,,,295000000,,,,,,,,,,,,,,,,,19285000000
1997-06-19,,,,,221000000,,,,,,,,,,,,,,,,,9050000000
1997-06-12,,,,,189000000,,,,,,,,,,,,,,,,,4776000000
1997-06-05,,,,,211000000,,,,,,,,,,,,,,,,,4298000000
1997-05-29,,,,,209000000,,,,,,,,,,,,,,,,,4824000000
1997-05-22,,,,,183000000,,,,,,,,,,,,,,,,,5307000000
1997-05-15,,,,,154000000,,,,,,,,,,,,,,,,,16838000000
1997-05-08,,,,,140000000,,,,,,,,,,,,,,,,,19700000000
1997-05-01,,,,,114000000,,,,,,,,,,,,,,,,,52215000000
1997-04-24,,,,,95000000,,,,,,,,,,,,,,,,,15863000000
1997-04-17,,,,,76000000,,,,,,,,,,,,,,,,,17884000000
1997-04-10,,,,,64000000,,,,,,,,,,,,,,,,,3446000000
1997-04-03,,,,,57000000,,,,,,,,,,,,,,,,,5092000000
1997-03-27,,,,,41000000,,,,,,,,,,,,,,,,,4420000000
1997-03-20,,,,,35000000,,,,,,,,,,,,,,,,,9035000000
1997-03-13,,,,,26000000,,,,,,,,,,,,,,,,,5285000000
1997-03-06,,,,,28000000,,,,,,,,,,,,,,,,,5239000000
1997-02-27,,,,,24000000,,,,,,,,,,,,,,,,,5229000000
1997-02-20,,,,,22000000,,,,,,,,,,,,,,,,,5571000000
1997-02-13,,,,,18000000,,,,,,,,,,,,,,,,,5135000000
1997-02-06,,,,,17000000,,,,,,,,,,,,,,,,,5350000000
1997-01-30,,,,,18000000,,,,,,,,,,,,,,,,,9874000000
1997-01-23,,,,,17000000,,,,,,,,,,,,,,,,,8578000000
1997-01-16,,,,,17000000,,,,,,,,,,,,,,,,,7521000000
1997-01-09,,,,,19000000,,,,,,,,,,,,,,,,,5062000000
1997-01-02,,,,,57000000,,,,,,,,,,,,,,,,,7742000000
1996-12-26,,,,,70000000,,,,,,,,,,,,,,,,,6479000000
1996-12-19,,,,,68000000,,,,,,,,,,,,,,,,,9989000000
1996-12-12,,,,,66000000,,,,,,,,,,,,,,,,,4896000000
1996-12-05,,,,,75000000,,,,,,,,,,,,,,,,,4790000000
1996-11-29,,,,,96000000,,,,,,,,,,,,,,,,,4688000000
1996-11-21,,,,,106000000,,,,,,,,,,,,,,,,,5119000000
1996-11-14,,,,,109000000,,,,,,,,,,,,,,,,,4512000000
1996-11-07,,,,,126000000,,,,,,,,,,,,,,,,,5774000000
1996-10-31,,,,,181000000,,,,,,,,,,,,,,,,,5388000000
1996-10-24,,,,,197000000,,,,,,,,,,,,,,,,,5337000000
1996-10-17,,,,,213000000,,,,,,,,,,,,,,,,,3594000000
1996-10-10,,,,,246000000,,,,,,,,,,,,,,,,,4722000000
1996-10-03,,,,,302000000,,,,,,,,,,,,,,,,,5427000000
1996-09-26,,,,,323000000,,,,,,,,,,,,,,,,,6846000000
1996-09-19,,,,,311000000,,,,,,,,,,,,,,,,,8215000000
1996-09-12,,,,,291000000,,,,,,,,,,,,,,,,,5054000000
1996-09-05,,,,,324000000,,,,,,,,,,,,,,,,,5825000000
1996-08-29,,,,,337000000,,,,,,,,,,,,,,,,,5858000000
1996-08-22,,,,,319000000,,,,,,,,,,,,,,,,,5879000000
1996-08-15,,,,,295000000,,,,,,,,,,,,,,,,,5449000000
1996-08-08,,,,,284000000,,,,,,,,,,,,,,,,,4695000000
1996-08-01,,,,,308000000,,,,,,,,,,,,,,,,,6836000000
1996-07-25,,,,,299000000,,,,,,,,,,,,,,,,,5211000000
1996-07-18,,,,,283000000,,,,,,,,,,,,,,,,,5323000000
1996-07-11,,,,,263000000,,,,,,,,,,,,,,,,,5668000000
1996-07-05,,,,,254000000,,,,,,,,,,,,,,,,,3703000000
1996-06-27,,,,,227000000,,,,,,,,,,,,,,,,,7290000000
