"Indent","Category","Source","report","2000 Corp","2001 Corp","2002 Corp","2003 Corp","2004 Corp","2005 Corp","2006 Corp","2007 Corp","2008 Corp","2009 Corp","2010 Corp","2011 Corp","2012 Corp","2013 Corp","2014 Corp","2015 Corp","2016 Corp","2000 Indv","2001 Indv","2002 Indv","2003 Indv","2004 Indv","2005 Indv","2006 Indv","2007 Indv","2008 Indv","2009 Indv","2010 Indv","2011 Indv","2012 Indv","2013 Indv","2014 Indv","2015 Indv","2016 Indv","Description/Expenditure Name","Notes"
"","Medicare","","","","","","","","","","","","","","","","","","","","","","","","","","","","","","","","","","","","","",""
"#","Exclusion of certain subsidies to employers who maintain prescription drug plans for Medicare enrollees","","","","","","","","","","","","","","","","","","","","","","","","","","","","","","","","","","","","","<p>The Medicare program has four components: Parts A , B, C, and D. Part D offers a voluntary outpatient prescription drug benefit that began on January 1, 2006. Every individual enrolled in Medicare Parts A or B, or who receives Medicare benefits through a private health plan under Part C, is eligible to enroll in a qualified prescription drug plan.</p>
<p>Federal subsidies are available to encourage widespread participation by low-income Medicare beneficiaries, and to prevent large numbers of public and private employers and unions that offer prescription drug benefits to Medicare-eligible retirees from dropping or sharply cutting this coverage. Public and private employers and unions electing the subsidy payments must agree to subject their drug benefits for retirees to continuing federal scrutiny.</p>
<p>In 2010 and 2011, the subsidy payments from this program are equal to 28 percent of a qualified retirees allowable gross prescription drug costs between $310 and $6,300. This means that the maximum subsidy for a qualified retiree in each year is $1764. Employers who choose to receive subsidy payments are allowed to exclude them from their taxable income under both the regular income tax and the alternative minimum tax. In addition, an employer may disregard any subsidy it receives in calculating its deduction for health benefits for current employees and retirees. For tax years starting on or after January 1, 2013, employers will be required to reduce that deduction by the amount of any subsidy received, subjecting the subsidy to taxation.</p>
","Description adapted from <a href=""http://www.gpo.gov/fdsys/pkg/CPRT-111SPRT62799/pdf/CPRT-111SPRT62799.pdf""><em>Tax Expenditures: Compendium of Background Materials on Individual Provisions</em></a>, Congressional Research Service, December 2010, Washington, DC: U.S. Government Printing Office."
"#+","","JCT",2006,"","","","",0.00,0.00,1100.00,1600.00,1900.00,"","","","","","","","","","","","",0.00,0.00,0.00,0.00,0.00,"","","","","","","","","Exclusion of certain subsidies to employers who maintain prescription drug plans for Medicare",""
"#+","","JCT",2007,"","","","","",0.00,1200.00,1700.00,1900.00,2100.00,"","","","","","","","","","","","",0.00,0.00,0.00,0.00,0.00,"","","","","","","","Exclusion of certain subsidies to employers who maintain prescription drug plans for Medicare",""
"#+","","JCT",2008,"","","","","","",700.00,1200.00,1400.00,1500.00,1600.00,"","","","","","","","","","","","",0.00,0.00,0.00,0.00,0.00,"","","","","","","Exclusion of certain subsidies to employers who maintain prescription drug plans for Medicare enrollees",""
"#+","","JCT",2009,"","","","","","","",1000.00,1100.00,1100.00,1100.00,1100.00,"","","","","","","","","","","","",0.00,0.00,0.00,0.00,0.00,"","","","","","Exclusion of certain subsidies to employers who maintain prescription drug plans for Medicare enrollees",""
"#+","","JCT",2010,"","","","","","","","",1100.00,1100.00,1100.00,1100.00,1100.00,"","","","","","","","","","","","",0.00,0.00,0.00,0.00,0.00,"","","","","Exclusion of certain subsidies to employers who maintain prescription drug plans for Medicare enrollees",""
"#+","","JCT",2010,"","","","","","","","",1100.00,1100.00,1100.00,1100.00,1100.00,"","","","","","","","","","","","",0.00,0.00,0.00,0.00,0.00,"","","","","Exclusion of certain subsidies to employers who maintain prescription drug plans for Medicare enrollees",""
"#+","","JCT",2011,"","","","","","","","","",500.00,500.00,500.00,500.00,600.00,"","","","","","","","","","","","",0.00,0.00,0.00,0.00,0.00,"","","","Exclusion of certain subsidies to employers who maintain prescription drug plans for Medicare enrollees",""
"#+","","JCT",2012,"","","","","","","","","","",400.00,500.00,500.00,300.00,0.00,"","","","","","","","","","","","",0.00,0.00,0.00,0.00,0.00,"","","Exclusion of certain subsidies to employers who maintain prescription drug plans for Medicare enrollees",""
"#","Exclusion of Medicare benefits: Hospital insurance (Part A)","","","","","","","","","","","","","","","","","","","","","","","","","","","","","","","","","","","","","<p>The Medicare program has four main components: Parts A, B, C, and D. Part A offers hospital insurance (HI). It covers most of the cost of in-patient hospital care and as much as 100 days a year of skilled nursing facility care, home health care, and hospice care for individuals who are age 65 and over or disabled.</p>

<p>Medicare Part A is financed primarily by a payroll tax levied on the earnings of current workers. The tax rate is 2.90 percent, and there is no ceiling on the earnings subject to the tax. Self-employed individuals pay the full rate, while employees and employers each pay 1.45 percent. The employers share of the payroll tax is excluded from an employees taxable income. Moreover, the expected lifetime value of Part A benefits under current law exceeds the amount of payroll tax contributions by current beneficiaries. These excess benefits are excluded from the taxable income of Medicare Part A beneficiaries.</p>
","Description adapted from <a href=""http://www.gpo.gov/fdsys/pkg/CPRT-111SPRT62799/pdf/CPRT-111SPRT62799.pdf""><em>Tax Expenditures: Compendium of Background Materials on Individual Provisions</em></a>, Congressional Research Service, December 2010, Washington, DC: U.S. Government Printing Office."
"#+","","JCT",2001,0.00,0.00,0.00,0.00,"","","","","","","","","","","","","",26100.00,27000.00,28000.00,28900.00,"","","","","","","","","","","","","","Hospital insurance",""
"#+","","JCT",2002,0.00,0.00,0.00,0.00,0.00,"","","","","","","","","","","","",16100.00,16800.00,17700.00,18800.00,20300.00,"","","","","","","","","","","","","Hospital insurance",""
"#+","","JCT",2003,"",0.00,0.00,0.00,0.00,0.00,"","","","","","","","","","","","",16100.00,17100.00,18300.00,19700.00,21500.00,"","","","","","","","","","","","Hospital insurance",""
"#+","","JCT",2004,"","",0.00,0.00,0.00,0.00,0.00,"","","","","","","","","","","","",16900.00,18000.00,19500.00,21000.00,22600.00,"","","","","","","","","","","Hospital insurance",""
"#+","","JCT",2005,"","","",0.00,0.00,0.00,0.00,0.00,"","","","","","","","","","","","",13900.00,15100.00,16300.00,17500.00,18700.00,"","","","","","","","","","Hospital insurance",""
"#+","","JCT",2006,"","","","",0.00,0.00,0.00,0.00,0.00,"","","","","","","","","","","","",16800.00,19300.00,21400.00,23100.00,25100.00,"","","","","","","","","Hospital insurance (Part A)",""
"#+","","JCT",2007,"","","","","",0.00,0.00,0.00,0.00,0.00,"","","","","","","","","","","","",16400.00,18100.00,19700.00,21400.00,23900.00,"","","","","","","","Hospital insurance (Part A)",""
"#+","","JCT",2008,"","","","","","",0.00,0.00,0.00,0.00,0.00,"","","","","","","","","","","","",18500.00,20700.00,22500.00,24500.00,26700.00,"","","","","","","Hospital insurance (Part A)",""
"#+","","JCT",2009,"","","","","","","",0.00,0.00,0.00,0.00,0.00,"","","","","","","","","","","","",20100.00,21700.00,23500.00,25600.00,30200.00,"","","","","","Hospital insurance (Part A)",""
"#+","","JCT",2010,"","","","","","","","",0.00,0.00,0.00,0.00,0.00,"","","","","","","","","","","","",21900.00,23700.00,25700.00,30100.00,33100.00,"","","","","Hospital insurance (Part A)",""
"#+","","JCT",2010,"","","","","","","","",0.00,0.00,0.00,0.00,0.00,"","","","","","","","","","","","",21900.00,23700.00,25700.00,30100.00,33100.00,"","","","","Hospital insurance (Part A)",""
"#+","","JCT",2011,"","","","","","","","","",0.00,0.00,0.00,0.00,0.00,"","","","","","","","","","","","",26500.00,28600.00,34100.00,37000.00,39900.00,"","","","Hospital insurance (Part A)",""
"#+","","JCT",2012,"","","","","","","","","","",0.00,0.00,0.00,0.00,0.00,"","","","","","","","","","","","",28600.00,33600.00,35900.00,37800.00,39900.00,"","","Hospital insurance (Part A)",""
"#","Exclusion of Medicare benefits: Prescription drug insurance (Part D)","","","","","","","","","","","","","","","","","","","","","","","","","","","","","","","","","","","","","<p>The Medicare program has four main components: Parts A, B, C, and D. Part D provides an outpatient prescription drug benefit, which went into effect on January 1, 2006. The benefit is offered through stand-alone private prescription drug plans (PDPs) and Medicare Advantage (MA) plans, such as health maintenance organizations, that provide all Medicare benefits, including coverage for outpatient prescription drugs. Unlike other Medicare services, Medicare beneficiaries can obtain the drug benefit only by enrolling in one of those plans, which are open to anyone entitled to Medicare Part A and/or enrolled in Medicare Part B.</p>

<p>Part D plans offer either a defined standard benefit or an alternative benefit that is actuarially equivalent. They may also offer enhanced benefits. Funding for Part D comes from a combination of enrollee premiums, state contributions (through the so-called clawback provision), and general federal revenues. In keeping with the tax treatment of benefits received by beneficiaries under Parts A and B of Medicare, transfers from the general fund of the U.S. Treasury and state governments to pay for the cost of the drug benefit not covered by premiums are excluded from the taxable income of enrollees.</p>
","Description adapted from <a href=""http://www.gpo.gov/fdsys/pkg/CPRT-111SPRT62799/pdf/CPRT-111SPRT62799.pdf""><em>Tax Expenditures: Compendium of Background Materials on Individual Provisions</em></a>, Congressional Research Service, December 2010, Washington, DC: U.S. Government Printing Office."
"#+","","JCT",2006,"","","","",0.00,0.00,0.00,0.00,0.00,"","","","","","","","","","","","",0.00,0.00,1900.00,3600.00,4300.00,"","","","","","","","","Prescription drug insurance (Part D)",""
"#+","","JCT",2007,"","","","","",0.00,0.00,0.00,0.00,0.00,"","","","","","","","","","","","",0.00,4300.00,7200.00,8400.00,9800.00,"","","","","","","","Prescription drug insurance (Part D)",""
"#+","","JCT",2008,"","","","","","",0.00,0.00,0.00,0.00,0.00,"","","","","","","","","","","","",3400.00,6200.00,7500.00,8300.00,9500.00,"","","","","","","Prescription drug insurance (Part D)",""
"#+","","JCT",2009,"","","","","","","",0.00,0.00,0.00,0.00,0.00,"","","","","","","","","","","","",5300.00,5500.00,6000.00,6800.00,8400.00,"","","","","","Prescription drug insurance (Part D)",""
"#+","","JCT",2010,"","","","","","","","",0.00,0.00,0.00,0.00,0.00,"","","","","","","","","","","","",4500.00,5300.00,5900.00,6900.00,6800.00,"","","","","Prescription drug insurance (Part D)",""
"#+","","JCT",2010,"","","","","","","","",0.00,0.00,0.00,0.00,0.00,"","","","","","","","","","","","",4500.00,5300.00,5900.00,6900.00,6800.00,"","","","","Prescription drug insurance (Part D)",""
"#+","","JCT",2011,"","","","","","","","","",0.00,0.00,0.00,0.00,0.00,"","","","","","","","","","","","",4700.00,5200.00,6100.00,6000.00,6800.00,"","","","Prescription drug insurance (Part D)",""
"#+","","JCT",2012,"","","","","","","","","","",0.00,0.00,0.00,0.00,0.00,"","","","","","","","","","","","",5500.00,6600.00,6700.00,7700.00,8700.00,"","","Prescription drug insurance (Part D)",""
"#","Exclusion of Medicare benefits: Supplementary medical insurance (Part B)","","","","","","","","","","","","","","","","","","","","","","","","","","","","","","","","","","","","","<p>The Medicare program has four main components: Parts A, B, C and D. Part B of Medicare provides supplementary medical insurance (SMI). Among the services covered under Part B are certain physician services, outpatient hospital services, and durable medical equipment.</p> 

<p>Unlike Part A of Medicare, participation in SMI is voluntary. Enrollees must pay a minimum monthly premium that varies over time. The program generally pays for 80 percent of Medicare's fee schedule or other approved amounts after a beneficiary satisfies an annual deductible, which is $155 in 2010. Premiums are set to cover 25 percent of the program's estimated costs for most recipients; the remaining 75 percent is funded out of general revenues. Transfers from the general fund of the U.S. Treasury to pay for the cost of covered services are excluded from the taxable income of enrollees.</p>
","Description adapted from <a href=""http://www.gpo.gov/fdsys/pkg/CPRT-111SPRT62799/pdf/CPRT-111SPRT62799.pdf""><em>Tax Expenditures: Compendium of Background Materials on Individual Provisions</em></a>, Congressional Research Service, December 2010, Washington, DC: U.S. Government Printing Office."
"#+","","JCT",2001,0.00,0.00,0.00,0.00,"","","","","","","","","","","","","",2100.00,2200.00,2200.00,2300.00,"","","","","","","","","","","","","","Supplementary medical insurance",""
"#+","","JCT",2002,0.00,0.00,0.00,0.00,0.00,"","","","","","","","","","","","",8800.00,9800.00,11100.00,12500.00,14100.00,"","","","","","","","","","","","","Supplementary medical insurance",""
"#+","","JCT",2003,"",0.00,0.00,0.00,0.00,0.00,"","","","","","","","","","","","",9100.00,10000.00,11000.00,12100.00,13200.00,"","","","","","","","","","","","Supplementary medical insurance",""
"#+","","JCT",2004,"","",0.00,0.00,0.00,0.00,0.00,"","","","","","","","","","","","",9800.00,11100.00,11900.00,12700.00,13700.00,"","","","","","","","","","","Supplementary medical insurance",""
"#+","","JCT",2005,"","","",0.00,0.00,0.00,0.00,0.00,"","","","","","","","","","","","",9100.00,9700.00,10400.00,11300.00,12400.00,"","","","","","","","","","Supplementary medical insurance",""
"#+","","JCT",2006,"","","","",0.00,0.00,0.00,0.00,0.00,"","","","","","","","","","","","",11000.00,12600.00,14100.00,15600.00,17300.00,"","","","","","","","","Supplementary medical insurance (Part B)",""
"#+","","JCT",2007,"","","","","",0.00,0.00,0.00,0.00,0.00,"","","","","","","","","","","","",10900.00,11800.00,12800.00,13900.00,15700.00,"","","","","","","","Supplementary medical insurance (Part B)",""
"#+","","JCT",2008,"","","","","","",0.00,0.00,0.00,0.00,0.00,"","","","","","","","","","","","",12500.00,14200.00,15400.00,16700.00,18100.00,"","","","","","","Supplementary medical insurance (Part B)",""
"#+","","JCT",2009,"","","","","","","",0.00,0.00,0.00,0.00,0.00,"","","","","","","","","","","","",14500.00,15600.00,16300.00,17600.00,20900.00,"","","","","","Supplementary medical insurance (Part B)",""
"#+","","JCT",2010,"","","","","","","","",0.00,0.00,0.00,0.00,0.00,"","","","","","","","","","","","",14600.00,16000.00,17700.00,21100.00,23500.00,"","","","","Supplementary medical insurance (Part B)",""
"#+","","JCT",2010,"","","","","","","","",0.00,0.00,0.00,0.00,0.00,"","","","","","","","","","","","",14600.00,16000.00,17700.00,21100.00,23500.00,"","","","","Supplementary medical insurance (Part B)",""
"#+","","JCT",2011,"","","","","","","","","",0.00,0.00,0.00,0.00,0.00,"","","","","","","","","","","","",20000.00,20500.00,24300.00,25900.00,29000.00,"","","","Supplementary medical insurance (Part B)",""
"#+","","JCT",2012,"","","","","","","","","","",0.00,0.00,0.00,0.00,0.00,"","","","","","","","","","","","",20500.00,23400.00,24400.00,27200.00,29000.00,"","","Supplementary medical insurance (Part B)",""
