Indent,Category,Source,report,2000 Corp,2001 Corp,2002 Corp,2003 Corp,2004 Corp,2005 Corp,2006 Corp,2007 Corp,2008 Corp,2009 Corp,2010 Corp,2011 Corp,2012 Corp,2013 Corp,2014 Corp,2015 Corp,2016 Corp,2000 Indv,2001 Indv,2002 Indv,2003 Indv,2004 Indv,2005 Indv,2006 Indv,2007 Indv,2008 Indv,2009 Indv,2010 Indv,2011 Indv,2012 Indv,2013 Indv,2014 Indv,2015 Indv,2016 Indv,Description/Expenditure Name,Notes
,Interest
#,Deferral of interest on U.S. savings bonds,,,,,,,,,,,,,,,,,,,,,,,,,,,,,,,,,,,,,"<p>The baseline tax system would uniformly tax all returns to investments and not allow an exemption or deferral for particular activities, investments, or industries. In contrast, taxpayers may defer paying tax on interest earned on U.S. savings bonds until the bonds are redeemed. </p>","Description from <a href=""http://www.gpoaccess.gov/usbudget/fy12/pdf/BUDGET-2012-PER.pdf"">Analytical Perspectives, Budget of the U.S. Government, Fiscal Year 2012.</a>"
#+,,JCT,2001,0.00,0.00,0.00,0.00,,,,,,,,,,,,,,1200.00,1200.00,1200.00,1200.00,,,,,,,,,,,,,,Deferral of interest on savings bonds,
#+,,JCT,2002,0.00,0.00,0.00,0.00,0.00,,,,,,,,,,,,,1200.00,1200.00,1200.00,1200.00,1200.00,,,,,,,,,,,,,Deferral of interest on savings bonds,
#+,,JCT,2003,,0.00,0.00,0.00,0.00,0.00,,,,,,,,,,,,,1600.00,1600.00,1600.00,1600.00,1600.00,,,,,,,,,,,,Deferral of interest on savings bonds,
#+,,JCT,2004,,,0.00,0.00,0.00,0.00,0.00,,,,,,,,,,,,,1600.00,1600.00,1600.00,1600.00,1600.00,,,,,,,,,,,Deferral of interest on savings bonds,
#+,,JCT,2005,,,,0.00,0.00,0.00,0.00,0.00,,,,,,,,,,,,,1600.00,1600.00,1600.00,1600.00,1600.00,,,,,,,,,,Deferral of interest on savings bonds,
#+,,JCT,2006,,,,,0.00,0.00,0.00,0.00,0.00,,,,,,,,,,,,,1700.00,1700.00,1700.00,1700.00,1700.00,,,,,,,,,Deferral of interest on savings bonds,
#+,,JCT,2007,,,,,,0.00,0.00,0.00,0.00,0.00,,,,,,,,,,,,,1100.00,1100.00,1100.00,1100.00,1100.00,,,,,,,,Deferral of interest on savings bonds,
#+,,JCT,2008,,,,,,,0.00,0.00,0.00,0.00,0.00,,,,,,,,,,,,,1100.00,1100.00,1200.00,1200.00,1200.00,,,,,,,Deferral of interest on savings bonds,
#+,,JCT,2009,,,,,,,,0.00,0.00,0.00,0.00,0.00,,,,,,,,,,,,,1100.00,1200.00,1200.00,1200.00,1300.00,,,,,,Deferral of interest on savings bonds,
#+,,JCT,2010,,,,,,,,,0.00,0.00,0.00,0.00,0.00,,,,,,,,,,,,,1200.00,1200.00,1200.00,1300.00,1300.00,,,,,Deferral of interest on savings bonds,
#+,,JCT,2010,,,,,,,,,0.00,0.00,0.00,0.00,0.00,,,,,,,,,,,,,1200.00,1200.00,1200.00,1300.00,1300.00,,,,,Deferral of interest on savings bonds,
#+,,JCT,2011,,,,,,,,,,0.00,0.00,0.00,0.00,0.00,,,,,,,,,,,,,1200.00,1200.00,1300.00,1300.00,1300.00,,,,Deferral of interest on savings bonds,
#+,,JCT,2012,,,,,,,,,,,0.00,0.00,0.00,0.00,0.00,,,,,,,,,,,,,1300.00,1400.00,1400.00,1500.00,1500.00,,,Deferral of interest on savings bonds,
#+,131,Treasury,2001,0.00,0.00,0.00,0.00,0.00,0.00,,,,,,,,,,,,1065.00,1115.00,1175.00,1235.00,1295.00,1355.00,,,,,,,,,,,,Deferral of interest on U.S. savings bonds,
#+,133,Treasury,2002,0.00,0.00,0.00,0.00,0.00,0.00,0.00,,,,,,,,,,,470.00,490.00,520.00,540.00,570.00,600.00,630.00,,,,,,,,,,,Deferral of interest on U.S. savings bonds,
#+,136,Treasury,2003,,0.00,0.00,0.00,0.00,0.00,0.00,0.00,,,,,,,,,,,290.00,300.00,310.00,330.00,330.00,350.00,360.00,,,,,,,,,,Deferral of interest on U.S. savings bonds,
#+,137,Treasury,2004,,,0.00,0.00,0.00,0.00,0.00,0.00,0.00,,,,,,,,,,,510.00,590.00,670.00,750.00,840.00,920.00,1050.00,,,,,,,,,Deferral of interest on U.S. savings bonds,
#+,137,Treasury,2005,,,,0.00,0.00,0.00,0.00,0.00,0.00,0.00,,,,,,,,,,,30.00,40.00,40.00,40.00,40.00,40.00,50.00,,,,,,,,Deferral of interest on U.S. savings bonds,
#+,146,Treasury,2006,,,,,0.00,0.00,0.00,0.00,0.00,0.00,0.00,,,,,,,,,,,50.00,50.00,50.00,50.00,60.00,70.00,70.00,,,,,,,Deferral of interest on U.S. savings bonds,
#+,163,Treasury,2007,,,,,,0.00,0.00,0.00,0.00,0.00,0.00,0.00,,,,,,,,,,,1350.00,1340.00,1350.00,1360.00,1380.00,1390.00,1440.00,,,,,,Deferral of interest on U.S. savings bonds,
#+,161,Treasury,2008,,,,,,,0.00,0.00,0.00,0.00,0.00,0.00,0.00,,,,,,,,,,,1260.00,1330.00,1340.00,1360.00,1370.00,1420.00,1520.00,,,,,Deferral of interest on U.S. savings bonds,
#+,161,Treasury,2009,,,,,,,,0.00,0.00,0.00,0.00,0.00,0.00,0.00,,,,,,,,,,,1290.00,1310.00,1320.00,1330.00,1380.00,1470.00,1490.00,,,,Deferral of interest on U.S. savings bonds,
#+,165,Treasury,2010,,,,,,,,,,,,,,,,,,,,,,,,,,1310.00,1320.00,1330.00,1380.00,1470.00,1490.00,1500.00,,,Deferral of interest on U.S. savings bonds,
#+,173,Treasury,2011,,,,,,,,,,,,,,,,,,,,,,,,,,,1270.00,1180.00,1220.00,1300.00,1320.00,1330.00,1340.00,,Deferral of interest on U.S. savings bonds,
#+,173,Treasury,2012,,,,,,,,,,,,,,,,,,,,,,,,,,,,1180.00,1220.00,1300.00,1320.00,1330.00,1340.00,1360.00,Deferral of interest on U.S. savings bonds,
