Indent,Category,Source,report,2000 Corp,2001 Corp,2002 Corp,2003 Corp,2004 Corp,2005 Corp,2006 Corp,2007 Corp,2008 Corp,2009 Corp,2010 Corp,2011 Corp,2012 Corp,2013 Corp,2014 Corp,2015 Corp,2016 Corp,2000 Indv,2001 Indv,2002 Indv,2003 Indv,2004 Indv,2005 Indv,2006 Indv,2007 Indv,2008 Indv,2009 Indv,2010 Indv,2011 Indv,2012 Indv,2013 Indv,2014 Indv,2015 Indv,2016 Indv,Description/Expenditure Name,Notes
,Natural resources and environment
#,Amortization of certified pollution control facilities,,,,,,,,,,,,,,,,,,,,,,,,,,,,,,,,,,,,,"<p>This provision makes the pre-1976, 5-year, option to amortize investments in pollution control equipment for coal-fired electric generation plants available to those plants placed in service on or after January 1, 1976. Qualifying pollution control equipment means any technology that is installed in or on a qualifying facility to reduce air emissions of any pollutant regulated by the Environmental Protection Agency (EPA) under the Clean Air Act. This includes scrubber systems, particulate collectors and removal equipment (such as electrostatic precipitators), thermal oxidizers, vapor recovery systems, low nitric oxide burners, flare systems, bag houses, cyclones, and continuous emission monitoring systems. The pollution control equipment needs to have been placed in service after April 11, 2005.</p>","Description adapted from <a href=""http://www.gpo.gov/fdsys/pkg/CPRT-111SPRT62799/pdf/CPRT-111SPRT62799.pdff""><em>Tax Expenditures: Compendium of Background Materials on Individual Provisions</em></a>, Congressional Research Service, December 2010, Washington, DC: U.S. Government Printing Office."
#+,,JCT,2008,,,,,,,<50,<50,100.00,100.00,100.00,,,,,,,,,,,,,0.00,0.00,0.00,0.00,0.00,,,,,,,Amortization of certified pollution control facilities,
#,Capital gains treatment of certain timber income,,,,,,,,,,,,,,,,,,,,,,,,,,,,,,,,,,,,,"<p> The baseline tax system generally would tax all income under the regular tax rate schedule. It would not allow preferentially low tax rates to apply to certain types or sources of income. However, under current law certain timber sales can be treated as a capital gain rather than ordinary income and therefore subject to the lower capital-gains tax rate. For individuals in 2010, tax rates on regular income vary from 10 percent to 35 percent, depending on the taxpayer's income. In contrast, current law allows capital gains to be taxed at a preferentially low rate that is no higher than 15 percent. </p>","Description from <a href=""http://www.gpoaccess.gov/usbudget/fy12/pdf/BUDGET-2012-PER.pdf"">Analytical Perspectives, Budget of the U.S. Government, Fiscal Year 2012.</a>"
#+,,JCT,2010,,,,,,,,,<50,100.00,<50,<50,<50,,,,,,,,,,,,,0.00,0.00,0.00,0.00,0.00,,,,,Special tax rate for qualified timber gain,
#+,,JCT,2011,,,,,,,,,,0.00,0.00,0.00,0.00,0.00,,,,,,,,,,,,,400.00,400.00,400.00,400.00,400.00,,,,Special tax rate for qualified timber gain,
#+,,JCT,2012,,,,,,,,,,,0.00,0.00,0.00,0.00,0.00,,,,,,,,,,,,,400.00,400.00,400.00,400.00,500.00,,,Special tax rate for qualified timber gain,
#+,24,Treasury,2001,0.00,0.00,0.00,0.00,0.00,0.00,,,,,,,,,,,,65.00,70.00,70.00,75.00,80.00,85.00,,,,,,,,,,,,Capital gains treatment of certain timber income,
#+,25,Treasury,2002,0.00,0.00,0.00,0.00,0.00,0.00,0.00,,,,,,,,,,,70.00,70.00,80.00,80.00,80.00,90.00,90.00,,,,,,,,,,,Capital gains treatment of certain timber income,
#+,24,Treasury,2003,,0.00,0.00,0.00,0.00,0.00,0.00,0.00,,,,,,,,,,,100.00,100.00,110.00,120.00,120.00,130.00,140.00,,,,,,,,,,Capital gains treatment of certain timber income,
#+,24,Treasury,2004,,,0.00,0.00,0.00,0.00,0.00,0.00,0.00,,,,,,,,,,,100.00,110.00,110.00,120.00,120.00,130.00,140.00,,,,,,,,,Capital gains treatment of certain timber income,
#+,24,Treasury,2005,,,,0.00,0.00,0.00,0.00,0.00,0.00,0.00,,,,,,,,,,,100.00,110.00,120.00,120.00,130.00,130.00,140.00,,,,,,,,Capital gains treatment of certain timber income,
#+,24,Treasury,2006,,,,,0.00,0.00,0.00,0.00,0.00,0.00,0.00,,,,,,,,,,,70.00,70.00,80.00,80.00,100.00,70.00,60.00,,,,,,,Capital gains treatment of certain timber income,
#+,39,Treasury,2007,,,,,,0.00,0.00,0.00,0.00,0.00,0.00,0.00,,,,,,,,,,,90.00,90.00,90.00,100.00,70.00,60.00,80.00,,,,,,Capital gains treatment of certain timber income,
#+,36,Treasury,2008,,,,,,,0.00,0.00,0.00,0.00,0.00,0.00,0.00,,,,,,,,,,,160.00,170.00,170.00,170.00,190.00,180.00,130.00,,,,,Capital gains treatment of certain timber income,
#+,36,Treasury,2009,,,,,,,,0.00,0.00,0.00,0.00,0.00,0.00,0.00,,,,,,,,,,,180.00,190.00,190.00,200.00,190.00,140.00,150.00,,,,Capital gains treatment of certain timber income,
#+,37,Treasury,2010,,,,,,,,,,,,,,,,,,,,,,,,,,110.00,110.00,140.00,110.00,110.00,130.00,140.00,,,Capital gains treatment of certain timber income,
#+,36,Treasury,2011,,,,,,,,,,,,,,,,,,,,,,,,,,,70.00,60.00,60.00,60.00,70.00,80.00,100.00,,Capital gains treatment of certain timber income,
#+,37,Treasury,2012,,,,,,,,,,,,,,,,,,,,,,,,,,,,50.00,50.00,50.00,60.00,60.00,80.00,90.00,Capital gains treatment of certain timber income,
#,Deduction for endangered species recovery expenditures,,,,,,,,,,,,,,,,,,,,,,,,,,,,,,,,,,,,,"<p>The baseline tax system generally would tax all income under the regular tax rate schedule. It would not allow preferentially low tax rates to apply to certain types or sources of income. In contrast, under current law farmers can deduct up to 25 percent of their gross income for expenses incurred as a result of site and habitat improvement activities that will benefit endangered species on their farm land, in accordance with site specific management actions included in species recovery plans approved pursuant to the Endangered Species Act of 1973. </p>","Description from <a href=""http://www.gpoaccess.gov/usbudget/fy12/pdf/BUDGET-2012-PER.pdf"">Analytical Perspectives, Budget of the U.S. Government, Fiscal Year 2012.</a>"
#+,43,Treasury,2010,,,,,,,,,0.00,10.00,20.00,20.00,30.00,30.00,30.00,,,,,,,,,,,,,,,,,,,,Deduction for endangered species recovery expenditures,
#+,42,Treasury,2011,,,,,,,,,,0.00,10.00,20.00,20.00,20.00,30.00,30.00,,,,,,,,,,,0.00,10.00,10.00,10.00,10.00,20.00,20.00,,Deduction for endangered species recovery expenditures,
#+,42,Treasury,2012,,,,,,,,,,,10.00,20.00,20.00,20.00,30.00,30.00,40.00,,,,,,,,,,,10.00,10.00,10.00,10.00,20.00,20.00,20.00,Deduction for endangered species recovery expenditures,
#,"Excess of percentage over cost depletion, nonfuel minerals",,,,,,,,,,,,,,,,,,,,,,,,,,,,,,,,,,,,,"<p>The baseline tax system allows the taxpayer to deduct the decline in the economic value of an investment over time. Under current law, however, most nonfuel mineral extractors may use percentage depletion (whereby the deduction is fixed as a percentage of revenue and can exceed total costs) rather than cost depletion, with percentage depletion rates ranging from 22 percent for sulfur to 5 percent for sand and gravel. Over the life of an investment, percentage depletion deductions can exceed the cost of the investment. Consequently, percentage depletion offers more generous tax treatment than would cost depletion, which would limit deductions to an investment's cost. </p>","Description from <a href=""http://www.gpoaccess.gov/usbudget/fy12/pdf/BUDGET-2012-PER.pdf"">Analytical Perspectives, Budget of the U.S. Government, Fiscal Year 2012.</a>"
#+,,JCT,2001,200.00,200.00,200.00,200.00,,,,,,,,,,,,,,100.00,100.00,100.00,100.00,,,,,,,,,,,,,,"Excess of percentage over cost depletion, nonfuel minerals",
#+,,JCT,2002,200.00,200.00,200.00,200.00,200.00,,,,,,,,,,,,,100.00,100.00,100.00,100.00,100.00,,,,,,,,,,,,,"Excess of percentage over cost depletion, nonfuel minerals",
#+,,JCT,2003,,100.00,100.00,100.00,100.00,100.00,,,,,,,,,,,,,100.00,100.00,100.00,100.00,100.00,,,,,,,,,,,,"Excess of percentage over cost depletion, nonfuel minerals",
#+,,JCT,2004,,,100.00,100.00,100.00,100.00,100.00,,,,,,,,,,,,,100.00,100.00,100.00,100.00,100.00,,,,,,,,,,,"Excess of percentage over cost depletion, nonfuel minerals",
#+,,JCT,2005,,,,100.00,100.00,100.00,100.00,100.00,,,,,,,,,,,,,100.00,100.00,100.00,100.00,100.00,,,,,,,,,,"Excess of percentage over cost depletion, nonfuel minerals",
#+,,JCT,2006,,,,,100.00,100.00,100.00,100.00,100.00,,,,,,,,,,,,,100.00,100.00,100.00,100.00,100.00,,,,,,,,,"Excess of percentage over cost depletion, nonfuel minerals",
#+,,JCT,2007,,,,,,100.00,100.00,100.00,100.00,100.00,,,,,,,,,,,,,100.00,100.00,100.00,100.00,100.00,,,,,,,,"Excess of percentage over cost depletion, nonfuel minerals",
#+,,JCT,2008,,,,,,,100.00,100.00,100.00,100.00,100.00,,,,,,,,,,,,,100.00,100.00,100.00,100.00,100.00,,,,,,,"Excess of percentage over cost depletion, nonfuel minerals",
#+,,JCT,2009,,,,,,,,100.00,100.00,100.00,100.00,100.00,,,,,,,,,,,,,100.00,100.00,100.00,100.00,100.00,,,,,,"Excess of percentage over cost depletion, nonfuel minerals",
#+,,JCT,2010,,,,,,,,,100.00,100.00,100.00,100.00,100.00,,,,,,,,,,,,,100.00,100.00,100.00,100.00,100.00,,,,,"Excess of percentage over cost depletion, nonfuel minerals",
#+,,JCT,2011,,,,,,,,,,100.00,100.00,100.00,100.00,100.00,,,,,,,,,,,,,<50,<50,<50,<50,<50,,,,"Excess of percentage over cost depletion, nonfuel minerals",
#+,,JCT,2012,,,,,,,,,,,100.00,100.00,100.00,100.00,100.00,,,,,,,,,,,,,<50,<50,<50,<50,<50,,,"Excess of percentage over cost depletion, nonfuel minerals",
#+,22,Treasury,2001,185.00,195.00,200.00,210.00,220.00,230.00,,,,,,,,,,,,45.00,50.00,50.00,55.00,55.00,55.00,,,,,,,,,,,,"Excess of percentage over cost depletion, nonfuel minerals",
#+,23,Treasury,2002,250.00,260.00,280.00,290.00,300.00,310.00,330.00,,,,,,,,,,,20.00,20.00,20.00,20.00,20.00,20.00,20.00,,,,,,,,,,,"Excess of percentage over cost depletion, nonfuel minerals",
#+,22,Treasury,2003,,240.00,250.00,260.00,270.00,280.00,280.00,290.00,,,,,,,,,,,10.00,10.00,10.00,20.00,20.00,20.00,20.00,,,,,,,,,,"Excess of percentage over cost depletion, nonfuel minerals",
#+,22,Treasury,2004,,,240.00,240.00,250.00,260.00,270.00,270.00,280.00,,,,,,,,,,,20.00,20.00,20.00,20.00,20.00,20.00,20.00,,,,,,,,,"Excess of percentage over cost depletion, nonfuel minerals",
#+,22,Treasury,2005,,,,230.00,230.00,240.00,240.00,250.00,260.00,260.00,,,,,,,,,,,20.00,20.00,20.00,20.00,20.00,20.00,20.00,,,,,,,,"Excess of percentage over cost depletion, nonfuel minerals",
#+,22,Treasury,2006,,,,,0.00,0.00,0.00,0.00,0.00,0.00,10.00,,,,,,,,,,,0.00,0.00,0.00,0.00,0.00,0.00,0.00,,,,,,,"Excess of percentage over cost depletion, nonfuel minerals",
#+,37,Treasury,2007,,,,,,250.00,260.00,280.00,290.00,290.00,310.00,320.00,,,,,,,,,,,20.00,20.00,20.00,20.00,20.00,20.00,20.00,,,,,,"Excess of percentage over cost depletion, nonfuel minerals",
#+,34,Treasury,2008,,,,,,,430.00,460.00,470.00,480.00,500.00,520.00,540.00,,,,,,,,,,,20.00,20.00,20.00,30.00,30.00,30.00,30.00,,,,,"Excess of percentage over cost depletion, nonfuel minerals",
#+,34,Treasury,2009,,,,,,,,360.00,380.00,390.00,410.00,420.00,430.00,450.00,,,,,,,,,,,20.00,20.00,20.00,30.00,30.00,30.00,30.00,,,,"Excess of percentage over cost depletion, nonfuel minerals",
#+,35,Treasury,2010,,,,,,,,,700.00,720.00,750.00,770.00,790.00,820.00,830.00,,,,,,,,,,,20.00,20.00,20.00,20.00,20.00,30.00,30.00,,,"Excess of percentage over cost depletion, nonfuel minerals",
#+,34,Treasury,2011,,,,,,,,,,680.00,690.00,720.00,730.00,750.00,780.00,800.00,,,,,,,,,,,20.00,20.00,20.00,20.00,20.00,30.00,30.00,,"Excess of percentage over cost depletion, nonfuel minerals",
#+,35,Treasury,2012,,,,,,,,,,,720.00,740.00,720.00,690.00,700.00,720.00,730.00,,,,,,,,,,,50.00,50.00,50.00,50.00,50.00,50.00,50.00,"Excess of percentage over cost depletion, nonfuel minerals",
#,Exclusion of contributions in aid of construction for water and sewer utilities,,,,,,,,,,,,,,,,,,,,,,,,,,,,,,,,,,,,,"<p>Contributions in aid of construction are charges paid by utility customers, usually builders or developers, to cover the cost of installing facilities to service housing subdivisions, industrial parks, manufacturing plants, etc. In some cases, the builder/developer transfers completed facilities to the utility rather than paying cash to the utility to finance construction of the facilities.</p>

<p>Qualifying contributions in aid of construction received by regulated water and sewage disposal utilities which provide services to the general public in their service areas are not included in the utilities gross income if the contributions are spent for the construction of the facilities within 2 years after receipt of the contributions.</p>
","Description adapted from <a href=""http://www.gpo.gov/fdsys/pkg/CPRT-111SPRT62799/pdf/CPRT-111SPRT62799.pdff""><em>Tax Expenditures: Compendium of Background Materials on Individual Provisions</em></a>, Congressional Research Service, December 2010, Washington, DC: U.S. Government Printing Office."
#+,,JCT,2001,<50,<50,<50,<50,,,,,,,,,,,,,,0.00,0.00,0.00,0.00,,,,,,,,,,,,,,Exclusion of contributions in aid of construction for water and sewer utilities,
#+,,JCT,2002,<50,<50,<50,<50,<50,,,,,,,,,,,,,0.00,0.00,0.00,0.00,0.00,,,,,,,,,,,,,Exclusion of contributions in aid of construction for water and sewer utilities,
#+,,JCT,2003,,<50,<50,<50,<50,<50,,,,,,,,,,,,,0.00,0.00,0.00,0.00,0.00,,,,,,,,,,,,Exclusion of contributions in aid of construction for water and sewer utilities,
#+,,JCT,2004,,,<50,<50,<50,<50,<50,,,,,,,,,,,,,0.00,0.00,0.00,0.00,0.00,,,,,,,,,,,Exclusion of contributions in aid of construction for water and sewer utilities,
#+,,JCT,2005,,,,<50,<50,<50,<50,<50,,,,,,,,,,,,,0.00,0.00,0.00,0.00,0.00,,,,,,,,,,Exclusion of contributions in aid of construction for water and sewer utilities,
#+,,JCT,2006,,,,,<50,<50,<50,<50,<50,,,,,,,,,,,,,0.00,0.00,0.00,0.00,0.00,,,,,,,,,Exclusion of contributions in aid of construction for water and sewer utilities,
#+,,JCT,2007,,,,,,<50,<50,<50,<50,<50,,,,,,,,,,,,,0.00,0.00,0.00,0.00,0.00,,,,,,,,Exclusion of contributions in aid of construction for water and sewer utilities,
#+,,JCT,2008,,,,,,,<50,<50,<50,<50,<50,,,,,,,,,,,,,0.00,0.00,0.00,0.00,0.00,,,,,,,Exclusion of contributions in aid of construction for water and sewer utilities,
#+,,JCT,2009,,,,,,,,<50,<50,<50,<50,<50,,,,,,,,,,,,,0.00,0.00,0.00,0.00,0.00,,,,,,Exclusion of contributions in aid of construction for water and sewer utilities,
#+,,JCT,2010,,,,,,,,,<50,<50,<50,<50,<50,,,,,,,,,,,,,0.00,0.00,0.00,0.00,0.00,,,,,Exclusion of contributions in aid of construction for water and sewer utilities,
#+,,JCT,2011,,,,,,,,,,<50,<50,<50,<50,<50,,,,,,,,,,,,,0.00,0.00,0.00,0.00,0.00,,,,Exclusion of contributions in aid of construction for water and sewer utilities,
#+,,JCT,2012,,,,,,,,,,,<50,<50,<50,<50,<50,,,,,,,,,,,,,0.00,0.00,0.00,0.00,0.00,,,Exclusion of contributions in aid of construction for water and sewer utilities,
#,Exclusion of earnings of certain environmental settlement funds,,,,,,,,,,,,,,,,,,,,,,,,,,,,,,,,,,,,,"<p>An environmental settlement fund will be exempt from taxation if the following conditions are satisfied: 1) it is established pursuant to a consent decree entered by a judge of a United States District Court; 2) it is created for the receipt of settlement payments as directed by a government entity for the sole purpose of resolving or satisfying one or more claims asserting liability under the Comprehensive Environmental Response, Compensation, and Liability Act of 1980; 3) the authority and control over the expenditure of funds therein (including the expenditure of contributions thereto and any net earnings thereon) is with such government entity; and 4) upon termination, any remaining funds will be disbursed to such government entity (in this case the EPA) for use in accordance with applicable law.</p>","Description adapted from <a href=""http://www.gpo.gov/fdsys/pkg/CPRT-111SPRT62799/pdf/CPRT-111SPRT62799.pdff""><em>Tax Expenditures: Compendium of Background Materials on Individual Provisions</em></a>, Congressional Research Service, December 2010, Washington, DC: U.S. Government Printing Office."
#+,,JCT,2009,,,,,,,,<50,<50,<50,<50,<50,,,,,,,,,,,,,0.00,0.00,0.00,0.00,0.00,,,,,,Tax exclusion for earnings of certain environmental settlement funds,
#+,,JCT,2010,,,,,,,,,<50,<50,<50,<50,<50,,,,,,,,,,,,,0.00,0.00,0.00,0.00,0.00,,,,,Exclusion of earnings of certain environmental settlement funds,
#+,,JCT,2011,,,,,,,,,,<50,<50,<50,<50,<50,,,,,,,,,,,,,0.00,0.00,0.00,0.00,0.00,,,,Exclusion of earnings of certain environmental settlement funds,
#+,,JCT,2012,,,,,,,,,,,<50,<50,<50,<50,<50,,,,,,,,,,,,,0.00,0.00,0.00,0.00,0.00,,,Exclusion of earnings of certain environmental settlement funds,
#,Exclusion of gain or loss on sale or exchange of certain brownfield sites,,,,,,,,,,,,,,,,,,,,,,,,,,,,,,,,,,,,,"<p>In general, a tax-exempt organization must pay taxes on income from activities unrelated to its nonprofit status. The Tax Code, however, provides a special exclusion from unrelated business taxable income of the gain or loss from the sale or exchange of certain qualifying brownfield properties. </p>","Description from <a href=""http://www.gpoaccess.gov/usbudget/fy12/pdf/BUDGET-2012-PER.pdf"">Analytical Perspectives, Budget of the U.S. Government, Fiscal Year 2012.</a>"
#+,28,Treasury,2006,,,,,0.00,0.00,0.00,,,,,,,,,,,,,,,0.00,0.00,0.00,0.00,,,,,,,,,,Exclusion of gain or loss on sale or exchange of certain brownfield sites,
#+,43,Treasury,2007,,,,,,0.00,0.00,10.00,20.00,30.00,50.00,40.00,,,,,,,,,,,0.00,0.00,0.00,10.00,10.00,20.00,20.00,,,,,,Exclusion of gain or loss on sale or exchange of certain brownfield sites,
#+,40,Treasury,2008,,,,,,,0.00,10.00,20.00,30.00,30.00,30.00,20.00,,,,,,,,,,,0.00,0.00,10.00,10.00,10.00,10.00,10.00,,,,,Exclusion of gain or loss on sale or exchange of certain brownfield sites,
#+,40,Treasury,2009,,,,,,,,10.00,20.00,30.00,30.00,30.00,20.00,20.00,,,,,,,,,,,0.00,10.00,10.00,10.00,10.00,10.00,10.00,,,,Exclusion of gain or loss on sale or exchange of certain brownfield sites,
#+,41,Treasury,2010,,,,,,,,,20.00,30.00,30.00,30.00,20.00,20.00,20.00,,,,,,,,,,,10.00,10.00,10.00,10.00,10.00,10.00,10.00,,,Exclusion of gain or loss on sale or exchange of certain brownfield sites,
#+,40,Treasury,2011,,,,,,,,,,30.00,50.00,40.00,30.00,20.00,10.00,0.00,,,,,,,,,,,10.00,20.00,20.00,10.00,10.00,0.00,0.00,,Exclusion of gain or loss on sale or exchange of certain brownfield sites,
#+,40,Treasury,2012,,,,,,,,,,,50.00,40.00,30.00,20.00,10.00,0.00,0.00,,,,,,,,,,,20.00,20.00,10.00,10.00,0.00,0.00,0.00,Exclusion of gain or loss on sale or exchange of certain brownfield sites,
#,"Exclusion of interest on bonds for water, sewage, and hazardous waste facilities",,,,,,,,,,,,,,,,,,,,,,,,,,,,,,,,,,,,,"<p>The baseline tax system generally would tax all income under the regular tax rate schedule. It would not allow preferentially low (or zero) tax rates to apply to certain types or sources of income. In contrast, the Tax Code allows interest earned on State and local bonds used to finance construction of sewage, water, or hazardous waste facilities to be exempt from tax. These bonds are generally subject to the State private-activitybond annual volume cap. </p>","Description from <a href=""http://www.gpoaccess.gov/usbudget/fy12/pdf/BUDGET-2012-PER.pdf"">Analytical Perspectives, Budget of the U.S. Government, Fiscal Year 2012.</a>"
#+,,JCT,2001,200.00,200.00,200.00,200.00,,,,,,,,,,,,,,500.00,500.00,500.00,500.00,,,,,,,,,,,,,,"Exclusion of interest on State and local government sewage, water, and hazardous waste facilities bonds",
#+,,JCT,2002,100.00,100.00,100.00,100.00,100.00,,,,,,,,,,,,,300.00,300.00,300.00,300.00,300.00,,,,,,,,,,,,,"Exclusion of interest on State and local government sewage, water, and hazardous waste facilities bonds",
#+,,JCT,2003,,200.00,200.00,200.00,200.00,200.00,,,,,,,,,,,,,400.00,400.00,400.00,400.00,400.00,,,,,,,,,,,,"Exclusion of interest on State and local government sewage, water, and hazardous waste facilities bonds",
#+,,JCT,2004,,,200.00,200.00,200.00,200.00,200.00,,,,,,,,,,,,,400.00,400.00,400.00,400.00,400.00,,,,,,,,,,,"Exclusion of interest on State and local government sewage, water, and hazardous waste facilities bonds",
#+,,JCT,2005,,,,200.00,200.00,200.00,200.00,200.00,,,,,,,,,,,,,400.00,400.00,400.00,400.00,400.00,,,,,,,,,,"Exclusion of interest on State and local government sewage, water, and hazardous waste facilities bonds",
#+,,JCT,2006,,,,,200.00,200.00,200.00,200.00,200.00,,,,,,,,,,,,,500.00,500.00,500.00,500.00,500.00,,,,,,,,,"Exclusion of interest on State and local government sewage, water, and hazardous waste facilities bonds",
#+,,JCT,2007,,,,,,200.00,200.00,200.00,200.00,200.00,,,,,,,,,,,,,500.00,500.00,600.00,600.00,600.00,,,,,,,,"Exclusion of interest on State and local government sewage, water, and hazardous waste facilities bonds",
#+,,JCT,2008,,,,,,,200.00,200.00,200.00,200.00,200.00,,,,,,,,,,,,,400.00,400.00,500.00,500.00,500.00,,,,,,,"Exclusion of interest on State and local government qualified private activity bonds for sewage, water, and hazardous waste facilities",
#+,,JCT,2009,,,,,,,,200.00,200.00,200.00,200.00,200.00,,,,,,,,,,,,,400.00,500.00,500.00,500.00,600.00,,,,,,"Exclusion of interest on State and local government qualified private activity bonds for sewage, water, and hazardous waste facilities",
#+,23,Treasury,2001,115.00,120.00,120.00,120.00,120.00,125.00,,,,,,,,,,,,345.00,350.00,355.00,360.00,360.00,365.00,,,,,,,,,,,,"Exclusion of interest on bonds for water, sewage, and hazardous waste facilities",
#+,24,Treasury,2002,100.00,100.00,100.00,120.00,130.00,140.00,150.00,,,,,,,,,,,300.00,300.00,310.00,330.00,380.00,420.00,460.00,,,,,,,,,,,"Exclusion of interest on bonds for water, sewage, and hazardous waste facilities",
#+,23,Treasury,2003,,100.00,110.00,110.00,110.00,110.00,120.00,120.00,,,,,,,,,,,300.00,310.00,330.00,370.00,420.00,460.00,510.00,,,,,,,,,,"Exclusion of interest on bonds for water, sewage, and hazardous waste facilities",
#+,23,Treasury,2004,,,110.00,110.00,120.00,120.00,120.00,130.00,130.00,,,,,,,,,,,340.00,370.00,420.00,460.00,490.00,520.00,550.00,,,,,,,,,"Exclusion of interest on bonds for water, sewage, and hazardous waste facilities",
#+,23,Treasury,2005,,,,100.00,100.00,100.00,110.00,110.00,110.00,120.00,,,,,,,,,,,350.00,390.00,430.00,460.00,480.00,520.00,530.00,,,,,,,,"Exclusion of interest on bonds for water, sewage, and hazardous waste facilities",
#+,23,Treasury,2006,,,,,110.00,110.00,110.00,120.00,120.00,120.00,130.00,,,,,,,,,,,390.00,420.00,460.00,480.00,510.00,530.00,550.00,,,,,,,"Exclusion of interest on bonds for water, sewage, and hazardous waste facilities",
#+,38,Treasury,2007,,,,,,100.00,100.00,100.00,110.00,110.00,110.00,120.00,,,,,,,,,,,350.00,380.00,400.00,440.00,470.00,490.00,500.00,,,,,,"Exclusion of interest on bonds for water, sewage, and hazardous waste facilities",
#+,35,Treasury,2008,,,,,,,120.00,140.00,140.00,150.00,150.00,160.00,160.00,,,,,,,,,,,390.00,440.00,460.00,480.00,490.00,510.00,520.00,,,,,"Exclusion of interest on bonds for water, sewage, and hazardous waste facilities",
#+,35,Treasury,2009,,,,,,,,120.00,120.00,130.00,130.00,130.00,140.00,140.00,,,,,,,,,,,250.00,270.00,280.00,290.00,300.00,300.00,310.00,,,,"Exclusion of interest on bonds for water, sewage, and hazardous waste facilities",
#+,36,Treasury,2010,,,,,,,,,70.00,120.00,130.00,130.00,140.00,140.00,140.00,,,,,,,,,,,100.00,250.00,260.00,280.00,310.00,320.00,330.00,,,"Exclusion of interest on bonds for water, sewage, and hazardous waste facilities",
#+,35,Treasury,2011,,,,,,,,,,70.00,80.00,140.00,180.00,180.00,190.00,200.00,,,,,,,,,,,270.00,230.00,280.00,340.00,370.00,390.00,410.00,,"Exclusion of interest on bonds for water, sewage, and hazardous waste facilities",
#+,36,Treasury,2012,,,,,,,,,,,150.00,130.00,180.00,220.00,230.00,230.00,240.00,,,,,,,,,,,310.00,330.00,370.00,430.00,480.00,520.00,550.00,"Exclusion of interest on bonds for water, sewage, and hazardous waste facilities",
#,Expensing of capital costs with respect to complying with EPA sulfur regulations,,,,,,,,,,,,,,,,,,,,,,,,,,,,,,,,,,,,,"<p>The baseline tax system allows the taxpayer to deduct the decline in the economic value of an investment over time. However, the Tax Code allows small refiners to deduct 75 percent of qualified capital costs incurred during the taxable year, thereby accelerating cost recovery relative to economic depreciation. </p>","Description from <a href=""http://www.gpoaccess.gov/usbudget/fy11/pdf/spec.pdf"">Analytical Perspectives, Budget of the U.S. Government, Fiscal Year 2011.</a>"
#+,27,Treasury,2006,,,,,0.00,10.00,0.00,10.00,20.00,40.00,10.00,,,,,,,,,,,0.00,0.00,0.00,0.00,0.00,0.00,0.00,,,,,,,Expensing of capital costs with respect to complying with EPA sulfur regulations,
#+,42,Treasury,2007,,,,,,10.00,10.00,10.00,30.00,50.00,30.00,0.00,,,,,,,,,,,0.00,0.00,0.00,0.00,0.00,0.00,0.00,,,,,,Expensing of capital costs with respect to complying with EPA sulfur regulations,
#+,39,Treasury,2008,,,,,,,10.00,10.00,30.00,50.00,30.00,0.00,0.00,,,,,,,,,,,0.00,0.00,0.00,0.00,0.00,0.00,0.00,,,,,Expensing of capital costs with respect to complying with EPA sulfur regulations,
#+,39,Treasury,2009,,,,,,,,10.00,30.00,50.00,30.00,,0.00,0.00,,,,,,,,,,,0.00,0.00,0.00,0.00,0.00,0.00,0.00,,,,Expensing of capital costs with respect to complying with EPA sulfur regulations,
#+,40,Treasury,2010,,,,,,,,,30.00,50.00,30.00,,0.00,0.00,0.00,,,,,,,,,,,0.00,0.00,0.00,0.00,0.00,0.00,0.00,,,Expensing of capital costs with respect to complying with EPA sulfur regulations,
#+,39,Treasury,2011,,,,,,,,,,10.00,0.00,0.00,0.00,0.00,0.00,0.00,,,,,,,,,,,,,,,,,,,Expensing of capital costs with respect to complying with EPA sulfur regulations,
#,"Expensing of exploration and development costs, nonfuel minerals",,,,,,,,,,,,,,,,,,,,,,,,,,,,,,,,,,,,,"<p>The baseline tax system allows the taxpayer to deduct the depreciation of an asset according to the decline in its economic value over time. However, certain capital outlays associated with exploration and development of nonfuel minerals may be expensed rather than depreciated over the life of the asset. </p>","Description from <a href=""http://www.gpoaccess.gov/usbudget/fy12/pdf/BUDGET-2012-PER.pdf"">Analytical Perspectives, Budget of the U.S. Government, Fiscal Year 2012.</a>"
#+,,JCT,2001,<50,<50,<50,<50,,,,,,,,,,,,,,<50,<50,<50,<50,,,,,,,,,,,,,,"Expensing of exploration and development costs, nonfuel minerals",
#+,,JCT,2002,<50,100.00,100.00,100.00,100.00,,,,,,,,,,,,,<50,<50,<50,<50,<50,,,,,,,,,,,,,"Expensing of exploration and development costs, nonfuel minerals",
#+,,JCT,2003,,<50,<50,<50,<50,<50,,,,,,,,,,,,,<50,<50,<50,<50,<50,,,,,,,,,,,,"Expensing of exploration and development costs, nonfuel minerals",
#+,,JCT,2004,,,<50,<50,<50,<50,<50,,,,,,,,,,,,,<50,<50,<50,<50,<50,,,,,,,,,,,"Expensing of exploration and development costs, nonfuel minerals",
#+,,JCT,2005,,,,<50,<50,<50,<50,<50,,,,,,,,,,,,,<50,<50,<50,<50,<50,,,,,,,,,,"Expensing of exploration and development costs, nonfuel minerals",
#+,,JCT,2006,,,,,<50,<50,<50,<50,<50,,,,,,,,,,,,,<50,<50,<50,<50,<50,,,,,,,,,"Expensing of exploration and development costs, nonfuel minerals",
#+,,JCT,2007,,,,,,<50,<50,<50,<50,<50,,,,,,,,,,,,,<50,<50,<50,<50,<50,,,,,,,,"Expensing of exploration and development costs, nonfuel minerals",
#+,,JCT,2008,,,,,,,100.00,100.00,100.00,100.00,100.00,,,,,,,,,,,,,<50,<50,<50,<50,<50,,,,,,,"Expensing of exploration and development costs, nonfuel minerals",
#+,,JCT,2009,,,,,,,,100.00,100.00,100.00,100.00,100.00,,,,,,,,,,,,,<50,<50,<50,<50,<50,,,,,,"Expensing of exploration and development costs, nonfuel minerals",
#+,,JCT,2010,,,,,,,,,100.00,100.00,100.00,100.00,100.00,,,,,,,,,,,,,<50,<50,<50,<50,<50,,,,,"Expensing of exploration and development costs, nonfuel minerals",
#+,,JCT,2011,,,,,,,,,,100.00,100.00,100.00,100.00,100.00,,,,,,,,,,,,,<50,<50,<50,<50,<50,,,,"Expensing of exploration and development costs, nonfuel minerals",
#+,,JCT,2012,,,,,,,,,,,100.00,100.00,100.00,100.00,100.00,,,,,,,,,,,,,<50,<50,<50,<50,<50,,,"Expensing of exploration and development costs, nonfuel minerals",
#+,21,Treasury,2001,10.00,15.00,15.00,15.00,15.00,15.00,,,,,,,,,,,,5.00,5.00,5.00,5.00,5.00,5.00,,,,,,,,,,,,"Expensing of exploration and development costs, nonfuel minerals",
#+,22,Treasury,2002,20.00,20.00,20.00,20.00,20.00,20.00,20.00,,,,,,,,,,,0.00,0.00,0.00,0.00,0.00,0.00,0.00,,,,,,,,,,,"Expensing of exploration and development costs, nonfuel minerals",
#+,21,Treasury,2003,,10.00,10.00,10.00,10.00,10.00,10.00,10.00,,,,,,,,,,,0.00,0.00,0.00,0.00,0.00,0.00,0.00,,,,,,,,,,"Expensing of exploration and development costs, nonfuel minerals",
#+,21,Treasury,2004,,,30.00,30.00,30.00,30.00,30.00,40.00,40.00,,,,,,,,,,,0.00,0.00,0.00,0.00,0.00,0.00,0.00,,,,,,,,,"Expensing of exploration and development costs, nonfuel minerals",
#+,21,Treasury,2005,,,,10.00,10.00,10.00,10.00,10.00,10.00,10.00,,,,,,,,,,,0.00,0.00,0.00,0.00,0.00,0.00,0.00,,,,,,,,"Expensing of exploration and development costs, nonfuel minerals",
#+,21,Treasury,2006,,,,,210.00,210.00,230.00,230.00,230.00,250.00,250.00,,,,,,,,,,,20.00,20.00,20.00,20.00,20.00,20.00,20.00,,,,,,,"Expensing of exploration and development costs, nonfuel minerals",
#+,36,Treasury,2007,,,,,,0.00,0.00,0.00,0.00,0.00,0.00,0.00,,,,,,,,,,,0.00,0.00,0.00,0.00,0.00,0.00,0.00,,,,,,"Expensing of exploration and development costs, nonfuel minerals",
#+,33,Treasury,2008,,,,,,,10.00,10.00,10.00,10.00,10.00,10.00,10.00,,,,,,,,,,,0.00,0.00,0.00,0.00,0.00,0.00,0.00,,,,,"Expensing of exploration and development costs, nonfuel minerals",
#+,33,Treasury,2009,,,,,,,,10.00,10.00,10.00,10.00,10.00,10.00,10.00,,,,,,,,,,,0.00,0.00,0.00,0.00,0.00,0.00,0.00,,,,"Expensing of exploration and development costs, nonfuel minerals",
#+,34,Treasury,2010,,,,,,,,,210.00,220.00,230.00,230.00,240.00,250.00,250.00,,,,,,,,,,,,,,,,,,,,"Expensing of exploration and development costs, nonfuel minerals",
#+,33,Treasury,2011,,,,,,,,,,50.00,90.00,90.00,100.00,100.00,100.00,100.00,,,,,,,,,,,,,,,,,,,"Expensing of exploration and development costs, nonfuel minerals",
#+,34,Treasury,2012,,,,,,,,,,,110.00,110.00,120.00,130.00,130.00,140.00,140.00,,,,,,,,,,,0.00,0.00,10.00,10.00,10.00,10.00,10.00,"Expensing of exploration and development costs, nonfuel minerals",
#,Expensing of multiperiod timber growing costs,,,,,,,,,,,,,,,,,,,,,,,,,,,,,,,,,,,,,"<p>The baseline tax system requires the taxpayer to capitalize costs associated with investment property. However, most of the production costs of growing timber may be expensed under current law rather than capitalized and deducted when the timber is sold, thereby accelerating cost recovery. </p>","Description from <a href=""http://www.gpoaccess.gov/usbudget/fy12/pdf/BUDGET-2012-PER.pdf"">Analytical Perspectives, Budget of the U.S. Government, Fiscal Year 2012.</a>"
#+,,JCT,2001,100.00,200.00,200.00,200.00,,,,,,,,,,,,,,<50,<50,<50,<50,,,,,,,,,,,,,,Expensing of multiperiod timber-growing costs,
#+,,JCT,2002,100.00,200.00,200.00,200.00,200.00,,,,,,,,,,,,,<50,<50,<50,<50,<50,,,,,,,,,,,,,Expensing of multiperiod timber-growing costs,
#+,,JCT,2003,,200.00,200.00,200.00,200.00,200.00,,,,,,,,,,,,,<50,<50,<50,<50,<50,,,,,,,,,,,,Expensing of multiperiod timber-growing costs,
#+,,JCT,2004,,,200.00,200.00,200.00,200.00,200.00,,,,,,,,,,,,,<50,<50,<50,<50,<50,,,,,,,,,,,Expensing of multiperiod timber-growing costs,
#+,,JCT,2005,,,,200.00,200.00,200.00,200.00,200.00,,,,,,,,,,,,,<50,<50,<50,<50,<50,,,,,,,,,,Expensing of multiperiod timber-growing costs,
#+,,JCT,2006,,,,,200.00,200.00,200.00,200.00,200.00,,,,,,,,,,,,,<50,<50,<50,<50,<50,,,,,,,,,Expensing of multiperiod timber-growing costs,
#+,,JCT,2007,,,,,,200.00,200.00,200.00,200.00,200.00,,,,,,,,,,,,,<50,<50,<50,<50,<50,,,,,,,,Expensing and amortization of timber-growing costs,
#+,,JCT,2008,,,,,,,200.00,200.00,200.00,200.00,200.00,,,,,,,,,,,,,<50,<50,<50,<50,<50,,,,,,,Expensing of timber-growing costs,
#+,,JCT,2009,,,,,,,,200.00,200.00,200.00,200.00,200.00,,,,,,,,,,,,,<50,<50,<50,<50,<50,,,,,,Expensing of timber-growing costs,
#+,,JCT,2010,,,,,,,,,200.00,200.00,200.00,200.00,200.00,,,,,,,,,,,,,<50,<50,<50,<50,<50,,,,,Expensing of timber-growing costs,
#+,,JCT,2011,,,,,,,,,,200.00,200.00,200.00,200.00,200.00,,,,,,,,,,,,,<50,<50,<50,<50,<50,,,,Expensing of timber-growing costs,
#+,,JCT,2012,,,,,,,,,,,700.00,200.00,200.00,200.00,200.00,,,,,,,,,,,,,<50,<50,<50,<50,<50,,,Expensing of timber-growing costs,
#+,25,Treasury,2001,310.00,330.00,350.00,365.00,375.00,390.00,,,,,,,,,,,,190.00,200.00,215.00,225.00,230.00,240.00,,,,,,,,,,,,Expensing of multiperiod timber growing costs,
#+,26,Treasury,2002,280.00,290.00,310.00,320.00,330.00,340.00,360.00,,,,,,,,,,,290.00,290.00,300.00,310.00,310.00,320.00,320.00,,,,,,,,,,,Expensing of multiperiod timber growing costs,
#+,25,Treasury,2003,,240.00,240.00,250.00,260.00,260.00,270.00,280.00,,,,,,,,,,,120.00,120.00,120.00,120.00,130.00,130.00,130.00,,,,,,,,,,Expensing of multiperiod timber growing costs,
#+,25,Treasury,2004,,,240.00,250.00,260.00,260.00,270.00,280.00,280.00,,,,,,,,,,,120.00,120.00,120.00,120.00,130.00,130.00,130.00,,,,,,,,,Expensing of multiperiod timber growing costs,
#+,25,Treasury,2005,,,,230.00,230.00,240.00,250.00,260.00,280.00,290.00,,,,,,,,,,,110.00,110.00,110.00,120.00,120.00,120.00,120.00,,,,,,,,Expensing of multiperiod timber growing costs,
#+,25,Treasury,2006,,,,,230.00,240.00,250.00,260.00,280.00,290.00,300.00,,,,,,,,,,,110.00,110.00,120.00,120.00,120.00,120.00,130.00,,,,,,,Expensing of multiperiod timber growing costs,
#+,40,Treasury,2007,,,,,,240.00,250.00,260.00,280.00,290.00,300.00,300.00,,,,,,,,,,,110.00,120.00,120.00,120.00,120.00,130.00,130.00,,,,,,Expensing of multiperiod timber growing costs,
#+,37,Treasury,2008,,,,,,,200.00,220.00,230.00,240.00,250.00,260.00,270.00,,,,,,,,,,,90.00,90.00,90.00,90.00,100.00,100.00,100.00,,,,,Expensing of multiperiod timber growing costs,
#+,37,Treasury,2009,,,,,,,,180.00,180.00,190.00,190.00,200.00,210.00,210.00,,,,,,,,,,,110.00,110.00,120.00,120.00,120.00,130.00,130.00,,,,Expensing of multiperiod timber growing costs,
#+,38,Treasury,2010,,,,,,,,,180.00,180.00,190.00,190.00,200.00,210.00,210.00,,,,,,,,,,,110.00,110.00,120.00,120.00,120.00,130.00,130.00,,,Expensing of multiperiod timber growing costs,
#+,37,Treasury,2011,,,,,,,,,,130.00,170.00,180.00,180.00,210.00,200.00,200.00,,,,,,,,,,,80.00,90.00,110.00,110.00,110.00,110.00,110.00,,Expensing of multiperiod timber growing costs,
#+,38,Treasury,2012,,,,,,,,,,,150.00,180.00,180.00,190.00,200.00,210.00,190.00,,,,,,,,,,,80.00,110.00,110.00,110.00,110.00,120.00,120.00,Expensing of multiperiod timber growing costs,
#,"Gain or loss in the case of timber, coal, or domestic iron ore",,,,,,,,,,,,,,,,,,,,,,,,,,,,,,,,,,,,,<p>A taxpayer who has held standing timber or the right to cut timber for a year (including ornamental evergreens cut after six years) may elect to treat the income from the stand or cut timber as a capital gain. Lessors of coalmining or iron ore rights who retain an economic interest in production may also treat income as a capital gain. Percentage depletion is not available to the lessor when tax rates on capital gains are lower than ordinary rates.</p>,"Description adapted from <a href=""http://www.gpo.gov/fdsys/pkg/CPRT-111SPRT62799/pdf/CPRT-111SPRT62799.pdff""><em>Tax Expenditures: Compendium of Background Materials on Individual Provisions</em></a>, Congressional Research Service, December 2010, Washington, DC: U.S. Government Printing Office."
#+,,JCT,2010,,,,,,,,,0.00,0.00,0.00,0.00,0.00,,,,,,,,,,,,,400.00,400.00,400.00,400.00,400.00,,,,,"Gain or loss in the case of timber, coal, or domestic iron ore",
#,Industrial CO2 capture and sequestration tax credit,,,,,,,,,,,,,,,,,,,,,,,,,,,,,,,,,,,,,"<p>The baseline tax system would uniformly tax all returns to investments and not allow credits for particular activities, investments, or industries. In contrast, the Tax Code allows a credit of $20 per metric ton for qualified carbon dioxide captured at a qualified facility and disposed of in secure geological storage. In addition, the provision allows a credit of $10 per metric ton of qualified carbon dioxide that is captured at a qualified facility and as a tertiary injectant in a qualified enhanced oil or natural gas recovery project. </p>","Description from <a href=""http://www.gpoaccess.gov/usbudget/fy12/pdf/BUDGET-2012-PER.pdf"">Analytical Perspectives, Budget of the U.S. Government, Fiscal Year 2012.</a>"
#+,42,Treasury,2010,,,,,,,,,0.00,0.00,0.00,40.00,130.00,240.00,290.00,,,,,,,,,,,,,,,,,,,,Industrial CO2 capture and sequestration tax credit,
#+,41,Treasury,2011,,,,,,,,,,0.00,0.00,0.00,0.00,0.00,60.00,130.00,,,,,,,,,,,,,,,,,,,Industrial CO2 capture and sequestration tax credit,
#+,41,Treasury,2012,,,,,,,,,,,20.00,30.00,30.00,40.00,80.00,130.00,170.00,,,,,,,,,,,,,,,,,,Industrial CO2 capture and sequestration tax credit,
#,Investment credit and seven-year amortization for reforestation expenditures,,,,,,,,,,,,,,,,,,,,,,,,,,,,,,,,,,,,,,
#+,,JCT,2008,,,,,,,<50,<50,<50,<50,<50,,,,,,,,,,,,,100.00,100.00,100.00,100.00,100.00,,,,,,,Amortization and expensing of reforestation expenditures,
#+,,JCT,2009,,,,,,,,<50,<50,<50,<50,<50,,,,,,,,,,,,,100.00,100.00,100.00,100.00,100.00,,,,,,Amortization and expensing of reforestation expenditures,
#+,,JCT,2010,,,,,,,,,<50,<50,<50,<50,<50,,,,,,,,,,,,,100.00,100.00,100.00,100.00,100.00,,,,,Amortization and expensing of reforestation expenditures,
#+,,JCT,2011,,,,,,,,,,100.00,100.00,100.00,100.00,100.00,,,,,,,,,,,,,<50,<50,<50,<50,<50,,,,Amortization and expensing of reforestation expenditures,
#+,,JCT,2012,,,,,,,,,,,100.00,100.00,100.00,100.00,100.00,,,,,,,,,,,,,100.00,100.00,100.00,100.00,100.00,,,Amortization and expensing of reforestation expenditures,
#+,26,Treasury,2001,0.00,0.00,0.00,0.00,0.00,0.00,,,,,,,,,,,,10.00,10.00,15.00,15.00,15.00,15.00,,,,,,,,,,,,Investment credit and seven-year amortization for reforestation expenditures,
#+,27,Treasury,2002,0.00,0.00,0.00,0.00,0.00,0.00,0.00,,,,,,,,,,,0.00,0.00,0.00,0.00,10.00,10.00,10.00,,,,,,,,,,,Investment credit and seven-year amortization for reforestation expenditures,
#,Refund of deemed tax payment for allocation of qualified forestry conservation bond limitation ,,,,,,,,,,,,,,,,,,,,,,,,,,,,,,,,,,,,,"<p>The Food, Conservation, and Energy Act of 2008 (P.L. 110-234) created qualified forestry conservation bonds (FCBs), a new type of tax credit bond. Generally, governments and non-profit entities would issue the bonds and use the bond proceeds to buy forest land. The FCBs are intended to encourage the purchase and conservation of forest land by governments and non-profit entities.</p>

<p>For purposes of the FCB program, a qualified forestry conservation purpose must meet the following qualifications: </p>
<p>(1) Some portion of the land acquired must be adjacent to United State Forest Service Land.</p>
<p>(2) At least half of the land acquired must be transferred to the United States Forest Service at no net cost to the United States and not more than half of the land acquired may either remain with or be conveyed to a State. </p>
<p>(3) All of the land must be subject to a native fish habitat conservation plan approved by the United States Fish and Wildlife Service.</p>
<p>(4) The amount of acreage acquired must be at least 40,000 acres.<p>
","Description adapted from <a href=""http://www.gpo.gov/fdsys/pkg/CPRT-111SPRT62799/pdf/CPRT-111SPRT62799.pdff""><em>Tax Expenditures: Compendium of Background Materials on Individual Provisions</em></a>, Congressional Research Service, December 2010, Washington, DC: U.S. Government Printing Office."
#+,,JCT,2011,,,,,,,,,,300.00,0.00,0.00,0.00,0.00,,,,,,,,,,,,,0.00,0.00,0.00,0.00,0.00,,,,Refund of deemed tax payment for allocation of qualified forestry conservation bond limitation ,
#,Special depreciation allowance for certain reuse and recycling property,,,,,,,,,,,,,,,,,,,,,,,,,,,,,,,,,,,,,"<p>Certain reuse and recycling property is eligible for a special depreciation allowance that allows 50% of the cost to be expensed when incurred. The remainder is depreciated based on the regular class life. To qualify, the property must be machinery and equipment, not including buildings but including software necessary to operate the equipment, used exclusively to collect, distribute, or recycle qualified reuse and recyclable materials. </p>","Description adapted from <a href=""http://www.gpo.gov/fdsys/pkg/CPRT-111SPRT62799/pdf/CPRT-111SPRT62799.pdff""><em>Tax Expenditures: Compendium of Background Materials on Individual Provisions</em></a>, Congressional Research Service, December 2010, Washington, DC: U.S. Government Printing Office."
#+,,JCT,2010,,,,,,,,,<50,<50,<50,<50,<50,,,,,,,,,,,,,<50,<50,<50,<50,<50,,,,,Special depreciation allowance for certain reuse and recycling property,
#+,,JCT,2011,,,,,,,,,,<50,<50,<50,<50,<50,,,,,,,,,,,,,<50,<50,<50,<50,<50,,,,Special depreciation allowance for certain reuse and recycling property,
#+,,JCT,2012,,,,,,,,,,,<50,<50,<50,<50,<50,,,,,,,,,,,,,<50,<50,<50,<50,<50,,,Special depreciation allowance for certain reuse and recycling property,
#,Special rules for mining reclamation reserves,,,,,,,,,,,,,,,,,,,,,,,,,,,,,,,,,,,,,"<p>Firms are generally not allowed to deduct a future expense until economic performance occurs that is, until the service they pay for is performed and the expense is actually paid. Electing taxpayers may, however, deduct the current-value equivalent of certain estimated future reclamation and closing costs for mining and solid waste disposal sites. </p>

<p>For federal income tax purposes, the amounts deducted prior to economic performance are deemed to earn interest at a specified interest rate. When the reclamation has been completed, any excess of the amounts deducted plus deemed accrued interest over the actual reclamation or closing costs is taxed as ordinary income.</p>
","Description adapted from <a href=""http://www.gpo.gov/fdsys/pkg/CPRT-111SPRT62799/pdf/CPRT-111SPRT62799.pdff""><em>Tax Expenditures: Compendium of Background Materials on Individual Provisions</em></a>, Congressional Research Service, December 2010, Washington, DC: U.S. Government Printing Office."
#+,,JCT,2001,<50,<50,<50,<50,,,,,,,,,,,,,,<50,<50,<50,<50,,,,,,,,,,,,,,Special rules for mining reclamation reserves,
#+,,JCT,2002,<50,<50,<50,<50,<50,,,,,,,,,,,,,<50,<50,<50,<50,<50,,,,,,,,,,,,,Special rules for mining reclamation reserves,
#+,,JCT,2003,,<50,<50,<50,<50,<50,,,,,,,,,,,,,<50,<50,<50,<50,<50,,,,,,,,,,,,Special rules for mining reclamation reserves,
#+,,JCT,2004,,,<50,<50,<50,<50,<50,,,,,,,,,,,,,<50,<50,<50,<50,<50,,,,,,,,,,,Special rules for mining reclamation reserves,
#+,,JCT,2005,,,,<50,<50,<50,<50,<50,,,,,,,,,,,,,<50,<50,<50,<50,<50,,,,,,,,,,Special rules for mining reclamation reserves,
#+,,JCT,2006,,,,,<50,<50,<50,<50,<50,,,,,,,,,,,,,<50,<50,<50,<50,<50,,,,,,,,,Special rules for mining reclamation reserves,
#+,,JCT,2007,,,,,,<50,<50,<50,<50,<50,,,,,,,,,,,,,<50,<50,<50,<50,<50,,,,,,,,Special rules for mining reclamation reserves,
#+,,JCT,2008,,,,,,,<50,<50,<50,<50,<50,,,,,,,,,,,,,<50,<50,<50,<50,<50,,,,,,,Special rules for mining reclamation reserves,
#+,,JCT,2009,,,,,,,,<50,<50,<50,<50,<50,,,,,,,,,,,,,<50,<50,<50,<50,<50,,,,,,Special rules for mining reclamation reserves,
#+,,JCT,2010,,,,,,,,,<50,<50,<50,<50,<50,,,,,,,,,,,,,<50,<50,<50,<50,<50,,,,,Special rules for mining reclamation reserves,
#+,,JCT,2011,,,,,,,,,,<50,<50,<50,<50,<50,,,,,,,,,,,,,<50,<50,<50,<50,<50,,,,Special rules for mining reclamation reserves,
#+,,JCT,2012,,,,,,,,,,,<50,<50,<50,<50,<50,,,,,,,,,,,,,<50,<50,<50,<50,<50,,,Special rules for mining reclamation reserves,
#,Special tax rate for nuclear decommissioning reserve funds,,,,,,,,,,,,,,,,,,,,,,,,,,,,,,,,,,,,,"<p>Taxpayers who are responsible for the costs of decommissioning nuclear power plants (e.g., utilities) can elect to create reserve funds to be used to pay for decommissioning. The funds receive special tax treatment: amounts contributed to a reserve fund are deductible in the year made and are not included in the taxpayers gross income until the year they are distributed, thus effectively postponing tax on the contributed amounts. Amounts actually spent on decommissioning are deductible in the year they are made. The funds investments, however, are subject to a 20% tax rate a lower rate than that which applies to most other corporate income. The amount that can be contributed to an account is the amount the Internal Revenue Service (IRS) determines would provide funding for the actual decommissioning costs when they occur.</p>","Description adapted from <a href=""http://www.gpo.gov/fdsys/pkg/CPRT-111SPRT62799/pdf/CPRT-111SPRT62799.pdff""><em>Tax Expenditures: Compendium of Background Materials on Individual Provisions</em></a>, Congressional Research Service, December 2010, Washington, DC: U.S. Government Printing Office."
#+,,JCT,2002,100.00,100.00,100.00,200.00,200.00,,,,,,,,,,,,,0.00,0.00,0.00,0.00,0.00,,,,,,,,,,,,,Special tax rate for nuclear decommissioning reserve fund,
#+,,JCT,2003,,100.00,200.00,200.00,200.00,200.00,,,,,,,,,,,,,0.00,0.00,0.00,0.00,0.00,,,,,,,,,,,,Special tax rate for nuclear decommissioning reserve fund,
#+,,JCT,2004,,,200.00,200.00,300.00,300.00,300.00,,,,,,,,,,,,,0.00,0.00,0.00,0.00,0.00,,,,,,,,,,,Special tax rate for nuclear decommissioning reserve fund,
#+,,JCT,2005,,,,300.00,300.00,300.00,300.00,300.00,,,,,,,,,,,,,0.00,0.00,0.00,0.00,0.00,,,,,,,,,,Special tax rate for nuclear decommissioning reserve fund,
#+,,JCT,2006,,,,,300.00,300.00,400.00,400.00,400.00,,,,,,,,,,,,,0.00,0.00,0.00,0.00,0.00,,,,,,,,,Special tax rate for nuclear decommissioning reserve fund,
#+,,JCT,2007,,,,,,400.00,500.00,600.00,700.00,800.00,,,,,,,,,,,,,0.00,0.00,0.00,0.00,0.00,,,,,,,,Special tax rate for nuclear decommissioning reserve fund,
#+,,JCT,2008,,,,,,,500.00,600.00,700.00,800.00,800.00,,,,,,,,,,,,,0.00,0.00,0.00,0.00,0.00,,,,,,,Special tax rate for nuclear decommissioning reserve funds,
#+,,JCT,2009,,,,,,,,600.00,700.00,800.00,800.00,900.00,,,,,,,,,,,,,0.00,0.00,0.00,0.00,0.00,,,,,,Special tax rate for nuclear decommissioning reserve funds,
#+,,JCT,2010,,,,,,,,,700.00,800.00,800.00,900.00,1000.00,,,,,,,,,,,,,0.00,0.00,0.00,0.00,0.00,,,,,Special tax rate for nuclear decommissioning reserve funds,
#+,,JCT,2011,,,,,,,,,,800.00,900.00,900.00,1000.00,1100.00,,,,,,,,,,,,,0.00,0.00,0.00,0.00,0.00,,,,Special tax rate for nuclear decommissioning reserve funds,
#+,,JCT,2012,,,,,,,,,,,900.00,900.00,1000.00,1100.00,1100.00,,,,,,,,,,,,,0.00,0.00,0.00,0.00,0.00,,,Special tax rate for nuclear decommissioning reserve funds,
#,Tax incentives for preservation of historic structures,,,,,,,,,,,,,,,,,,,,,,,,,,,,,,,,,,,,,"<p>The baseline tax system would not allow credits for particular activities, investments, or industries. However, expenditures to preserve and restore certified historic structures qualify for an investment tax credit of 20 percent under current law for certified rehabilitation activities. </p>","Description from <a href=""http://www.gpoaccess.gov/usbudget/fy12/pdf/BUDGET-2012-PER.pdf"">Analytical Perspectives, Budget of the U.S. Government, Fiscal Year 2012.</a>"
#+,27,Treasury,2001,180.00,195.00,205.00,215.00,230.00,240.00,,,,,,,,,,,,40.00,45.00,45.00,50.00,50.00,55.00,,,,,,,,,,,,Tax incentives for preservation of historic structures,
#+,28,Treasury,2002,170.00,180.00,190.00,200.00,210.00,220.00,230.00,,,,,,,,,,,20.00,20.00,20.00,20.00,30.00,30.00,30.00,,,,,,,,,,,Tax incentives for preservation of historic structures,
#+,26,Treasury,2003,,170.00,180.00,190.00,200.00,210.00,220.00,230.00,,,,,,,,,,,10.00,20.00,20.00,20.00,20.00,20.00,20.00,,,,,,,,,,Tax incentives for preservation of historic structures,
#+,26,Treasury,2004,,,160.00,170.00,180.00,190.00,200.00,210.00,220.00,,,,,,,,,,,40.00,40.00,50.00,50.00,50.00,50.00,60.00,,,,,,,,,Tax incentives for preservation of historic structures,
#+,26,Treasury,2005,,,,210.00,230.00,240.00,250.00,260.00,270.00,290.00,,,,,,,,,,,60.00,60.00,60.00,70.00,70.00,70.00,80.00,,,,,,,,Tax incentives for preservation of historic structures,
#+,26,Treasury,2006,,,,,230.00,240.00,250.00,260.00,270.00,290.00,300.00,,,,,,,,,,,70.00,80.00,80.00,80.00,90.00,90.00,100.00,,,,,,,Tax incentives for preservation of historic structures,
#+,41,Treasury,2007,,,,,,270.00,280.00,290.00,310.00,320.00,340.00,360.00,,,,,,,,,,,80.00,90.00,90.00,90.00,100.00,100.00,110.00,,,,,,Tax incentives for preservation of historic structures,
#+,38,Treasury,2008,,,,,,,300.00,310.00,330.00,340.00,360.00,380.00,400.00,,,,,,,,,,,90.00,90.00,100.00,100.00,110.00,110.00,120.00,,,,,Tax incentives for preservation of historic structures,
#+,38,Treasury,2009,,,,,,,,310.00,330.00,340.00,360.00,380.00,400.00,420.00,,,,,,,,,,,90.00,100.00,100.00,110.00,110.00,120.00,120.00,,,,Tax incentives for preservation of historic structures,
#+,39,Treasury,2010,,,,,,,,,380.00,390.00,410.00,430.00,460.00,480.00,500.00,,,,,,,,,,,100.00,110.00,110.00,120.00,120.00,130.00,140.00,,,Tax incentives for preservation of historic structures,
#+,38,Treasury,2011,,,,,,,,,,330.00,340.00,360.00,380.00,400.00,420.00,440.00,,,,,,,,,,,100.00,100.00,110.00,110.00,120.00,120.00,130.00,,Tax incentives for preservation of historic structures,
#+,39,Treasury,2012,,,,,,,,,,,300.00,300.00,310.00,310.00,320.00,330.00,330.00,,,,,,,,,,,90.00,90.00,90.00,100.00,100.00,100.00,100.00,Tax incentives for preservation of historic structures,
#,Treatment of income from exploration and mining of natural resources as qualifying income under the publicly-traded partnership rules,,,,,,,,,,,,,,,,,,,,,,,,,,,,,,,,,,,,,"<p>Code Sec. 7704, with a noteworthy exception, generally treats a publicly traded partnership (PTP) as a corporation for federal income tax purposes. For this purpose, a PTP is any partnership that is traded on an established securities market or secondary market.</p>

<p>A notable exception to Sec. 7704 occurs if 90 percent of the gross income of a PTP is passive-type income, such as interest, dividends, real property rents, gains from the disposition of real property, and similar income or gains. In these cases, the PTP is exempt from corporate level taxation, thus allowing it to claim pass-through status for tax purposes.</p>

<p>Qualifying income includes interest, dividends, real property rents, gain from the disposition of real property, income and gains from certain natural resource activities, gain from the disposition of a capital asset (e.g., selling stock), or certain property held for the production of income, as well as certain income and gains from commodities. In addition, income derived from the exploration, development, mining or production, processing, refining, transportation, or the marketing of any mineral or natural resource are treated as qualifying income for publicly traded partnerships.</p>
","Description adapted from <a href=""http://www.gpo.gov/fdsys/pkg/CPRT-111SPRT62799/pdf/CPRT-111SPRT62799.pdff""><em>Tax Expenditures: Compendium of Background Materials on Individual Provisions</em></a>, Congressional Research Service, December 2010, Washington, DC: U.S. Government Printing Office."
#+,,JCT,2010,,,,,,,,,0.00,0.00,0.00,0.00,0.00,,,,,,,,,,,,,<50,<50,<50,<50,<50,,,,,Treatment of income from exploration and mining of natural resources as qualifying income under the publicly-traded partnership rules,
#+,,JCT,2011,,,,,,,,,,0.00,0.00,0.00,0.00,0.00,,,,,,,,,,,,,<50,<50,<50,<50,<50,,,,Treatment of income from exploration and mining of natural resources as qualifying income under the publicly-traded partnership rules,"Estimate includes refundability associated with the outlay effects found on page 46 of the JCT FY2011 <a href=""http://www.jct.gov/publications.html?func=startdown&id=3642""><em>Estimates of Federal Tax Expenditures</em>.</a> "
#+,,JCT,2012,,,,,,,,,,,0.00,0.00,0.00,0.00,0.00,,,,,,,,,,,,,<50,<50,<50,<50,<50,,,Treatment of income from exploration and mining of natural resources as qualifying income under the publicly-traded partnership rules,
